id,kind,text,repr,byte_len,char_len,byte_hex,left_id,right_id,flags,categories,decode_ok,decode_error
0,special,<pad>,'<pad>',0,5,,,,,special,True,
1,special,<unk>,'<unk>',0,5,,,,,special,True,
2,special,<bos>,'<bos>',0,5,,,,,special,True,
3,special,<eos>,'<eos>',0,5,,,,,special,True,
4,byte,\u0000,'\x00',1,1,00,,,control_char,control,True,
5,byte,\u0001,'\x01',1,1,01,,,control_char,control,True,
6,byte,\u0002,'\x02',1,1,02,,,control_char,control,True,
7,byte,\u0003,'\x03',1,1,03,,,control_char,control,True,
8,byte,\u0004,'\x04',1,1,04,,,control_char,control,True,
9,byte,\u0005,'\x05',1,1,05,,,control_char,control,True,
10,byte,\u0006,'\x06',1,1,06,,,control_char,control,True,
11,byte,\u0007,'\x07',1,1,07,,,control_char,control,True,
12,byte,\b,'\x08',1,1,08,,,control_char,control,True,
13,byte,\t,'\t',1,1,09,,,contains_whitespace;control_char,control;whitespace,True,
14,byte,\n,'\n',1,1,0a,,,contains_whitespace;control_char,control;whitespace,True,
15,byte,\u000b,'\x0b',1,1,0b,,,contains_whitespace;control_char,control;whitespace,True,
16,byte,\f,'\x0c',1,1,0c,,,contains_whitespace;control_char,control;whitespace,True,
17,byte,\r,'\r',1,1,0d,,,contains_whitespace;control_char,control;whitespace,True,
18,byte,\u000e,'\x0e',1,1,0e,,,control_char,control,True,
19,byte,\u000f,'\x0f',1,1,0f,,,control_char,control,True,
20,byte,\u0010,'\x10',1,1,10,,,control_char,control,True,
21,byte,\u0011,'\x11',1,1,11,,,control_char,control,True,
22,byte,\u0012,'\x12',1,1,12,,,control_char,control,True,
23,byte,\u0013,'\x13',1,1,13,,,control_char,control,True,
24,byte,\u0014,'\x14',1,1,14,,,control_char,control,True,
25,byte,\u0015,'\x15',1,1,15,,,control_char,control,True,
26,byte,\u0016,'\x16',1,1,16,,,control_char,control,True,
27,byte,\u0017,'\x17',1,1,17,,,control_char,control,True,
28,byte,\u0018,'\x18',1,1,18,,,control_char,control,True,
29,byte,\u0019,'\x19',1,1,19,,,control_char,control,True,
30,byte,\u001a,'\x1a',1,1,1a,,,control_char,control,True,
31,byte,\u001b,'\x1b',1,1,1b,,,control_char,control,True,
32,byte,\u001c,'\x1c',1,1,1c,,,contains_whitespace;control_char,control;whitespace,True,
33,byte,\u001d,'\x1d',1,1,1d,,,contains_whitespace;control_char,control;whitespace,True,
34,byte,\u001e,'\x1e',1,1,1e,,,contains_whitespace;control_char,control;whitespace,True,
35,byte,\u001f,'\x1f',1,1,1f,,,contains_whitespace;control_char,control;whitespace,True,
36,byte, ,' ',1,1,20,,,contains_whitespace,whitespace,True,
37,byte,!,'!',1,1,21,,,,punct_symbol,True,
38,byte,"\""","'""'",1,1,22,,,,punct_symbol,True,
39,byte,#,'#',1,1,23,,,,punct_symbol,True,
40,byte,$,'$',1,1,24,,,,punct_symbol,True,
41,byte,%,'%',1,1,25,,,,punct_symbol,True,
42,byte,&,'&',1,1,26,,,,punct_symbol,True,
43,byte,',"""'""",1,1,27,,,,punct_symbol,True,
44,byte,(,'(',1,1,28,,,,punct_symbol,True,
45,byte,),')',1,1,29,,,,punct_symbol,True,
46,byte,*,'*',1,1,2a,,,,punct_symbol,True,
47,byte,+,'+',1,1,2b,,,,punct_symbol,True,
48,byte,",","','",1,1,2c,,,,punct_symbol,True,
49,byte,-,'-',1,1,2d,,,,punct_symbol,True,
50,byte,.,'.',1,1,2e,,,,punct_symbol,True,
51,byte,/,'/',1,1,2f,,,,punct_symbol,True,
52,byte,0,'0',1,1,30,,,,digit,True,
53,byte,1,'1',1,1,31,,,,digit,True,
54,byte,2,'2',1,1,32,,,,digit,True,
55,byte,3,'3',1,1,33,,,,digit,True,
56,byte,4,'4',1,1,34,,,,digit,True,
57,byte,5,'5',1,1,35,,,,digit,True,
58,byte,6,'6',1,1,36,,,,digit,True,
59,byte,7,'7',1,1,37,,,,digit,True,
60,byte,8,'8',1,1,38,,,,digit,True,
61,byte,9,'9',1,1,39,,,,digit,True,
62,byte,:,':',1,1,3a,,,,punct_symbol,True,
63,byte,;,';',1,1,3b,,,,punct_symbol,True,
64,byte,<,'<',1,1,3c,,,,punct_symbol,True,
65,byte,=,'=',1,1,3d,,,,punct_symbol,True,
66,byte,>,'>',1,1,3e,,,,punct_symbol,True,
67,byte,?,'?',1,1,3f,,,,punct_symbol,True,
68,byte,@,'@',1,1,40,,,,punct_symbol,True,
69,byte,A,'A',1,1,41,,,,english,True,
70,byte,B,'B',1,1,42,,,,english,True,
71,byte,C,'C',1,1,43,,,,english,True,
72,byte,D,'D',1,1,44,,,,english,True,
73,byte,E,'E',1,1,45,,,,english,True,
74,byte,F,'F',1,1,46,,,,english,True,
75,byte,G,'G',1,1,47,,,,english,True,
76,byte,H,'H',1,1,48,,,,english,True,
77,byte,I,'I',1,1,49,,,,english,True,
78,byte,J,'J',1,1,4a,,,,english,True,
79,byte,K,'K',1,1,4b,,,,english,True,
80,byte,L,'L',1,1,4c,,,,english,True,
81,byte,M,'M',1,1,4d,,,,english,True,
82,byte,N,'N',1,1,4e,,,,english,True,
83,byte,O,'O',1,1,4f,,,,english,True,
84,byte,P,'P',1,1,50,,,,english,True,
85,byte,Q,'Q',1,1,51,,,,english,True,
86,byte,R,'R',1,1,52,,,,english,True,
87,byte,S,'S',1,1,53,,,,english,True,
88,byte,T,'T',1,1,54,,,,english,True,
89,byte,U,'U',1,1,55,,,,english,True,
90,byte,V,'V',1,1,56,,,,english,True,
91,byte,W,'W',1,1,57,,,,english,True,
92,byte,X,'X',1,1,58,,,,english,True,
93,byte,Y,'Y',1,1,59,,,,english,True,
94,byte,Z,'Z',1,1,5a,,,,english,True,
95,byte,[,'[',1,1,5b,,,,punct_symbol,True,
96,byte,\\,'\\',1,1,5c,,,,punct_symbol,True,
97,byte,],']',1,1,5d,,,,punct_symbol,True,
98,byte,^,'^',1,1,5e,,,,punct_symbol,True,
99,byte,_,'_',1,1,5f,,,,punct_symbol,True,
100,byte,`,'`',1,1,60,,,,punct_symbol,True,
101,byte,a,'a',1,1,61,,,,english,True,
102,byte,b,'b',1,1,62,,,,english,True,
103,byte,c,'c',1,1,63,,,,english,True,
104,byte,d,'d',1,1,64,,,,english,True,
105,byte,e,'e',1,1,65,,,,english,True,
106,byte,f,'f',1,1,66,,,,english,True,
107,byte,g,'g',1,1,67,,,,english,True,
108,byte,h,'h',1,1,68,,,,english,True,
109,byte,i,'i',1,1,69,,,,english,True,
110,byte,j,'j',1,1,6a,,,,english,True,
111,byte,k,'k',1,1,6b,,,,english,True,
112,byte,l,'l',1,1,6c,,,,english,True,
113,byte,m,'m',1,1,6d,,,,english,True,
114,byte,n,'n',1,1,6e,,,,english,True,
115,byte,o,'o',1,1,6f,,,,english,True,
116,byte,p,'p',1,1,70,,,,english,True,
117,byte,q,'q',1,1,71,,,,english,True,
118,byte,r,'r',1,1,72,,,,english,True,
119,byte,s,'s',1,1,73,,,,english,True,
120,byte,t,'t',1,1,74,,,,english,True,
121,byte,u,'u',1,1,75,,,,english,True,
122,byte,v,'v',1,1,76,,,,english,True,
123,byte,w,'w',1,1,77,,,,english,True,
124,byte,x,'x',1,1,78,,,,english,True,
125,byte,y,'y',1,1,79,,,,english,True,
126,byte,z,'z',1,1,7a,,,,english,True,
127,byte,{,'{',1,1,7b,,,,punct_symbol,True,
128,byte,|,'|',1,1,7c,,,,punct_symbol,True,
129,byte,},'}',1,1,7d,,,,punct_symbol,True,
130,byte,~,'~',1,1,7e,,,,punct_symbol,True,
131,byte,,'\x7f',1,1,7f,,,control_char,control,True,
132,byte,,b'\x80',1,0,80,,,invalid_utf8,invalid_utf8,False,'utf-8' codec can't decode byte 0x80 in position 0: invalid start byte
133,byte,,b'\x81',1,0,81,,,invalid_utf8,invalid_utf8,False,'utf-8' codec can't decode byte 0x81 in position 0: invalid start byte
134,byte,,b'\x82',1,0,82,,,invalid_utf8,invalid_utf8,False,'utf-8' codec can't decode byte 0x82 in position 0: invalid start byte
135,byte,,b'\x83',1,0,83,,,invalid_utf8,invalid_utf8,False,'utf-8' codec can't decode byte 0x83 in position 0: invalid start byte
136,byte,,b'\x84',1,0,84,,,invalid_utf8,invalid_utf8,False,'utf-8' codec can't decode byte 0x84 in position 0: invalid start byte
137,byte,,b'\x85',1,0,85,,,invalid_utf8,invalid_utf8,False,'utf-8' codec can't decode byte 0x85 in position 0: invalid start byte
138,byte,,b'\x86',1,0,86,,,invalid_utf8,invalid_utf8,False,'utf-8' codec can't decode byte 0x86 in position 0: invalid start byte
139,byte,,b'\x87',1,0,87,,,invalid_utf8,invalid_utf8,False,'utf-8' codec can't decode byte 0x87 in position 0: invalid start byte
140,byte,,b'\x88',1,0,88,,,invalid_utf8,invalid_utf8,False,'utf-8' codec can't decode byte 0x88 in position 0: invalid start byte
141,byte,,b'\x89',1,0,89,,,invalid_utf8,invalid_utf8,False,'utf-8' codec can't decode byte 0x89 in position 0: invalid start byte
142,byte,,b'\x8a',1,0,8a,,,invalid_utf8,invalid_utf8,False,'utf-8' codec can't decode byte 0x8a in position 0: invalid start byte
143,byte,,b'\x8b',1,0,8b,,,invalid_utf8,invalid_utf8,False,'utf-8' codec can't decode byte 0x8b in position 0: invalid start byte
144,byte,,b'\x8c',1,0,8c,,,invalid_utf8,invalid_utf8,False,'utf-8' codec can't decode byte 0x8c in position 0: invalid start byte
145,byte,,b'\x8d',1,0,8d,,,invalid_utf8,invalid_utf8,False,'utf-8' codec can't decode byte 0x8d in position 0: invalid start byte
146,byte,,b'\x8e',1,0,8e,,,invalid_utf8,invalid_utf8,False,'utf-8' codec can't decode byte 0x8e in position 0: invalid start byte
147,byte,,b'\x8f',1,0,8f,,,invalid_utf8,invalid_utf8,False,'utf-8' codec can't decode byte 0x8f in position 0: invalid start byte
148,byte,,b'\x90',1,0,90,,,invalid_utf8,invalid_utf8,False,'utf-8' codec can't decode byte 0x90 in position 0: invalid start byte
149,byte,,b'\x91',1,0,91,,,invalid_utf8,invalid_utf8,False,'utf-8' codec can't decode byte 0x91 in position 0: invalid start byte
150,byte,,b'\x92',1,0,92,,,invalid_utf8,invalid_utf8,False,'utf-8' codec can't decode byte 0x92 in position 0: invalid start byte
151,byte,,b'\x93',1,0,93,,,invalid_utf8,invalid_utf8,False,'utf-8' codec can't decode byte 0x93 in position 0: invalid start byte
152,byte,,b'\x94',1,0,94,,,invalid_utf8,invalid_utf8,False,'utf-8' codec can't decode byte 0x94 in position 0: invalid start byte
153,byte,,b'\x95',1,0,95,,,invalid_utf8,invalid_utf8,False,'utf-8' codec can't decode byte 0x95 in position 0: invalid start byte
154,byte,,b'\x96',1,0,96,,,invalid_utf8,invalid_utf8,False,'utf-8' codec can't decode byte 0x96 in position 0: invalid start byte
155,byte,,b'\x97',1,0,97,,,invalid_utf8,invalid_utf8,False,'utf-8' codec can't decode byte 0x97 in position 0: invalid start byte
156,byte,,b'\x98',1,0,98,,,invalid_utf8,invalid_utf8,False,'utf-8' codec can't decode byte 0x98 in position 0: invalid start byte
157,byte,,b'\x99',1,0,99,,,invalid_utf8,invalid_utf8,False,'utf-8' codec can't decode byte 0x99 in position 0: invalid start byte
158,byte,,b'\x9a',1,0,9a,,,invalid_utf8,invalid_utf8,False,'utf-8' codec can't decode byte 0x9a in position 0: invalid start byte
159,byte,,b'\x9b',1,0,9b,,,invalid_utf8,invalid_utf8,False,'utf-8' codec can't decode byte 0x9b in position 0: invalid start byte
160,byte,,b'\x9c',1,0,9c,,,invalid_utf8,invalid_utf8,False,'utf-8' codec can't decode byte 0x9c in position 0: invalid start byte
161,byte,,b'\x9d',1,0,9d,,,invalid_utf8,invalid_utf8,False,'utf-8' codec can't decode byte 0x9d in position 0: invalid start byte
162,byte,,b'\x9e',1,0,9e,,,invalid_utf8,invalid_utf8,False,'utf-8' codec can't decode byte 0x9e in position 0: invalid start byte
163,byte,,b'\x9f',1,0,9f,,,invalid_utf8,invalid_utf8,False,'utf-8' codec can't decode byte 0x9f in position 0: invalid start byte
164,byte,,b'\xa0',1,0,a0,,,invalid_utf8,invalid_utf8,False,'utf-8' codec can't decode byte 0xa0 in position 0: invalid start byte
165,byte,,b'\xa1',1,0,a1,,,invalid_utf8,invalid_utf8,False,'utf-8' codec can't decode byte 0xa1 in position 0: invalid start byte
166,byte,,b'\xa2',1,0,a2,,,invalid_utf8,invalid_utf8,False,'utf-8' codec can't decode byte 0xa2 in position 0: invalid start byte
167,byte,,b'\xa3',1,0,a3,,,invalid_utf8,invalid_utf8,False,'utf-8' codec can't decode byte 0xa3 in position 0: invalid start byte
168,byte,,b'\xa4',1,0,a4,,,invalid_utf8,invalid_utf8,False,'utf-8' codec can't decode byte 0xa4 in position 0: invalid start byte
169,byte,,b'\xa5',1,0,a5,,,invalid_utf8,invalid_utf8,False,'utf-8' codec can't decode byte 0xa5 in position 0: invalid start byte
170,byte,,b'\xa6',1,0,a6,,,invalid_utf8,invalid_utf8,False,'utf-8' codec can't decode byte 0xa6 in position 0: invalid start byte
171,byte,,b'\xa7',1,0,a7,,,invalid_utf8,invalid_utf8,False,'utf-8' codec can't decode byte 0xa7 in position 0: invalid start byte
172,byte,,b'\xa8',1,0,a8,,,invalid_utf8,invalid_utf8,False,'utf-8' codec can't decode byte 0xa8 in position 0: invalid start byte
173,byte,,b'\xa9',1,0,a9,,,invalid_utf8,invalid_utf8,False,'utf-8' codec can't decode byte 0xa9 in position 0: invalid start byte
174,byte,,b'\xaa',1,0,aa,,,invalid_utf8,invalid_utf8,False,'utf-8' codec can't decode byte 0xaa in position 0: invalid start byte
175,byte,,b'\xab',1,0,ab,,,invalid_utf8,invalid_utf8,False,'utf-8' codec can't decode byte 0xab in position 0: invalid start byte
176,byte,,b'\xac',1,0,ac,,,invalid_utf8,invalid_utf8,False,'utf-8' codec can't decode byte 0xac in position 0: invalid start byte
177,byte,,b'\xad',1,0,ad,,,invalid_utf8,invalid_utf8,False,'utf-8' codec can't decode byte 0xad in position 0: invalid start byte
178,byte,,b'\xae',1,0,ae,,,invalid_utf8,invalid_utf8,False,'utf-8' codec can't decode byte 0xae in position 0: invalid start byte
179,byte,,b'\xaf',1,0,af,,,invalid_utf8,invalid_utf8,False,'utf-8' codec can't decode byte 0xaf in position 0: invalid start byte
180,byte,,b'\xb0',1,0,b0,,,invalid_utf8,invalid_utf8,False,'utf-8' codec can't decode byte 0xb0 in position 0: invalid start byte
181,byte,,b'\xb1',1,0,b1,,,invalid_utf8,invalid_utf8,False,'utf-8' codec can't decode byte 0xb1 in position 0: invalid start byte
182,byte,,b'\xb2',1,0,b2,,,invalid_utf8,invalid_utf8,False,'utf-8' codec can't decode byte 0xb2 in position 0: invalid start byte
183,byte,,b'\xb3',1,0,b3,,,invalid_utf8,invalid_utf8,False,'utf-8' codec can't decode byte 0xb3 in position 0: invalid start byte
184,byte,,b'\xb4',1,0,b4,,,invalid_utf8,invalid_utf8,False,'utf-8' codec can't decode byte 0xb4 in position 0: invalid start byte
185,byte,,b'\xb5',1,0,b5,,,invalid_utf8,invalid_utf8,False,'utf-8' codec can't decode byte 0xb5 in position 0: invalid start byte
186,byte,,b'\xb6',1,0,b6,,,invalid_utf8,invalid_utf8,False,'utf-8' codec can't decode byte 0xb6 in position 0: invalid start byte
187,byte,,b'\xb7',1,0,b7,,,invalid_utf8,invalid_utf8,False,'utf-8' codec can't decode byte 0xb7 in position 0: invalid start byte
188,byte,,b'\xb8',1,0,b8,,,invalid_utf8,invalid_utf8,False,'utf-8' codec can't decode byte 0xb8 in position 0: invalid start byte
189,byte,,b'\xb9',1,0,b9,,,invalid_utf8,invalid_utf8,False,'utf-8' codec can't decode byte 0xb9 in position 0: invalid start byte
190,byte,,b'\xba',1,0,ba,,,invalid_utf8,invalid_utf8,False,'utf-8' codec can't decode byte 0xba in position 0: invalid start byte
191,byte,,b'\xbb',1,0,bb,,,invalid_utf8,invalid_utf8,False,'utf-8' codec can't decode byte 0xbb in position 0: invalid start byte
192,byte,,b'\xbc',1,0,bc,,,invalid_utf8,invalid_utf8,False,'utf-8' codec can't decode byte 0xbc in position 0: invalid start byte
193,byte,,b'\xbd',1,0,bd,,,invalid_utf8,invalid_utf8,False,'utf-8' codec can't decode byte 0xbd in position 0: invalid start byte
194,byte,,b'\xbe',1,0,be,,,invalid_utf8,invalid_utf8,False,'utf-8' codec can't decode byte 0xbe in position 0: invalid start byte
195,byte,,b'\xbf',1,0,bf,,,invalid_utf8,invalid_utf8,False,'utf-8' codec can't decode byte 0xbf in position 0: invalid start byte
196,byte,,b'\xc0',1,0,c0,,,invalid_utf8,invalid_utf8,False,'utf-8' codec can't decode byte 0xc0 in position 0: invalid start byte
197,byte,,b'\xc1',1,0,c1,,,invalid_utf8,invalid_utf8,False,'utf-8' codec can't decode byte 0xc1 in position 0: invalid start byte
198,byte,,b'\xc2',1,0,c2,,,invalid_utf8,invalid_utf8,False,'utf-8' codec can't decode byte 0xc2 in position 0: unexpected end of data
199,byte,,b'\xc3',1,0,c3,,,invalid_utf8,invalid_utf8,False,'utf-8' codec can't decode byte 0xc3 in position 0: unexpected end of data
200,byte,,b'\xc4',1,0,c4,,,invalid_utf8,invalid_utf8,False,'utf-8' codec can't decode byte 0xc4 in position 0: unexpected end of data
201,byte,,b'\xc5',1,0,c5,,,invalid_utf8,invalid_utf8,False,'utf-8' codec can't decode byte 0xc5 in position 0: unexpected end of data
202,byte,,b'\xc6',1,0,c6,,,invalid_utf8,invalid_utf8,False,'utf-8' codec can't decode byte 0xc6 in position 0: unexpected end of data
203,byte,,b'\xc7',1,0,c7,,,invalid_utf8,invalid_utf8,False,'utf-8' codec can't decode byte 0xc7 in position 0: unexpected end of data
204,byte,,b'\xc8',1,0,c8,,,invalid_utf8,invalid_utf8,False,'utf-8' codec can't decode byte 0xc8 in position 0: unexpected end of data
205,byte,,b'\xc9',1,0,c9,,,invalid_utf8,invalid_utf8,False,'utf-8' codec can't decode byte 0xc9 in position 0: unexpected end of data
206,byte,,b'\xca',1,0,ca,,,invalid_utf8,invalid_utf8,False,'utf-8' codec can't decode byte 0xca in position 0: unexpected end of data
207,byte,,b'\xcb',1,0,cb,,,invalid_utf8,invalid_utf8,False,'utf-8' codec can't decode byte 0xcb in position 0: unexpected end of data
208,byte,,b'\xcc',1,0,cc,,,invalid_utf8,invalid_utf8,False,'utf-8' codec can't decode byte 0xcc in position 0: unexpected end of data
209,byte,,b'\xcd',1,0,cd,,,invalid_utf8,invalid_utf8,False,'utf-8' codec can't decode byte 0xcd in position 0: unexpected end of data
210,byte,,b'\xce',1,0,ce,,,invalid_utf8,invalid_utf8,False,'utf-8' codec can't decode byte 0xce in position 0: unexpected end of data
211,byte,,b'\xcf',1,0,cf,,,invalid_utf8,invalid_utf8,False,'utf-8' codec can't decode byte 0xcf in position 0: unexpected end of data
212,byte,,b'\xd0',1,0,d0,,,invalid_utf8,invalid_utf8,False,'utf-8' codec can't decode byte 0xd0 in position 0: unexpected end of data
213,byte,,b'\xd1',1,0,d1,,,invalid_utf8,invalid_utf8,False,'utf-8' codec can't decode byte 0xd1 in position 0: unexpected end of data
214,byte,,b'\xd2',1,0,d2,,,invalid_utf8,invalid_utf8,False,'utf-8' codec can't decode byte 0xd2 in position 0: unexpected end of data
215,byte,,b'\xd3',1,0,d3,,,invalid_utf8,invalid_utf8,False,'utf-8' codec can't decode byte 0xd3 in position 0: unexpected end of data
216,byte,,b'\xd4',1,0,d4,,,invalid_utf8,invalid_utf8,False,'utf-8' codec can't decode byte 0xd4 in position 0: unexpected end of data
217,byte,,b'\xd5',1,0,d5,,,invalid_utf8,invalid_utf8,False,'utf-8' codec can't decode byte 0xd5 in position 0: unexpected end of data
218,byte,,b'\xd6',1,0,d6,,,invalid_utf8,invalid_utf8,False,'utf-8' codec can't decode byte 0xd6 in position 0: unexpected end of data
219,byte,,b'\xd7',1,0,d7,,,invalid_utf8,invalid_utf8,False,'utf-8' codec can't decode byte 0xd7 in position 0: unexpected end of data
220,byte,,b'\xd8',1,0,d8,,,invalid_utf8,invalid_utf8,False,'utf-8' codec can't decode byte 0xd8 in position 0: unexpected end of data
221,byte,,b'\xd9',1,0,d9,,,invalid_utf8,invalid_utf8,False,'utf-8' codec can't decode byte 0xd9 in position 0: unexpected end of data
222,byte,,b'\xda',1,0,da,,,invalid_utf8,invalid_utf8,False,'utf-8' codec can't decode byte 0xda in position 0: unexpected end of data
223,byte,,b'\xdb',1,0,db,,,invalid_utf8,invalid_utf8,False,'utf-8' codec can't decode byte 0xdb in position 0: unexpected end of data
224,byte,,b'\xdc',1,0,dc,,,invalid_utf8,invalid_utf8,False,'utf-8' codec can't decode byte 0xdc in position 0: unexpected end of data
225,byte,,b'\xdd',1,0,dd,,,invalid_utf8,invalid_utf8,False,'utf-8' codec can't decode byte 0xdd in position 0: unexpected end of data
226,byte,,b'\xde',1,0,de,,,invalid_utf8,invalid_utf8,False,'utf-8' codec can't decode byte 0xde in position 0: unexpected end of data
227,byte,,b'\xdf',1,0,df,,,invalid_utf8,invalid_utf8,False,'utf-8' codec can't decode byte 0xdf in position 0: unexpected end of data
228,byte,,b'\xe0',1,0,e0,,,invalid_utf8,invalid_utf8,False,'utf-8' codec can't decode byte 0xe0 in position 0: unexpected end of data
229,byte,,b'\xe1',1,0,e1,,,invalid_utf8,invalid_utf8,False,'utf-8' codec can't decode byte 0xe1 in position 0: unexpected end of data
230,byte,,b'\xe2',1,0,e2,,,invalid_utf8,invalid_utf8,False,'utf-8' codec can't decode byte 0xe2 in position 0: unexpected end of data
231,byte,,b'\xe3',1,0,e3,,,invalid_utf8,invalid_utf8,False,'utf-8' codec can't decode byte 0xe3 in position 0: unexpected end of data
232,byte,,b'\xe4',1,0,e4,,,invalid_utf8,invalid_utf8,False,'utf-8' codec can't decode byte 0xe4 in position 0: unexpected end of data
233,byte,,b'\xe5',1,0,e5,,,invalid_utf8,invalid_utf8,False,'utf-8' codec can't decode byte 0xe5 in position 0: unexpected end of data
234,byte,,b'\xe6',1,0,e6,,,invalid_utf8,invalid_utf8,False,'utf-8' codec can't decode byte 0xe6 in position 0: unexpected end of data
235,byte,,b'\xe7',1,0,e7,,,invalid_utf8,invalid_utf8,False,'utf-8' codec can't decode byte 0xe7 in position 0: unexpected end of data
236,byte,,b'\xe8',1,0,e8,,,invalid_utf8,invalid_utf8,False,'utf-8' codec can't decode byte 0xe8 in position 0: unexpected end of data
237,byte,,b'\xe9',1,0,e9,,,invalid_utf8,invalid_utf8,False,'utf-8' codec can't decode byte 0xe9 in position 0: unexpected end of data
238,byte,,b'\xea',1,0,ea,,,invalid_utf8,invalid_utf8,False,'utf-8' codec can't decode byte 0xea in position 0: unexpected end of data
239,byte,,b'\xeb',1,0,eb,,,invalid_utf8,invalid_utf8,False,'utf-8' codec can't decode byte 0xeb in position 0: unexpected end of data
240,byte,,b'\xec',1,0,ec,,,invalid_utf8,invalid_utf8,False,'utf-8' codec can't decode byte 0xec in position 0: unexpected end of data
241,byte,,b'\xed',1,0,ed,,,invalid_utf8,invalid_utf8,False,'utf-8' codec can't decode byte 0xed in position 0: unexpected end of data
242,byte,,b'\xee',1,0,ee,,,invalid_utf8,invalid_utf8,False,'utf-8' codec can't decode byte 0xee in position 0: unexpected end of data
243,byte,,b'\xef',1,0,ef,,,invalid_utf8,invalid_utf8,False,'utf-8' codec can't decode byte 0xef in position 0: unexpected end of data
244,byte,,b'\xf0',1,0,f0,,,invalid_utf8,invalid_utf8,False,'utf-8' codec can't decode byte 0xf0 in position 0: unexpected end of data
245,byte,,b'\xf1',1,0,f1,,,invalid_utf8,invalid_utf8,False,'utf-8' codec can't decode byte 0xf1 in position 0: unexpected end of data
246,byte,,b'\xf2',1,0,f2,,,invalid_utf8,invalid_utf8,False,'utf-8' codec can't decode byte 0xf2 in position 0: unexpected end of data
247,byte,,b'\xf3',1,0,f3,,,invalid_utf8,invalid_utf8,False,'utf-8' codec can't decode byte 0xf3 in position 0: unexpected end of data
248,byte,,b'\xf4',1,0,f4,,,invalid_utf8,invalid_utf8,False,'utf-8' codec can't decode byte 0xf4 in position 0: unexpected end of data
249,byte,,b'\xf5',1,0,f5,,,invalid_utf8,invalid_utf8,False,'utf-8' codec can't decode byte 0xf5 in position 0: invalid start byte
250,byte,,b'\xf6',1,0,f6,,,invalid_utf8,invalid_utf8,False,'utf-8' codec can't decode byte 0xf6 in position 0: invalid start byte
251,byte,,b'\xf7',1,0,f7,,,invalid_utf8,invalid_utf8,False,'utf-8' codec can't decode byte 0xf7 in position 0: invalid start byte
252,byte,,b'\xf8',1,0,f8,,,invalid_utf8,invalid_utf8,False,'utf-8' codec can't decode byte 0xf8 in position 0: invalid start byte
253,byte,,b'\xf9',1,0,f9,,,invalid_utf8,invalid_utf8,False,'utf-8' codec can't decode byte 0xf9 in position 0: invalid start byte
254,byte,,b'\xfa',1,0,fa,,,invalid_utf8,invalid_utf8,False,'utf-8' codec can't decode byte 0xfa in position 0: invalid start byte
255,byte,,b'\xfb',1,0,fb,,,invalid_utf8,invalid_utf8,False,'utf-8' codec can't decode byte 0xfb in position 0: invalid start byte
256,byte,,b'\xfc',1,0,fc,,,invalid_utf8,invalid_utf8,False,'utf-8' codec can't decode byte 0xfc in position 0: invalid start byte
257,byte,,b'\xfd',1,0,fd,,,invalid_utf8,invalid_utf8,False,'utf-8' codec can't decode byte 0xfd in position 0: invalid start byte
258,byte,,b'\xfe',1,0,fe,,,invalid_utf8,invalid_utf8,False,'utf-8' codec can't decode byte 0xfe in position 0: invalid start byte
259,byte,,b'\xff',1,0,ff,,,invalid_utf8,invalid_utf8,False,'utf-8' codec can't decode byte 0xff in position 0: invalid start byte
260,merge,,b' \xec',2,0,20 ec,36,240,invalid_utf8,invalid_utf8,False,'utf-8' codec can't decode byte 0xec in position 1: unexpected end of data
261,merge,,b' \xeb',2,0,20 eb,36,239,invalid_utf8,invalid_utf8,False,'utf-8' codec can't decode byte 0xeb in position 1: unexpected end of data
262,merge,,b'\xec\x9d',2,0,ec 9d,240,161,invalid_utf8,invalid_utf8,False,'utf-8' codec can't decode bytes in position 0-1: unexpected end of data
263,merge,,b'\xeb\x8b',2,0,eb 8b,239,143,invalid_utf8,invalid_utf8,False,'utf-8' codec can't decode bytes in position 0-1: unexpected end of data
264,merge,,b'\xed\x95',2,0,ed 95,241,153,invalid_utf8,invalid_utf8,False,'utf-8' codec can't decode bytes in position 0-1: unexpected end of data
265,merge,,b'\xea\xb0',2,0,ea b0,238,180,invalid_utf8,invalid_utf8,False,'utf-8' codec can't decode bytes in position 0-1: unexpected end of data
266,merge,..,'..',2,2,2e 2e,50,50,,punct_symbol,True,
267,merge,이,'이',3,1,ec 9d b4,262,184,,hangul,True,
268,merge,다,'다',3,1,eb 8b a4,263,168,,hangul,True,
269,merge,,b'\xeb\x8a',2,0,eb 8a,239,142,invalid_utf8,invalid_utf8,False,'utf-8' codec can't decode bytes in position 0-1: unexpected end of data
270,merge,,b'\xec\x97',2,0,ec 97,240,155,invalid_utf8,invalid_utf8,False,'utf-8' codec can't decode bytes in position 0-1: unexpected end of data
271,merge,,b'\xea\xb3',2,0,ea b3,238,183,invalid_utf8,invalid_utf8,False,'utf-8' codec can't decode bytes in position 0-1: unexpected end of data
272,merge,는,'는',3,1,eb 8a 94,269,152,,hangul,True,
273,merge,,b'\xec\xa7',2,0,ec a7,240,171,invalid_utf8,invalid_utf8,False,'utf-8' codec can't decode bytes in position 0-1: unexpected end of data
274,merge,,b'\xec\x9e',2,0,ec 9e,240,162,invalid_utf8,invalid_utf8,False,'utf-8' codec can't decode bytes in position 0-1: unexpected end of data
275,merge,,b'\xeb\xa7',2,0,eb a7,239,171,invalid_utf8,invalid_utf8,False,'utf-8' codec can't decode bytes in position 0-1: unexpected end of data
276,merge,,b'\xed\x99',2,0,ed 99,241,157,invalid_utf8,invalid_utf8,False,'utf-8' codec can't decode bytes in position 0-1: unexpected end of data
277,merge,고,'고',3,1,ea b3 a0,271,164,,hangul,True,
278,merge,,b'\xec\xa0',2,0,ec a0,240,164,invalid_utf8,invalid_utf8,False,'utf-8' codec can't decode bytes in position 0-1: unexpected end of data
279,merge,화,'화',3,1,ed 99 94,276,152,,hangul,True,
280,merge,,b'\x98\x81',2,0,98 81,156,133,invalid_utf8,invalid_utf8,False,'utf-8' codec can't decode byte 0x98 in position 0: invalid start byte
281,merge,,b'\xeb\x8f',2,0,eb 8f,239,147,invalid_utf8,invalid_utf8,False,'utf-8' codec can't decode bytes in position 0-1: unexpected end of data
282,merge,,b'\xea\xb2',2,0,ea b2,238,182,invalid_utf8,invalid_utf8,False,'utf-8' codec can't decode bytes in position 0-1: unexpected end of data
283,merge,,b'\xec\x95',2,0,ec 95,240,153,invalid_utf8,invalid_utf8,False,'utf-8' codec can't decode bytes in position 0-1: unexpected end of data
284,merge,,b'\xe3\x85',2,0,e3 85,231,137,invalid_utf8,invalid_utf8,False,'utf-8' codec can't decode bytes in position 0-1: unexpected end of data
285,merge,,b'\x98\x81\xed\x99\x94',5,0,98 81 ed 99 94,280,279,invalid_utf8,invalid_utf8,False,'utf-8' codec can't decode byte 0x98 in position 0: invalid start byte
286,merge,지,'지',3,1,ec a7 80,273,132,,hangul,True,
287,merge,,b'\xec\x9a',2,0,ec 9a,240,158,invalid_utf8,invalid_utf8,False,'utf-8' codec can't decode bytes in position 0-1: unexpected end of data
288,merge,,b'\xea\xb8',2,0,ea b8,238,188,invalid_utf8,invalid_utf8,False,'utf-8' codec can't decode bytes in position 0-1: unexpected end of data
289,merge,하,'하',3,1,ed 95 98,264,156,,hangul,True,
290,merge,가,'가',3,1,ea b0 80,265,132,,hangul,True,
291,merge,,b'\xeb\x82',2,0,eb 82,239,134,invalid_utf8,invalid_utf8,False,'utf-8' codec can't decode bytes in position 0-1: unexpected end of data
292,merge,,b'\xec\x84',2,0,ec 84,240,136,invalid_utf8,invalid_utf8,False,'utf-8' codec can't decode bytes in position 0-1: unexpected end of data
293,merge,,b' \xec\x9e',3,0,20 ec 9e,260,162,invalid_utf8,invalid_utf8,False,'utf-8' codec can't decode bytes in position 1-2: unexpected end of data
294,merge,,b'\xac\xeb',2,0,ac eb,176,239,invalid_utf8,invalid_utf8,False,'utf-8' codec can't decode byte 0xac in position 0: invalid start byte
295,merge,,b' \xec\x95',3,0,20 ec 95,260,153,invalid_utf8,invalid_utf8,False,'utf-8' codec can't decode bytes in position 1-2: unexpected end of data
296,merge,도,'도',3,1,eb 8f 84,281,136,,hangul,True,
297,merge,,b' \xed',2,0,20 ed,36,241,invalid_utf8,invalid_utf8,False,'utf-8' codec can't decode byte 0xed in position 1: unexpected end of data
298,merge,,b'\xeb\x93',2,0,eb 93,239,151,invalid_utf8,invalid_utf8,False,'utf-8' codec can't decode bytes in position 0-1: unexpected end of data
299,merge,,b' \xea',2,0,20 ea,36,238,invalid_utf8,invalid_utf8,False,'utf-8' codec can't decode byte 0xea in position 1: unexpected end of data
300,merge,에,'에',3,1,ec 97 90,270,148,,hangul,True,
301,merge,,b'\xeb\xa6',2,0,eb a6,239,170,invalid_utf8,invalid_utf8,False,'utf-8' codec can't decode bytes in position 0-1: unexpected end of data
302,merge,,b' \xec\x9d',3,0,20 ec 9d,260,161,invalid_utf8,invalid_utf8,False,'utf-8' codec can't decode bytes in position 1-2: unexpected end of data
303,merge,기,'기',3,1,ea b8 b0,288,180,,hangul,True,
304,merge,한,'한',3,1,ed 95 9c,264,160,,hangul,True,
305,merge, 영화,' 영화',7,3,20 ec 98 81 ed 99 94,260,285,contains_whitespace,hangul;whitespace,True,
306,merge,,b'\x88\xeb',2,0,88 eb,140,239,invalid_utf8,invalid_utf8,False,'utf-8' codec can't decode byte 0x88 in position 0: invalid start byte
307,merge,,b'\xec\x8b',2,0,ec 8b,240,143,invalid_utf8,invalid_utf8,False,'utf-8' codec can't decode bytes in position 0-1: unexpected end of data
308,merge,,b'\x96\xb4',2,0,96 b4,154,184,invalid_utf8,invalid_utf8,False,'utf-8' codec can't decode byte 0x96 in position 0: invalid start byte
309,merge,,b'\xb3\xb4',2,0,b3 b4,183,184,invalid_utf8,invalid_utf8,False,'utf-8' codec can't decode byte 0xb3 in position 0: invalid start byte
310,merge,의,'의',3,1,ec 9d 98,262,156,,hangul,True,
311,merge,.\n,'.\n',2,2,2e 0a,50,14,contains_whitespace;control_char,control;punct_symbol;whitespace,True,
312,merge,,b'\xeb\xa1',2,0,eb a1,239,165,invalid_utf8,invalid_utf8,False,'utf-8' codec can't decode bytes in position 0-1: unexpected end of data
313,merge,은,'은',3,1,ec 9d 80,262,132,,hangul,True,
314,merge,ㅋ,'ㅋ',3,1,e3 85 8b,284,143,,hangul,True,
315,merge,,b' \xec\x97',3,0,20 ec 97,260,155,invalid_utf8,invalid_utf8,False,'utf-8' codec can't decode bytes in position 1-2: unexpected end of data
316,merge,,b'\xeb\x8d',2,0,eb 8d,239,145,invalid_utf8,invalid_utf8,False,'utf-8' codec can't decode bytes in position 0-1: unexpected end of data
317,merge,,b'\x9d\xbc',2,0,9d bc,161,192,invalid_utf8,invalid_utf8,False,'utf-8' codec can't decode byte 0x9d in position 0: invalid start byte
318,merge,을,'을',3,1,ec 9d 84,262,136,,hangul,True,
319,merge,게,'게',3,1,ea b2 8c,282,144,,hangul,True,
320,merge,나,'나',3,1,eb 82 98,291,156,,hangul,True,
321,merge,서,'서',3,1,ec 84 9c,292,160,,hangul,True,
322,merge, 이,' 이',4,2,20 ec 9d b4,302,184,contains_whitespace,hangul;whitespace,True,
323,merge,,b' \xeb\xa7',3,0,20 eb a7,261,171,invalid_utf8,invalid_utf8,False,'utf-8' codec can't decode bytes in position 1-2: unexpected end of data
324,merge,,b'\xec\x8a',2,0,ec 8a,240,142,invalid_utf8,invalid_utf8,False,'utf-8' codec can't decode bytes in position 0-1: unexpected end of data
325,merge,로,'로',3,1,eb a1 9c,312,160,,hangul,True,
326,merge,요,'요',3,1,ec 9a 94,287,152,,hangul,True,
327,merge,어,'어',3,1,ec 96 b4,240,308,,hangul,True,
328,merge,만,'만',3,1,eb a7 8c,275,144,,hangul,True,
329,merge,,b' \xeb\x82',3,0,20 eb 82,261,134,invalid_utf8,invalid_utf8,False,'utf-8' codec can't decode bytes in position 1-2: unexpected end of data
330,merge,라,'라',3,1,eb 9d bc,239,317,,hangul,True,
331,merge,,b' \xec\xa0',3,0,20 ec a0,260,164,invalid_utf8,invalid_utf8,False,'utf-8' codec can't decode bytes in position 1-2: unexpected end of data
332,merge,리,'리',3,1,eb a6 ac,301,176,,hangul,True,
333,merge,,b'\xb7\xb8',2,0,b7 b8,187,188,invalid_utf8,invalid_utf8,False,'utf-8' codec can't decode byte 0xb7 in position 0: invalid start byte
334,merge,들,'들',3,1,eb 93 a4,298,168,,hangul,True,
335,merge,,b'\xea\xb1',2,0,ea b1,238,181,invalid_utf8,invalid_utf8,False,'utf-8' codec can't decode bytes in position 0-1: unexpected end of data
336,merge,니,'니',3,1,eb 8b 88,263,140,,hangul,True,
337,merge,,b'\xeb\xa5',2,0,eb a5,239,169,invalid_utf8,invalid_utf8,False,'utf-8' codec can't decode bytes in position 0-1: unexpected end of data
338,merge,아,'아',3,1,ec 95 84,283,136,,hangul,True,
339,merge,,b'\xeb\xa0',2,0,eb a0,239,164,invalid_utf8,invalid_utf8,False,'utf-8' codec can't decode bytes in position 0-1: unexpected end of data
340,merge,,b'\xeb\xa9',2,0,eb a9,239,173,invalid_utf8,invalid_utf8,False,'utf-8' codec can't decode bytes in position 0-1: unexpected end of data
341,merge,인,'인',3,1,ec 9d b8,262,188,,hangul,True,
342,merge,,b'\xec\x9c',2,0,ec 9c,240,160,invalid_utf8,invalid_utf8,False,'utf-8' codec can't decode bytes in position 0-1: unexpected end of data
343,merge,,b'\xac\xb4',2,0,ac b4,176,184,invalid_utf8,invalid_utf8,False,'utf-8' codec can't decode byte 0xac in position 0: invalid start byte
344,merge,,b' \xea\xb0',3,0,20 ea b0,36,265,invalid_utf8,invalid_utf8,False,'utf-8' codec can't decode bytes in position 1-2: unexpected end of data
345,merge,,b'\xaf\xb8',2,0,af b8,179,188,invalid_utf8,invalid_utf8,False,'utf-8' codec can't decode byte 0xaf in position 0: invalid start byte
346,merge,데,'데',3,1,eb 8d b0,316,180,,hangul,True,
347,merge,ㅋㅋ,'ㅋㅋ',6,2,e3 85 8b e3 85 8b,314,314,,hangul,True,
348,merge,,b'\xeb\x84',2,0,eb 84,239,136,invalid_utf8,invalid_utf8,False,'utf-8' codec can't decode bytes in position 0-1: unexpected end of data
349,merge, 아,' 아',4,2,20 ec 95 84,295,136,contains_whitespace,hangul;whitespace,True,
350,merge,,b'\x8c\x80',2,0,8c 80,144,132,invalid_utf8,invalid_utf8,False,'utf-8' codec can't decode byte 0x8c in position 0: invalid start byte
351,merge,,b' \xec\xa7',3,0,20 ec a7,260,171,invalid_utf8,invalid_utf8,False,'utf-8' codec can't decode bytes in position 1-2: unexpected end of data
352,merge,,b'\xeb\x9f',2,0,eb 9f,239,163,invalid_utf8,invalid_utf8,False,'utf-8' codec can't decode bytes in position 0-1: unexpected end of data
353,merge,,b'\n\xec',2,0,0a ec,14,240,invalid_utf8,invalid_utf8,False,'utf-8' codec can't decode byte 0xec in position 1: unexpected end of data
354,merge,,b'\xea\xb5',2,0,ea b5,238,185,invalid_utf8,invalid_utf8,False,'utf-8' codec can't decode bytes in position 0-1: unexpected end of data
355,merge,해,'해',3,1,ed 95 b4,264,184,,hangul,True,
356,merge,면,'면',3,1,eb a9 b4,340,184,,hangul,True,
357,merge, 보,' 보',4,2,20 eb b3 b4,261,309,contains_whitespace,hangul;whitespace,True,
358,merge,,b' \xec\x8b',3,0,20 ec 8b,260,143,invalid_utf8,invalid_utf8,False,'utf-8' codec can't decode bytes in position 1-2: unexpected end of data
359,merge, 그,' 그',4,2,20 ea b7 b8,299,333,contains_whitespace,hangul;whitespace,True,
360,merge,,b'\xec\x98',2,0,ec 98,240,156,invalid_utf8,invalid_utf8,False,'utf-8' codec can't decode bytes in position 0-1: unexpected end of data
361,merge,,b'\xec\x83',2,0,ec 83,240,135,invalid_utf8,invalid_utf8,False,'utf-8' codec can't decode bytes in position 0-1: unexpected end of data
362,merge,,b'\xea\xb9',2,0,ea b9,238,189,invalid_utf8,invalid_utf8,False,'utf-8' codec can't decode bytes in position 0-1: unexpected end of data
363,merge,,b'\xeb\xb0',2,0,eb b0,239,180,invalid_utf8,invalid_utf8,False,'utf-8' codec can't decode bytes in position 0-1: unexpected end of data
364,merge,,b' \xeb\xaa',3,0,20 eb aa,261,174,invalid_utf8,invalid_utf8,False,'utf-8' codec can't decode bytes in position 1-2: unexpected end of data
365,merge,시,'시',3,1,ec 8b 9c,307,160,,hangul,True,
366,merge,점,'점',3,1,ec a0 90,278,148,,hangul,True,
367,merge,영화,'영화',6,2,ec 98 81 ed 99 94,240,285,,hangul,True,
368,merge,,b'\x88\x98',2,0,88 98,140,156,invalid_utf8,invalid_utf8,False,'utf-8' codec can't decode byte 0x88 in position 0: invalid start byte
369,merge,다.,'다.',4,2,eb 8b a4 2e,268,50,,hangul;punct_symbol,True,
370,merge,음,'음',3,1,ec 9d 8c,262,144,,hangul,True,
371,merge,스,'스',3,1,ec 8a a4,324,168,,hangul,True,
372,merge,,b' \xeb\x8b',3,0,20 eb 8b,261,143,invalid_utf8,invalid_utf8,False,'utf-8' codec can't decode bytes in position 1-2: unexpected end of data
373,merge,...,'...',3,3,2e 2e 2e,266,50,repeated_run,punct_symbol,True,
374,merge,보,'보',3,1,eb b3 b4,239,309,,hangul,True,
375,merge,,b'\xeb\x9e',2,0,eb 9e,239,162,invalid_utf8,invalid_utf8,False,'utf-8' codec can't decode bytes in position 0-1: unexpected end of data
376,merge,,b' \xeb\xb0',3,0,20 eb b0,261,180,invalid_utf8,invalid_utf8,False,'utf-8' codec can't decode bytes in position 1-2: unexpected end of data
377,merge,,b'\xa3\xbc',2,0,a3 bc,167,192,invalid_utf8,invalid_utf8,False,'utf-8' codec can't decode byte 0xa3 in position 0: invalid start byte
378,merge,으,'으',3,1,ec 9c bc,342,192,,hangul,True,
379,merge,네,'네',3,1,eb 84 a4,348,168,,hangul,True,
380,merge,,b' \xec\x9e\xac\xeb',5,0,20 ec 9e ac eb,293,294,invalid_utf8,invalid_utf8,False,'utf-8' codec can't decode byte 0xeb in position 4: unexpected end of data
381,merge,말,'말',3,1,eb a7 90,275,148,,hangul,True,
382,merge,를,'를',3,1,eb a5 bc,337,192,,hangul,True,
383,merge,,b' \xec\xa2',3,0,20 ec a2,260,166,invalid_utf8,invalid_utf8,False,'utf-8' codec can't decode bytes in position 1-2: unexpected end of data
384,merge,!!,'!!',2,2,21 21,37,37,,punct_symbol,True,
385,merge,거,'거',3,1,ea b1 b0,335,180,,hangul,True,
386,merge,,b'\xeb\xb6',2,0,eb b6,239,186,invalid_utf8,invalid_utf8,False,'utf-8' codec can't decode bytes in position 0-1: unexpected end of data
387,merge,,b' \xec\x82',3,0,20 ec 82,260,134,invalid_utf8,invalid_utf8,False,'utf-8' codec can't decode bytes in position 1-2: unexpected end of data
388,merge,다.\n,'다.\n',5,3,eb 8b a4 2e 0a,268,311,contains_whitespace;control_char,control;hangul;punct_symbol;whitespace,True,
389,merge,,b'\xec\xa4',2,0,ec a4,240,168,invalid_utf8,invalid_utf8,False,'utf-8' codec can't decode bytes in position 0-1: unexpected end of data
390,merge,대,'대',3,1,eb 8c 80,239,350,,hangul,True,
391,merge,,b'\x88\xeb\xac\xb4',4,0,88 eb ac b4,306,343,invalid_utf8,invalid_utf8,False,'utf-8' codec can't decode byte 0x88 in position 0: invalid start byte
392,merge,자,'자',3,1,ec 9e 90,274,148,,hangul,True,
393,merge,는데,'는데',6,2,eb 8a 94 eb 8d b0,272,346,,hangul,True,
394,merge,,b'\xec\x82',2,0,ec 82,240,134,invalid_utf8,invalid_utf8,False,'utf-8' codec can't decode bytes in position 0-1: unexpected end of data
395,merge,정,'정',3,1,ec a0 95,278,153,,hangul,True,
396,merge,,b' \xeb\x84',3,0,20 eb 84,261,136,invalid_utf8,invalid_utf8,False,'utf-8' codec can't decode bytes in position 1-2: unexpected end of data
397,merge,,b' \xeb\xb3',3,0,20 eb b3,261,183,invalid_utf8,invalid_utf8,False,'utf-8' codec can't decode bytes in position 1-2: unexpected end of data
398,merge,,b'\xec\x9b',2,0,ec 9b,240,159,invalid_utf8,invalid_utf8,False,'utf-8' codec can't decode bytes in position 0-1: unexpected end of data
399,merge,까,'까',3,1,ea b9 8c,362,144,,hangul,True,
400,merge,마,'마',3,1,eb a7 88,275,140,,hangul,True,
401,merge,없,'없',3,1,ec 97 86,270,138,,hangul,True,
402,merge,다\n,'다\n',4,2,eb 8b a4 0a,268,14,contains_whitespace;control_char,control;hangul;whitespace,True,
403,merge,,b'\xec\x99',2,0,ec 99,240,157,invalid_utf8,invalid_utf8,False,'utf-8' codec can't decode bytes in position 0-1: unexpected end of data
404,merge,우,'우',3,1,ec 9a b0,287,180,,hangul,True,
405,merge,었,'었',3,1,ec 97 88,270,140,,hangul,True,
406,merge, 좋,' 좋',4,2,20 ec a2 8b,383,143,contains_whitespace,hangul;whitespace,True,
407,merge,,b'\xec\xb2',2,0,ec b2,240,182,invalid_utf8,invalid_utf8,False,'utf-8' codec can't decode bytes in position 0-1: unexpected end of data
408,merge, 나,' 나',4,2,20 eb 82 98,329,156,contains_whitespace,hangul;whitespace,True,
409,merge, 없,' 없',4,2,20 ec 97 86,315,138,contains_whitespace,hangul;whitespace,True,
410,merge,,b' \xeb\xb4',3,0,20 eb b4,261,184,invalid_utf8,invalid_utf8,False,'utf-8' codec can't decode bytes in position 1-2: unexpected end of data
411,merge, 하,' 하',4,2,20 ed 95 98,36,289,contains_whitespace,hangul;whitespace,True,
412,merge,야,'야',3,1,ec 95 bc,283,192,,hangul,True,
413,merge,,b'\xeb\xb2',2,0,eb b2,239,182,invalid_utf8,invalid_utf8,False,'utf-8' codec can't decode bytes in position 0-1: unexpected end of data
414,merge,,b'\xeb\xb3',2,0,eb b3,239,183,invalid_utf8,invalid_utf8,False,'utf-8' codec can't decode bytes in position 0-1: unexpected end of data
415,merge,수,'수',3,1,ec 88 98,240,368,,hangul,True,
416,merge, 다,' 다',4,2,20 eb 8b a4,372,168,contains_whitespace,hangul;whitespace,True,
417,merge,적,'적',3,1,ec a0 81,278,133,,hangul,True,
418,merge,,b'\xed\x96',2,0,ed 96,241,154,invalid_utf8,invalid_utf8,False,'utf-8' codec can't decode bytes in position 0-1: unexpected end of data
419,merge,,b'\xec\xb9',2,0,ec b9,240,189,invalid_utf8,invalid_utf8,False,'utf-8' codec can't decode bytes in position 0-1: unexpected end of data
420,merge,것,'것',3,1,ea b2 83,282,135,,hangul,True,
421,merge,있,'있',3,1,ec 9e 88,274,140,,hangul,True,
422,merge,진,'진',3,1,ec a7 84,273,136,,hangul,True,
423,merge,작,'작',3,1,ec 9e 91,274,149,,hangul,True,
424,merge,,b'\xb5\x9c',2,0,b5 9c,185,160,invalid_utf8,invalid_utf8,False,'utf-8' codec can't decode byte 0xb5 in position 0: invalid start byte
425,merge,장,'장',3,1,ec 9e a5,274,169,,hangul,True,
426,merge,,b'\xeb\xaa',2,0,eb aa,239,174,invalid_utf8,invalid_utf8,False,'utf-8' codec can't decode bytes in position 0-1: unexpected end of data
427,merge,....,'....',4,4,2e 2e 2e 2e,266,266,repeated_run,punct_symbol,True,
428,merge,주,'주',3,1,ec a3 bc,240,377,,hangul,True,
429,merge,,b' \xec\x83',3,0,20 ec 83,260,135,invalid_utf8,invalid_utf8,False,'utf-8' codec can't decode bytes in position 1-2: unexpected end of data
430,merge, 정,' 정',4,2,20 ec a0 95,331,153,contains_whitespace,hangul;whitespace,True,
431,merge, 있,' 있',4,2,20 ec 9e 88,293,140,contains_whitespace,hangul;whitespace,True,
432,merge,으로,'으로',6,2,ec 9c bc eb a1 9c,378,325,,hangul,True,
433,merge,상,'상',3,1,ec 83 81,361,133,,hangul,True,
434,merge,전,'전',3,1,ec a0 84,278,136,,hangul,True,
435,merge,,b'\xb0\x8c',2,0,b0 8c,180,144,invalid_utf8,invalid_utf8,False,'utf-8' codec can't decode byte 0xb0 in position 0: invalid start byte
436,merge,지만,'지만',6,2,ec a7 80 eb a7 8c,286,328,,hangul,True,
437,merge,하고,'하고',6,2,ed 95 98 ea b3 a0,289,277,,hangul,True,
438,merge,,b'\x90\xeb\x8f',3,0,90 eb 8f,148,281,invalid_utf8,invalid_utf8,False,'utf-8' codec can't decode byte 0x90 in position 0: invalid start byte
439,merge,,b'\xed\x98',2,0,ed 98,241,156,invalid_utf8,invalid_utf8,False,'utf-8' codec can't decode bytes in position 0-1: unexpected end of data
440,merge,짜,'짜',3,1,ec a7 9c,273,160,,hangul,True,
441,merge,과,'과',3,1,ea b3 bc,271,192,,hangul,True,
442,merge,간,'간',3,1,ea b0 84,265,136,,hangul,True,
443,merge,,b'\x8f\x89',2,0,8f 89,147,141,invalid_utf8,invalid_utf8,False,'utf-8' codec can't decode byte 0x8f in position 0: invalid start byte
444,merge,,b'\xac\xeb\x9e',3,0,ac eb 9e,294,162,invalid_utf8,invalid_utf8,False,'utf-8' codec can't decode byte 0xac in position 0: invalid start byte
445,merge,ㅠ,'ㅠ',3,1,e3 85 a0,284,164,,hangul,True,
446,merge, 연,' 연',4,2,20 ec 97 b0,315,180,contains_whitespace,hangul;whitespace,True,
447,merge,,b' \xec\x99',3,0,20 ec 99,260,157,invalid_utf8,invalid_utf8,False,'utf-8' codec can't decode bytes in position 1-2: unexpected end of data
448,merge,,b' \xec\x8a',3,0,20 ec 8a,260,142,invalid_utf8,invalid_utf8,False,'utf-8' codec can't decode bytes in position 1-2: unexpected end of data
449,merge,,b'\x86\x8c',2,0,86 8c,138,144,invalid_utf8,invalid_utf8,False,'utf-8' codec can't decode byte 0x86 in position 0: invalid start byte
450,merge,,b' \xeb\x93',3,0,20 eb 93,261,151,invalid_utf8,invalid_utf8,False,'utf-8' codec can't decode bytes in position 1-2: unexpected end of data
451,merge,런,'런',3,1,eb 9f b0,352,180,,hangul,True,
452,merge, 너무,' 너무',7,3,20 eb 84 88 eb ac b4,396,391,contains_whitespace,hangul;whitespace,True,
453,merge,내,'내',3,1,eb 82 b4,291,184,,hangul,True,
454,merge,,b'\xeb\x85',2,0,eb 85,239,137,invalid_utf8,invalid_utf8,False,'utf-8' codec can't decode bytes in position 0-1: unexpected end of data
455,merge, 어,' 어',4,2,20 ec 96 b4,260,308,contains_whitespace,hangul;whitespace,True,
456,merge,,b' \xec\x98',3,0,20 ec 98,260,156,invalid_utf8,invalid_utf8,False,'utf-8' codec can't decode bytes in position 1-2: unexpected end of data
457,merge,,b'\xed\x83',2,0,ed 83,241,135,invalid_utf8,invalid_utf8,False,'utf-8' codec can't decode bytes in position 0-1: unexpected end of data
458,merge, 만,' 만',4,2,20 eb a7 8c,323,144,contains_whitespace,hangul;whitespace,True,
459,merge,,b'\xeb\x94',2,0,eb 94,239,152,invalid_utf8,invalid_utf8,False,'utf-8' codec can't decode bytes in position 0-1: unexpected end of data
460,merge,그,'그',3,1,ea b7 b8,238,333,,hangul,True,
461,merge, 재미,' 재미',7,3,20 ec 9e ac eb af b8,380,345,contains_whitespace,hangul;whitespace,True,
462,merge,드,'드',3,1,eb 93 9c,298,160,,hangul,True,
463,merge,에서,'에서',6,2,ec 97 90 ec 84 9c,300,321,,hangul,True,
464,merge,,b'\xb9\x84',2,0,b9 84,189,136,invalid_utf8,invalid_utf8,False,'utf-8' codec can't decode byte 0xb9 in position 0: invalid start byte
465,merge,,b'\xed\x9e',2,0,ed 9e,241,162,invalid_utf8,invalid_utf8,False,'utf-8' codec can't decode bytes in position 0-1: unexpected end of data
466,merge,오,'오',3,1,ec 98 a4,360,168,,hangul,True,
467,merge,았,'았',3,1,ec 95 98,283,156,,hangul,True,
468,merge,,b'\x90\x98',2,0,90 98,148,156,invalid_utf8,invalid_utf8,False,'utf-8' codec can't decode byte 0x90 in position 0: invalid start byte
469,merge, 한,' 한',4,2,20 ed 95 9c,36,304,contains_whitespace,hangul;whitespace,True,
470,merge,,b' \xec\x84',3,0,20 ec 84,260,136,invalid_utf8,invalid_utf8,False,'utf-8' codec can't decode bytes in position 1-2: unexpected end of data
471,merge,네요,'네요',6,2,eb 84 a4 ec 9a 94,379,326,,hangul,True,
472,merge, 시,' 시',4,2,20 ec 8b 9c,358,160,contains_whitespace,hangul;whitespace,True,
473,merge, 지,' 지',4,2,20 ec a7 80,351,132,contains_whitespace,hangul;whitespace,True,
474,merge,,b'\xeb\x83',2,0,eb 83,239,135,invalid_utf8,invalid_utf8,False,'utf-8' codec can't decode bytes in position 0-1: unexpected end of data
475,merge,...\n,'...\n',4,4,2e 2e 2e 0a,266,311,contains_whitespace;control_char;repeated_run,control;punct_symbol;whitespace,True,
476,merge,,b'\xec\x9e\xac\xeb',4,0,ec 9e ac eb,274,294,invalid_utf8,invalid_utf8,False,'utf-8' codec can't decode byte 0xeb in position 3: unexpected end of data
477,merge,건,'건',3,1,ea b1 b4,335,184,,hangul,True,
478,merge,할,'할',3,1,ed 95 a0,264,164,,hangul,True,
479,merge,,b' \xeb\xb6',3,0,20 eb b6,261,186,invalid_utf8,invalid_utf8,False,'utf-8' codec can't decode bytes in position 1-2: unexpected end of data
480,merge, 봤,' 봤',4,2,20 eb b4 a4,410,168,contains_whitespace,hangul;whitespace,True,
481,merge,,b'\x95\x8c',2,0,95 8c,153,144,invalid_utf8,invalid_utf8,False,'utf-8' codec can't decode byte 0x95 in position 0: invalid start byte
482,merge, 내,' 내',4,2,20 eb 82 b4,329,184,contains_whitespace,hangul;whitespace,True,
483,merge,연,'연',3,1,ec 97 b0,270,180,,hangul,True,
484,merge,,b'\xed\x86',2,0,ed 86,241,138,invalid_utf8,invalid_utf8,False,'utf-8' codec can't decode bytes in position 0-1: unexpected end of data
485,merge, 가,' 가',4,2,20 ea b0 80,36,290,contains_whitespace,hangul;whitespace,True,
486,merge,,b'\xeb\xa3',2,0,eb a3,239,167,invalid_utf8,invalid_utf8,False,'utf-8' codec can't decode bytes in position 0-1: unexpected end of data
487,merge,..\n,'..\n',3,3,2e 2e 0a,266,14,contains_whitespace;control_char,control;punct_symbol;whitespace,True,
488,merge,,b' \xec\x9a',3,0,20 ec 9a,260,158,invalid_utf8,invalid_utf8,False,'utf-8' codec can't decode bytes in position 1-2: unexpected end of data
489,merge, 진,' 진',4,2,20 ec a7 84,351,136,contains_whitespace,hangul;whitespace,True,
490,merge,,b'\xec\xb0',2,0,ec b0,240,180,invalid_utf8,invalid_utf8,False,'utf-8' codec can't decode bytes in position 0-1: unexpected end of data
491,merge,,b'\xeb\xb4',2,0,eb b4,239,184,invalid_utf8,invalid_utf8,False,'utf-8' codec can't decode bytes in position 0-1: unexpected end of data
492,merge,운,'운',3,1,ec 9a b4,287,184,,hangul,True,
493,merge, 최,' 최',4,2,20 ec b5 9c,260,424,contains_whitespace,hangul;whitespace,True,
494,merge, 스,' 스',4,2,20 ec 8a a4,448,168,contains_whitespace,hangul;whitespace,True,
495,merge,,b' \xeb\x8f',3,0,20 eb 8f,261,147,invalid_utf8,invalid_utf8,False,'utf-8' codec can't decode bytes in position 1-2: unexpected end of data
496,merge,,b' \xec\xb0',3,0,20 ec b0,260,180,invalid_utf8,invalid_utf8,False,'utf-8' codec can't decode bytes in position 1-2: unexpected end of data
497,merge,미,'미',3,1,eb af b8,239,345,,hangul,True,
498,merge,각,'각',3,1,ea b0 81,265,133,,hangul,True,
499,merge,공,'공',3,1,ea b3 b5,271,185,,hangul,True,
500,merge,성,'성',3,1,ec 84 b1,292,181,,hangul,True,
501,merge,습,'습',3,1,ec 8a b5,324,185,,hangul,True,
502,merge,,b'\xed\x94',2,0,ed 94,241,152,invalid_utf8,invalid_utf8,False,'utf-8' codec can't decode bytes in position 0-1: unexpected end of data
503,merge,히,'히',3,1,ed 9e 88,465,140,,hangul,True,
504,merge,하는,'하는',6,2,ed 95 98 eb 8a 94,289,272,,hangul,True,
505,merge, 1,' 1',2,2,20 31,36,53,contains_whitespace,digit;whitespace,True,
506,merge,,b'\xec\xa1',2,0,ec a1,240,165,invalid_utf8,invalid_utf8,False,'utf-8' codec can't decode bytes in position 0-1: unexpected end of data
507,merge,,b' \xeb\x8d',3,0,20 eb 8d,261,145,invalid_utf8,invalid_utf8,False,'utf-8' codec can't decode bytes in position 1-2: unexpected end of data
508,merge,여,'여',3,1,ec 97 ac,270,176,,hangul,True,
509,merge,와,'와',3,1,ec 99 80,403,132,,hangul,True,
510,merge,제,'제',3,1,ec a0 9c,278,160,,hangul,True,
511,merge, 기,' 기',4,2,20 ea b8 b0,36,303,contains_whitespace,hangul;whitespace,True,
512,merge,려,'려',3,1,eb a0 a4,339,168,,hangul,True,
513,merge, 대,' 대',4,2,20 eb 8c 80,261,350,contains_whitespace,hangul;whitespace,True,
514,merge,,b' \xea\xb0\x90\xeb\x8f',6,0,20 ea b0 90 eb 8f,344,438,invalid_utf8,invalid_utf8,False,'utf-8' codec can't decode bytes in position 4-5: unexpected end of data
515,merge,,b'\xeb\xac',2,0,eb ac,239,176,invalid_utf8,invalid_utf8,False,'utf-8' codec can't decode bytes in position 0-1: unexpected end of data
516,merge,치,'치',3,1,ec b9 98,419,156,,hangul,True,
517,merge,,b'\x8f\x89\xec\xa0\x90',5,0,8f 89 ec a0 90,443,366,invalid_utf8,invalid_utf8,False,'utf-8' codec can't decode byte 0x8f in position 0: invalid start byte
518,merge,일,'일',3,1,ec 9d bc,262,192,,hangul,True,
519,merge,,b'\xec\x96',2,0,ec 96,240,154,invalid_utf8,invalid_utf8,False,'utf-8' codec can't decode bytes in position 0-1: unexpected end of data
520,merge,용,'용',3,1,ec 9a a9,287,173,,hangul,True,
521,merge, 재밌,' 재밌',7,3,20 ec 9e ac eb b0 8c,380,435,contains_whitespace,hangul;whitespace,True,
522,merge,,b'\xed\x8c',2,0,ed 8c,241,144,invalid_utf8,invalid_utf8,False,'utf-8' codec can't decode bytes in position 0-1: unexpected end of data
523,merge,부,'부',3,1,eb b6 80,386,132,,hangul,True,
524,merge,,b'\xec\xb6',2,0,ec b6,240,186,invalid_utf8,invalid_utf8,False,'utf-8' codec can't decode bytes in position 0-1: unexpected end of data
525,merge,래,'래',3,1,eb 9e 98,375,156,,hangul,True,
526,merge,했,'했',3,1,ed 96 88,418,140,,hangul,True,
527,merge, 연기,' 연기',7,3,20 ec 97 b0 ea b8 b0,446,303,contains_whitespace,hangul;whitespace,True,
528,merge,함,'함',3,1,ed 95 a8,264,172,,hangul,True,
529,merge,토,'토',3,1,ed 86 a0,484,164,,hangul,True,
530,merge,,b'\x84\xb0',2,0,84 b0,136,180,invalid_utf8,invalid_utf8,False,'utf-8' codec can't decode byte 0x84 in position 0: invalid start byte
531,merge, 수,' 수',4,2,20 ec 88 98,260,368,contains_whitespace,hangul;whitespace,True,
532,merge, 정말,' 정말',7,3,20 ec a0 95 eb a7 90,430,381,contains_whitespace,hangul;whitespace,True,
533,merge,루,'루',3,1,eb a3 a8,486,172,,hangul,True,
534,merge,,b'\x9d\xea\xb0\x81',4,0,9d ea b0 81,161,498,invalid_utf8,invalid_utf8,False,'utf-8' codec can't decode byte 0x9d in position 0: invalid start byte
535,merge, 모,' 모',4,2,20 eb aa a8,364,172,contains_whitespace,hangul;whitespace,True,
536,merge,,b' \xec\x9c',3,0,20 ec 9c,260,160,invalid_utf8,invalid_utf8,False,'utf-8' codec can't decode bytes in position 1-2: unexpected end of data
537,merge,는 영화,'는 영화',10,4,eb 8a 94 20 ec 98 81 ed 99 94,272,305,contains_whitespace,hangul;whitespace,True,
538,merge,국,'국',3,1,ea b5 ad,354,177,,hangul,True,
539,merge,,b'\xec\xa6',2,0,ec a6,240,170,invalid_utf8,invalid_utf8,False,'utf-8' codec can't decode bytes in position 0-1: unexpected end of data
540,merge,어요,'어요',6,2,ec 96 b4 ec 9a 94,327,326,,hangul,True,
541,merge,구,'구',3,1,ea b5 ac,354,176,,hangul,True,
542,merge,,b' \xec\x82\xac\xeb\x9e',6,0,20 ec 82 ac eb 9e,387,444,invalid_utf8,invalid_utf8,False,'utf-8' codec can't decode bytes in position 4-5: unexpected end of data
543,merge, 전,' 전',4,2,20 ec a0 84,331,136,contains_whitespace,hangul;whitespace,True,
544,merge,사,'사',3,1,ec 82 ac,394,176,,hangul,True,
545,merge,신,'신',3,1,ec 8b a0,307,164,,hangul,True,
546,merge,분,'분',3,1,eb b6 84,386,136,,hangul,True,
547,merge,터,'터',3,1,ed 84 b0,241,530,,hangul,True,
548,merge,,b' \xec\xa4',3,0,20 ec a4,260,168,invalid_utf8,invalid_utf8,False,'utf-8' codec can't decode bytes in position 1-2: unexpected end of data
549,merge, 잘,' 잘',4,2,20 ec 9e 98,293,156,contains_whitespace,hangul;whitespace,True,
550,merge, 않,' 않',4,2,20 ec 95 8a,295,142,contains_whitespace,hangul;whitespace,True,
551,merge,겠,'겠',3,1,ea b2 a0,282,164,,hangul,True,
552,merge,러,'러',3,1,eb 9f ac,352,176,,hangul,True,
553,merge,,b'\xec\x85',2,0,ec 85,240,137,invalid_utf8,invalid_utf8,False,'utf-8' codec can't decode bytes in position 0-1: unexpected end of data
554,merge, 무,' 무',4,2,20 eb ac b4,261,343,contains_whitespace,hangul;whitespace,True,
555,merge,ㅎ,'ㅎ',3,1,e3 85 8e,284,146,,hangul,True,
556,merge,,b'\xed\x8a',2,0,ed 8a,241,142,invalid_utf8,invalid_utf8,False,'utf-8' codec can't decode bytes in position 0-1: unexpected end of data
557,merge,습니,'습니',6,2,ec 8a b5 eb 8b 88,501,336,,hangul,True,
558,merge,\n이,'\n이',4,2,0a ec 9d b4,14,267,contains_whitespace;control_char,control;hangul;whitespace,True,
559,merge,중,'중',3,1,ec a4 91,389,149,,hangul,True,
560,merge,,b' \xeb\x8a',3,0,20 eb 8a,261,142,invalid_utf8,invalid_utf8,False,'utf-8' codec can't decode bytes in position 1-2: unexpected end of data
561,merge,,b' \xec\xa1',3,0,20 ec a1,260,165,invalid_utf8,invalid_utf8,False,'utf-8' codec can't decode bytes in position 1-2: unexpected end of data
562,merge,,b' \xeb\xad',3,0,20 eb ad,261,177,invalid_utf8,invalid_utf8,False,'utf-8' codec can't decode bytes in position 1-2: unexpected end of data
563,merge, 주,' 주',4,2,20 ec a3 bc,260,377,contains_whitespace,hangul;whitespace,True,
564,merge,세,'세',3,1,ec 84 b8,292,188,,hangul,True,
565,merge,,b' \xec\x9b',3,0,20 ec 9b,260,159,invalid_utf8,invalid_utf8,False,'utf-8' codec can't decode bytes in position 1-2: unexpected end of data
566,merge, 더,' 더',4,2,20 eb 8d 94,507,152,contains_whitespace,hangul;whitespace,True,
567,merge,,b' \xea\xb1',3,0,20 ea b1,299,181,invalid_utf8,invalid_utf8,False,'utf-8' codec can't decode bytes in position 1-2: unexpected end of data
568,merge, 안,' 안',4,2,20 ec 95 88,295,140,contains_whitespace,hangul;whitespace,True,
569,merge,같,'같',3,1,ea b0 99,265,157,,hangul,True,
570,merge,,b'\xed\x8e',2,0,ed 8e,241,146,invalid_utf8,invalid_utf8,False,'utf-8' codec can't decode bytes in position 0-1: unexpected end of data
571,merge,,b'\x93\xb0',2,0,93 b0,151,180,invalid_utf8,invalid_utf8,False,'utf-8' codec can't decode byte 0x93 in position 0: invalid start byte
572,merge,레,'레',3,1,eb a0 88,339,140,,hangul,True,
573,merge,,b'\xb0\xec\x9a\xb0',4,0,b0 ec 9a b0,180,404,invalid_utf8,invalid_utf8,False,'utf-8' codec can't decode byte 0xb0 in position 0: invalid start byte
574,merge,때,'때',3,1,eb 95 8c,239,481,,hangul,True,
575,merge,ㅡ,'ㅡ',3,1,e3 85 a1,284,165,,hangul,True,
576,merge,르,'르',3,1,eb a5 b4,337,184,,hangul,True,
577,merge,개,'개',3,1,ea b0 9c,265,160,,hangul,True,
578,merge,임,'임',3,1,ec 9e 84,274,136,,hangul,True,
579,merge,,b'\xec\xa2',2,0,ec a2,240,166,invalid_utf8,invalid_utf8,False,'utf-8' codec can't decode bytes in position 0-1: unexpected end of data
580,merge, 인,' 인',4,2,20 ec 9d b8,302,188,contains_whitespace,hangul;whitespace,True,
581,merge, 생각,' 생각',7,3,20 ec 83 9d ea b0 81,429,534,contains_whitespace,hangul;whitespace,True,
582,merge,!\n,'!\n',2,2,21 0a,37,14,contains_whitespace;control_char,control;punct_symbol;whitespace,True,
583,merge,입,'입',3,1,ec 9e 85,274,137,,hangul,True,
584,merge,ㅋㅋㅋㅋ,'ㅋㅋㅋㅋ',12,4,e3 85 8b e3 85 8b e3 85 8b e3 85 8b,347,347,repeated_run,hangul,True,
585,merge, 드,' 드',4,2,20 eb 93 9c,450,160,contains_whitespace,hangul;whitespace,True,
586,merge,감,'감',3,1,ea b0 90,265,148,,hangul,True,
587,merge,,b' \xea\xb2',3,0,20 ea b2,36,282,invalid_utf8,invalid_utf8,False,'utf-8' codec can't decode bytes in position 1-2: unexpected end of data
588,merge, 못,' 못',4,2,20 eb aa bb,364,191,contains_whitespace,hangul;whitespace,True,
589,merge, 마,' 마',4,2,20 eb a7 88,323,140,contains_whitespace,hangul;whitespace,True,
590,merge,토리,'토리',6,2,ed 86 a0 eb a6 ac,529,332,,hangul,True,
591,merge,력,'력',3,1,eb a0 a5,339,169,,hangul,True,
592,merge,생,'생',3,1,ec 83 9d,361,161,,hangul,True,
593,merge,들이,'들이',6,2,eb 93 a4 ec 9d b4,334,267,,hangul,True,
594,merge,ㅠㅠ,'ㅠㅠ',6,2,e3 85 a0 e3 85 a0,445,445,,hangul,True,
595,merge,소,'소',3,1,ec 86 8c,240,449,,hangul,True,
596,merge,던,'던',3,1,eb 8d 98,316,156,,hangul,True,
597,merge, 말,' 말',4,2,20 eb a7 90,323,148,contains_whitespace,hangul;whitespace,True,
598,merge,든,'든',3,1,eb 93 a0,298,164,,hangul,True,
599,merge, 최고,' 최고',7,3,20 ec b5 9c ea b3 a0,493,277,contains_whitespace,hangul;whitespace,True,
600,merge,,b'\xed\x81',2,0,ed 81,241,133,invalid_utf8,invalid_utf8,False,'utf-8' codec can't decode bytes in position 0-1: unexpected end of data
601,merge, 진짜,' 진짜',7,3,20 ec a7 84 ec a7 9c,489,440,contains_whitespace,hangul;whitespace,True,
602,merge,~~,'~~',2,2,7e 7e,130,130,,punct_symbol,True,
603,merge, 같,' 같',4,2,20 ea b0 99,344,157,contains_whitespace,hangul;whitespace,True,
604,merge,실,'실',3,1,ec 8b a4,307,168,,hangul,True,
605,merge,악,'악',3,1,ec 95 85,283,137,,hangul,True,
606,merge,,b' \xec\xb2',3,0,20 ec b2,260,182,invalid_utf8,invalid_utf8,False,'utf-8' codec can't decode bytes in position 1-2: unexpected end of data
607,merge, 제,' 제',4,2,20 ec a0 9c,331,160,contains_whitespace,hangul;whitespace,True,
608,merge,디,'디',3,1,eb 94 94,459,152,,hangul,True,
609,merge, 느,' 느',4,2,20 eb 8a 90,560,148,contains_whitespace,hangul;whitespace,True,
610,merge,,b'\xea\xb7',2,0,ea b7,238,187,invalid_utf8,invalid_utf8,False,'utf-8' codec can't decode bytes in position 0-1: unexpected end of data
611,merge,??,'??',2,2,3f 3f,67,67,,punct_symbol,True,
612,merge, 자,' 자',4,2,20 ec 9e 90,293,148,contains_whitespace,hangul;whitespace,True,
613,merge,듯,'듯',3,1,eb 93 af,298,179,,hangul,True,
614,merge,라마,'라마',6,2,eb 9d bc eb a7 88,330,400,,hangul,True,
615,merge,난,'난',3,1,eb 82 9c,291,160,,hangul,True,
616,merge,,b' \xec\xb6',3,0,20 ec b6,260,186,invalid_utf8,invalid_utf8,False,'utf-8' codec can't decode bytes in position 1-2: unexpected end of data
617,merge,무,'무',3,1,eb ac b4,239,343,,hangul,True,
618,merge, 개,' 개',4,2,20 ea b0 9c,344,160,contains_whitespace,hangul;whitespace,True,
619,merge, 본,' 본',4,2,20 eb b3 b8,397,188,contains_whitespace,hangul;whitespace,True,
620,merge,,b' \xea\xb5',3,0,20 ea b5,299,185,invalid_utf8,invalid_utf8,False,'utf-8' codec can't decode bytes in position 1-2: unexpected end of data
621,merge,하게,'하게',6,2,ed 95 98 ea b2 8c,289,319,,hangul,True,
622,merge, 여,' 여',4,2,20 ec 97 ac,315,176,contains_whitespace,hangul;whitespace,True,
623,merge,,b' \xec\x96',3,0,20 ec 96,260,154,invalid_utf8,invalid_utf8,False,'utf-8' codec can't decode bytes in position 1-2: unexpected end of data
624,merge,비,'비',3,1,eb b9 84,239,464,,hangul,True,
625,merge,,b'\xec\x86',2,0,ec 86,240,138,invalid_utf8,invalid_utf8,False,'utf-8' codec can't decode bytes in position 0-1: unexpected end of data
626,merge,본,'본',3,1,eb b3 b8,414,188,,hangul,True,
627,merge,,b' \xeb\x81',3,0,20 eb 81,261,133,invalid_utf8,invalid_utf8,False,'utf-8' codec can't decode bytes in position 1-2: unexpected end of data
628,merge, 왜,' 왜',4,2,20 ec 99 9c,447,160,contains_whitespace,hangul;whitespace,True,
629,merge,년,'년',3,1,eb 85 84,454,136,,hangul,True,
630,merge, 알,' 알',4,2,20 ec 95 8c,295,144,contains_whitespace,hangul;whitespace,True,
631,merge, 이런,' 이런',7,3,20 ec 9d b4 eb 9f b0,322,451,contains_whitespace,hangul;whitespace,True,
632,merge,냥,'냥',3,1,eb 83 a5,474,169,,hangul,True,
633,merge,,b' \xea\xb4',3,0,20 ea b4,299,184,invalid_utf8,invalid_utf8,False,'utf-8' codec can't decode bytes in position 1-2: unexpected end of data
634,merge,까지,'까지',6,2,ea b9 8c ec a7 80,399,286,,hangul,True,
635,merge,타,'타',3,1,ed 83 80,457,132,,hangul,True,
636,merge,름,'름',3,1,eb a6 84,301,136,,hangul,True,
637,merge,;;,';;',2,2,3b 3b,63,63,,punct_symbol,True,
638,merge,금,'금',3,1,ea b8 88,288,140,,hangul,True,
639,merge,트,'트',3,1,ed 8a b8,556,188,,hangul,True,
640,merge, 오,' 오',4,2,20 ec 98 a4,456,168,contains_whitespace,hangul;whitespace,True,
641,merge,였,'였',3,1,ec 98 80,360,132,,hangul,True,
642,merge,지 않,'지 않',7,3,ec a7 80 20 ec 95 8a,286,550,contains_whitespace,hangul;whitespace,True,
643,merge,걸,'걸',3,1,ea b1 b8,335,188,,hangul,True,
644,merge,다는,'다는',6,2,eb 8b a4 eb 8a 94,268,272,,hangul,True,
645,merge,,b'\xed\x92',2,0,ed 92,241,150,invalid_utf8,invalid_utf8,False,'utf-8' codec can't decode bytes in position 0-1: unexpected end of data
646,merge,,b' \xed\x98',3,0,20 ed 98,297,156,invalid_utf8,invalid_utf8,False,'utf-8' codec can't decode bytes in position 1-2: unexpected end of data
647,merge,편,'편',3,1,ed 8e b8,570,188,,hangul,True,
648,merge, 평점,' 평점',7,3,20 ed 8f 89 ec a0 90,297,517,contains_whitespace,hangul;whitespace,True,
649,merge, 남,' 남',4,2,20 eb 82 a8,329,172,contains_whitespace,hangul;whitespace,True,
650,merge,이라,'이라',6,2,ec 9d b4 eb 9d bc,267,330,,hangul,True,
651,merge,션,'션',3,1,ec 85 98,553,156,,hangul,True,
652,merge,,b'\xed\x8f',2,0,ed 8f,241,147,invalid_utf8,invalid_utf8,False,'utf-8' codec can't decode bytes in position 0-1: unexpected end of data
653,merge,정말,'정말',6,2,ec a0 95 eb a7 90,395,381,,hangul,True,
654,merge,,b'\xbd\x94',2,0,bd 94,193,152,invalid_utf8,invalid_utf8,False,'utf-8' codec can't decode byte 0xbd in position 0: invalid start byte
655,merge,,b'\xea\xb4',2,0,ea b4,238,184,invalid_utf8,invalid_utf8,False,'utf-8' codec can't decode bytes in position 0-1: unexpected end of data
656,merge,렇,'렇',3,1,eb a0 87,339,139,,hangul,True,
657,merge,준,'준',3,1,ec a4 80,389,132,,hangul,True,
658,merge, 소,' 소',4,2,20 ec 86 8c,260,449,contains_whitespace,hangul;whitespace,True,
659,merge,,b' \xea\xb7',3,0,20 ea b7,299,187,invalid_utf8,invalid_utf8,False,'utf-8' codec can't decode bytes in position 1-2: unexpected end of data
660,merge,,b'\x91\x90',2,0,91 90,149,148,invalid_utf8,invalid_utf8,False,'utf-8' codec can't decode byte 0x91 in position 0: invalid start byte
661,merge, 것,' 것',4,2,20 ea b2 83,36,420,contains_whitespace,hangul;whitespace,True,
662,merge,더,'더',3,1,eb 8d 94,316,152,,hangul,True,
663,merge, 보고,' 보고',7,3,20 eb b3 b4 ea b3 a0,357,277,contains_whitespace,hangul;whitespace,True,
664,merge,유,'유',3,1,ec 9c a0,342,164,,hangul,True,
665,merge,,b'\xeb\x81',2,0,eb 81,239,133,invalid_utf8,invalid_utf8,False,'utf-8' codec can't decode bytes in position 0-1: unexpected end of data
666,merge,막,'막',3,1,eb a7 89,275,141,,hangul,True,
667,merge,저,'저',3,1,ec a0 80,278,132,,hangul,True,
668,merge,,b' \xeb\x94',3,0,20 eb 94,261,152,invalid_utf8,invalid_utf8,False,'utf-8' codec can't decode bytes in position 1-2: unexpected end of data
669,merge,긴,'긴',3,1,ea b8 b4,288,184,,hangul,True,
670,merge, 볼,' 볼',4,2,20 eb b3 bc,397,192,contains_whitespace,hangul;whitespace,True,
671,merge,,b' \xeb\xb9',3,0,20 eb b9,261,189,invalid_utf8,invalid_utf8,False,'utf-8' codec can't decode bytes in position 1-2: unexpected end of data
672,merge, 미,' 미',4,2,20 eb af b8,261,345,contains_whitespace,hangul;whitespace,True,
673,merge,심,'심',3,1,ec 8b ac,307,176,,hangul,True,
674,merge,,b' \xeb\xa9',3,0,20 eb a9,261,173,invalid_utf8,invalid_utf8,False,'utf-8' codec can't decode bytes in position 1-2: unexpected end of data
675,merge, 많,' 많',4,2,20 eb a7 8e,323,146,contains_whitespace,hangul;whitespace,True,
676,merge,,b'\xeb\xb9',2,0,eb b9,239,189,invalid_utf8,invalid_utf8,False,'utf-8' codec can't decode bytes in position 0-1: unexpected end of data
677,merge,,b' \xed\x9d',3,0,20 ed 9d,297,161,invalid_utf8,invalid_utf8,False,'utf-8' codec can't decode bytes in position 1-2: unexpected end of data
678,merge,재미,'재미',6,2,ec 9e ac eb af b8,476,345,,hangul,True,
679,merge, 유,' 유',4,2,20 ec 9c a0,536,164,contains_whitespace,hangul;whitespace,True,
680,merge, 감동,' 감동',7,3,20 ea b0 90 eb 8f 99,514,157,contains_whitespace,hangul;whitespace,True,
681,merge,레기,'레기',6,2,eb a0 88 ea b8 b0,572,303,,hangul,True,
682,merge, 비,' 비',4,2,20 eb b9 84,261,464,contains_whitespace,hangul;whitespace,True,
683,merge,체,'체',3,1,ec b2 b4,407,184,,hangul,True,
684,merge,,b' \xeb\xb2',3,0,20 eb b2,261,182,invalid_utf8,invalid_utf8,False,'utf-8' codec can't decode bytes in position 1-2: unexpected end of data
685,merge,버,'버',3,1,eb b2 84,413,136,,hangul,True,
686,merge,,b'\x93\xb0\xeb\xa0\x88\xea\xb8\xb0',8,0,93 b0 eb a0 88 ea b8 b0,571,681,invalid_utf8,invalid_utf8,False,'utf-8' codec can't decode byte 0x93 in position 0: invalid start byte
687,merge,해서,'해서',6,2,ed 95 b4 ec 84 9c,355,321,,hangul,True,
688,merge,,b' \xea\xb9',3,0,20 ea b9,299,189,invalid_utf8,invalid_utf8,False,'utf-8' codec can't decode bytes in position 1-2: unexpected end of data
689,merge, 스토리,' 스토리',10,4,20 ec 8a a4 ed 86 a0 eb a6 ac,494,590,contains_whitespace,hangul;whitespace,True,
690,merge,진짜,'진짜',6,2,ec a7 84 ec a7 9c,422,440,,hangul,True,
691,merge,보다,'보다',6,2,eb b3 b4 eb 8b a4,374,268,,hangul,True,
692,merge,,b'\xec\x94',2,0,ec 94,240,152,invalid_utf8,invalid_utf8,False,'utf-8' codec can't decode bytes in position 0-1: unexpected end of data
693,merge,,b' \xec\x95\x84\xeb\x8b',6,0,20 ec 95 84 eb 8b,349,263,invalid_utf8,invalid_utf8,False,'utf-8' codec can't decode bytes in position 4-5: unexpected end of data
694,merge,면서,'면서',6,2,eb a9 b4 ec 84 9c,356,321,,hangul,True,
695,merge, 사람,' 사람',7,3,20 ec 82 ac eb 9e 8c,542,144,contains_whitespace,hangul;whitespace,True,
696,merge,,b'\x9b\x84',2,0,9b 84,159,136,invalid_utf8,invalid_utf8,False,'utf-8' codec can't decode byte 0x9b in position 0: invalid start byte
697,merge,,b' \xeb\x88',3,0,20 eb 88,261,140,invalid_utf8,invalid_utf8,False,'utf-8' codec can't decode bytes in position 1-2: unexpected end of data
698,merge,,b'\xeb\xa8',2,0,eb a8,239,172,invalid_utf8,invalid_utf8,False,'utf-8' codec can't decode bytes in position 0-1: unexpected end of data
699,merge,안,'안',3,1,ec 95 88,283,140,,hangul,True,
700,merge,되,'되',3,1,eb 90 98,239,468,,hangul,True,
701,merge, 일,' 일',4,2,20 ec 9d bc,302,192,contains_whitespace,hangul;whitespace,True,
702,merge,,b'\xa1\x9c',2,0,a1 9c,165,160,invalid_utf8,invalid_utf8,False,'utf-8' codec can't decode byte 0xa1 in position 0: invalid start byte
703,merge, 장,' 장',4,2,20 ec 9e a5,293,169,contains_whitespace,hangul;whitespace,True,
704,merge, 만들,' 만들',7,3,20 eb a7 8c eb 93 a4,458,334,contains_whitespace,hangul;whitespace,True,
705,merge, 부,' 부',4,2,20 eb b6 80,479,132,contains_whitespace,hangul;whitespace,True,
706,merge,단,'단',3,1,eb 8b a8,263,172,,hangul,True,
707,merge,너무,'너무',6,2,eb 84 88 eb ac b4,348,391,,hangul,True,
708,merge, 작,' 작',4,2,20 ec 9e 91,293,149,contains_whitespace,hangul;whitespace,True,
709,merge,?\n,'?\n',2,2,3f 0a,67,14,contains_whitespace;control_char,control;punct_symbol;whitespace,True,
710,merge,,b'\xec\x88',2,0,ec 88,240,140,invalid_utf8,invalid_utf8,False,'utf-8' codec can't decode bytes in position 0-1: unexpected end of data
711,merge,번,'번',3,1,eb b2 88,413,140,,hangul,True,
712,merge,,b'\xeb\x90',2,0,eb 90,239,148,invalid_utf8,invalid_utf8,False,'utf-8' codec can't decode bytes in position 0-1: unexpected end of data
713,merge,명,'명',3,1,eb aa 85,426,137,,hangul,True,
714,merge,,b' \xed\x96',3,0,20 ed 96,297,154,invalid_utf8,invalid_utf8,False,'utf-8' codec can't decode bytes in position 1-2: unexpected end of data
715,merge,품,'품',3,1,ed 92 88,645,140,,hangul,True,
716,merge,문,'문',3,1,eb ac b8,515,188,,hangul,True,
717,merge,다..,'다..',5,3,eb 8b a4 2e 2e,268,266,,hangul;punct_symbol,True,
718,merge, ㅋㅋ,' ㅋㅋ',7,3,20 e3 85 8b e3 85 8b,36,347,contains_whitespace,hangul;whitespace,True,
719,merge,냐,'냐',3,1,eb 83 90,474,148,,hangul,True,
720,merge, 지루,' 지루',7,3,20 ec a7 80 eb a3 a8,473,533,contains_whitespace,hangul;whitespace,True,
721,merge,,b'\x84\xeb\xa1\x9c',4,0,84 eb a1 9c,136,325,invalid_utf8,invalid_utf8,False,'utf-8' codec can't decode byte 0x84 in position 0: invalid start byte
722,merge, 사,' 사',4,2,20 ec 82 ac,387,176,contains_whitespace,hangul;whitespace,True,
723,merge, 뭐,' 뭐',4,2,20 eb ad 90,562,148,contains_whitespace,hangul;whitespace,True,
724,merge,적인,'적인',6,2,ec a0 81 ec 9d b8,417,341,,hangul,True,
725,merge,한 영화,'한 영화',10,4,ed 95 9c 20 ec 98 81 ed 99 94,304,305,contains_whitespace,hangul;whitespace,True,
726,merge,,b'\x88\xeb\x8d',3,0,88 eb 8d,306,145,invalid_utf8,invalid_utf8,False,'utf-8' codec can't decode byte 0x88 in position 0: invalid start byte
727,merge,망,'망',3,1,eb a7 9d,275,161,,hangul,True,
728,merge,계,'계',3,1,ea b3 84,271,136,,hangul,True,
729,merge, 중,' 중',4,2,20 ec a4 91,548,149,contains_whitespace,hangul;whitespace,True,
730,merge, 드라마,' 드라마',10,4,20 eb 93 9c eb 9d bc eb a7 88,585,614,contains_whitespace,hangul;whitespace,True,
731,merge,선,'선',3,1,ec 84 a0,292,164,,hangul,True,
732,merge, 끝,' 끝',4,2,20 eb 81 9d,627,161,contains_whitespace,hangul;whitespace,True,
733,merge,,b' \xec\x95\x88\xeb',5,0,20 ec 95 88 eb,295,306,invalid_utf8,invalid_utf8,False,'utf-8' codec can't decode byte 0xeb in position 4: unexpected end of data
734,merge,당,'당',3,1,eb 8b b9,263,189,,hangul,True,
735,merge, 배우,' 배우',7,3,20 eb b0 b0 ec 9a b0,376,573,contains_whitespace,hangul;whitespace,True,
736,merge,원,'원',3,1,ec 9b 90,398,148,,hangul,True,
737,merge,렇게,'렇게',6,2,eb a0 87 ea b2 8c,656,319,,hangul,True,
738,merge,억,'억',3,1,ec 96 b5,519,185,,hangul,True,
739,merge,리고,'리고',6,2,eb a6 ac ea b3 a0,332,277,,hangul,True,
740,merge, 우,' 우',4,2,20 ec 9a b0,488,180,contains_whitespace,hangul;whitespace,True,
741,merge, 감독,' 감독',7,3,20 ea b0 90 eb 8f 85,514,137,contains_whitespace,hangul;whitespace,True,
742,merge,ㅜ,'ㅜ',3,1,e3 85 9c,284,160,,hangul,True,
743,merge,,b'\xed\x8b',2,0,ed 8b,241,143,invalid_utf8,invalid_utf8,False,'utf-8' codec can't decode bytes in position 0-1: unexpected end of data
744,merge, 공,' 공',4,2,20 ea b3 b5,36,499,contains_whitespace,hangul;whitespace,True,
745,merge,물,'물',3,1,eb ac bc,515,192,,hangul,True,
746,merge, 되,' 되',4,2,20 eb 90 98,261,468,contains_whitespace,hangul;whitespace,True,
747,merge, 조,' 조',4,2,20 ec a1 b0,561,180,contains_whitespace,hangul;whitespace,True,
748,merge,,b'\xeb\xa6\xac\xeb',4,0,eb a6 ac eb,301,294,invalid_utf8,invalid_utf8,False,'utf-8' codec can't decode byte 0xeb in position 3: unexpected end of data
749,merge,0점,'0점',4,2,30 ec a0 90,52,366,,digit;hangul,True,
750,merge,직,'직',3,1,ec a7 81,273,133,,hangul,True,
751,merge,,b'\xa3\xbd',2,0,a3 bd,167,193,invalid_utf8,invalid_utf8,False,'utf-8' codec can't decode byte 0xa3 in position 0: invalid start byte
752,merge,출,'출',3,1,ec b6 9c,524,160,,hangul,True,
753,merge, 해,' 해',4,2,20 ed 95 b4,36,355,contains_whitespace,hangul;whitespace,True,
754,merge,워,'워',3,1,ec 9b 8c,398,144,,hangul,True,
755,merge,,b'\xea\xb0\x90\xeb\x8f',5,0,ea b0 90 eb 8f,265,438,invalid_utf8,invalid_utf8,False,'utf-8' codec can't decode bytes in position 3-4: unexpected end of data
756,merge,,b'\xed\x9a',2,0,ed 9a,241,158,invalid_utf8,invalid_utf8,False,'utf-8' codec can't decode bytes in position 0-1: unexpected end of data
757,merge,린,'린',3,1,eb a6 b0,301,180,,hangul,True,
758,merge,깝,'깝',3,1,ea b9 9d,362,161,,hangul,True,
759,merge,^^,'^^',2,2,5e 5e,98,98,,punct_symbol,True,
760,merge,,b'\xeb\xaf',2,0,eb af,239,179,invalid_utf8,invalid_utf8,False,'utf-8' codec can't decode bytes in position 0-1: unexpected end of data
761,merge,재,'재',3,1,ec 9e ac,274,176,,hangul,True,
762,merge, 애,' 애',4,2,20 ec 95 a0,295,164,contains_whitespace,hangul;whitespace,True,
763,merge,,b'\xed\x82',2,0,ed 82,241,134,invalid_utf8,invalid_utf8,False,'utf-8' codec can't decode bytes in position 0-1: unexpected end of data
764,merge,",,","',,'",2,2,2c 2c,48,48,,punct_symbol,True,
765,merge, 좀,' 좀',4,2,20 ec a2 80,383,132,contains_whitespace,hangul;whitespace,True,
766,merge,랑,'랑',3,1,eb 9e 91,375,149,,hangul,True,
767,merge,릴,'릴',3,1,eb a6 b4,301,184,,hangul,True,
768,merge,동,'동',3,1,eb 8f 99,281,157,,hangul,True,
769,merge,봤,'봤',3,1,eb b4 a4,491,168,,hangul,True,
770,merge, 아니,' 아니',7,3,20 ec 95 84 eb 8b 88,349,336,contains_whitespace,hangul;whitespace,True,
771,merge, 재미있,' 재미있',10,4,20 ec 9e ac eb af b8 ec 9e 88,461,421,contains_whitespace,hangul;whitespace,True,
772,merge,,b'\xa1\xec\x85\x98',4,0,a1 ec 85 98,165,651,invalid_utf8,invalid_utf8,False,'utf-8' codec can't decode byte 0xa1 in position 0: invalid start byte
773,merge, 내용,' 내용',7,3,20 eb 82 b4 ec 9a a9,482,520,contains_whitespace,hangul;whitespace,True,
774,merge,,b' \xed\x95',3,0,20 ed 95,36,264,invalid_utf8,invalid_utf8,False,'utf-8' codec can't decode bytes in position 1-2: unexpected end of data
775,merge,,b' \xeb\x86',3,0,20 eb 86,261,138,invalid_utf8,invalid_utf8,False,'utf-8' codec can't decode bytes in position 1-2: unexpected end of data
776,merge,지막,'지막',6,2,ec a7 80 eb a7 89,286,666,,hangul,True,
777,merge,,b' \xec\x86',3,0,20 ec 86,260,138,invalid_utf8,invalid_utf8,False,'utf-8' codec can't decode bytes in position 1-2: unexpected end of data
778,merge,다고,'다고',6,2,eb 8b a4 ea b3 a0,268,277,,hangul,True,
779,merge,,b' \xec\xb9',3,0,20 ec b9,260,189,invalid_utf8,invalid_utf8,False,'utf-8' codec can't decode bytes in position 1-2: unexpected end of data
780,merge,좋,'좋',3,1,ec a2 8b,579,143,,hangul,True,
781,merge,보고,'보고',6,2,eb b3 b4 ea b3 a0,374,277,,hangul,True,
782,merge,길,'길',3,1,ea b8 b8,288,188,,hangul,True,
783,merge,재밌,'재밌',6,2,ec 9e ac eb b0 8c,476,435,,hangul,True,
784,merge, 싶,' 싶',4,2,20 ec 8b b6,358,186,contains_whitespace,hangul;whitespace,True,
785,merge,,b' \xed\x8c',3,0,20 ed 8c,297,144,invalid_utf8,invalid_utf8,False,'utf-8' codec can't decode bytes in position 1-2: unexpected end of data
786,merge,현,'현',3,1,ed 98 84,439,136,,hangul,True,
787,merge, 명,' 명',4,2,20 eb aa 85,364,137,contains_whitespace,hangul;whitespace,True,
788,merge,속,'속',3,1,ec 86 8d,625,145,,hangul,True,
789,merge,모,'모',3,1,eb aa a8,426,172,,hangul,True,
790,merge,,b'\x84\xec\xa0\x84',4,0,84 ec a0 84,136,434,invalid_utf8,invalid_utf8,False,'utf-8' codec can't decode byte 0x84 in position 0: invalid start byte
791,merge,영,'영',3,1,ec 98 81,240,280,,hangul,True,
792,merge,른,'른',3,1,eb a5 b8,337,188,,hangul,True,
793,merge,ㅎㅎ,'ㅎㅎ',6,2,e3 85 8e e3 85 8e,555,555,,hangul,True,
794,merge,,b'\xac\xbc',2,0,ac bc,176,192,invalid_utf8,invalid_utf8,False,'utf-8' codec can't decode byte 0xac in position 0: invalid start byte
795,merge,,b' \xeb\x98',3,0,20 eb 98,261,156,invalid_utf8,invalid_utf8,False,'utf-8' codec can't decode bytes in position 1-2: unexpected end of data
796,merge,,b' \xed\x97',3,0,20 ed 97,297,155,invalid_utf8,invalid_utf8,False,'utf-8' codec can't decode bytes in position 1-2: unexpected end of data
797,merge,은 영화,'은 영화',10,4,ec 9d 80 20 ec 98 81 ed 99 94,313,305,contains_whitespace,hangul;whitespace,True,
798,merge,애,'애',3,1,ec 95 a0,283,164,,hangul,True,
799,merge,,b'\xed\x9d',2,0,ed 9d,241,161,invalid_utf8,invalid_utf8,False,'utf-8' codec can't decode bytes in position 0-1: unexpected end of data
800,merge, 웃,' 웃',4,2,20 ec 9b 83,565,135,contains_whitespace,hangul;whitespace,True,
801,merge,,b'\x98\xec\x9d\x8c',4,0,98 ec 9d 8c,156,370,invalid_utf8,invalid_utf8,False,'utf-8' codec can't decode byte 0x98 in position 0: invalid start byte
802,merge, 참,' 참',4,2,20 ec b0 b8,496,188,contains_whitespace,hangul;whitespace,True,
803,merge, 좋아,' 좋아',7,3,20 ec a2 8b ec 95 84,406,338,contains_whitespace,hangul;whitespace,True,
804,merge, 반,' 반',4,2,20 eb b0 98,376,156,contains_whitespace,hangul;whitespace,True,
805,merge,바,'바',3,1,eb b0 94,363,152,,hangul,True,
806,merge,,b'\xeb\x8b\xa4\n\xec',5,0,eb 8b a4 0a ec,268,353,invalid_utf8,invalid_utf8,False,'utf-8' codec can't decode byte 0xec in position 4: unexpected end of data
807,merge,,b'\xeb\x86',2,0,eb 86,239,138,invalid_utf8,invalid_utf8,False,'utf-8' codec can't decode bytes in position 0-1: unexpected end of data
808,merge, 감,' 감',4,2,20 ea b0 90,344,148,contains_whitespace,hangul;whitespace,True,
809,merge, 2,' 2',2,2,20 32,36,54,contains_whitespace,digit;whitespace,True,
810,merge, 저,' 저',4,2,20 ec a0 80,331,132,contains_whitespace,hangul;whitespace,True,
811,merge,,b'\x88\xeb\x8d\x98',4,0,88 eb 8d 98,726,156,invalid_utf8,invalid_utf8,False,'utf-8' codec can't decode byte 0x88 in position 0: invalid start byte
812,merge,,b'\xea\xbb',2,0,ea bb,238,191,invalid_utf8,invalid_utf8,False,'utf-8' codec can't decode bytes in position 0-1: unexpected end of data
813,merge, 고,' 고',4,2,20 ea b3 a0,36,277,contains_whitespace,hangul;whitespace,True,
814,merge, 상,' 상',4,2,20 ec 83 81,429,133,contains_whitespace,hangul;whitespace,True,
815,merge,포,'포',3,1,ed 8f ac,652,176,,hangul,True,
816,merge, 봐,' 봐',4,2,20 eb b4 90,410,148,contains_whitespace,hangul;whitespace,True,
817,merge,적이,'적이',6,2,ec a0 81 ec 9d b4,417,267,,hangul,True,
818,merge, 재미없,' 재미없',10,4,20 ec 9e ac eb af b8 ec 97 86,461,401,contains_whitespace,hangul;whitespace,True,
819,merge, 사랑,' 사랑',7,3,20 ec 82 ac eb 9e 91,542,149,contains_whitespace,hangul;whitespace,True,
820,merge,노,'노',3,1,eb 85 b8,454,188,,hangul,True,
821,merge,,b' \xeb\x85',3,0,20 eb 85,261,137,invalid_utf8,invalid_utf8,False,'utf-8' codec can't decode bytes in position 1-2: unexpected end of data
822,merge,역,'역',3,1,ec 97 ad,270,177,,hangul,True,
823,merge,,b' \xeb\x8a\x90\xeb\x82',6,0,20 eb 8a 90 eb 82,609,291,invalid_utf8,invalid_utf8,False,'utf-8' codec can't decode bytes in position 4-5: unexpected end of data
824,merge,OO,'OO',2,2,4f 4f,83,83,,english,True,
825,merge,관,'관',3,1,ea b4 80,655,132,,hangul,True,
826,merge,으면,'으면',6,2,ec 9c bc eb a9 b4,378,356,,hangul,True,
827,merge,다가,'다가',6,2,eb 8b a4 ea b0 80,268,290,,hangul,True,
828,merge, 다시,' 다시',7,3,20 eb 8b a4 ec 8b 9c,416,365,contains_whitespace,hangul;whitespace,True,
829,merge,,b'\xa5\xbc',2,0,a5 bc,169,192,invalid_utf8,invalid_utf8,False,'utf-8' codec can't decode byte 0xa5 in position 0: invalid start byte
830,merge,의 영화,'의 영화',10,4,ec 9d 98 20 ec 98 81 ed 99 94,310,305,contains_whitespace,hangul;whitespace,True,
831,merge,,b'\xed\x85',2,0,ed 85,241,137,invalid_utf8,invalid_utf8,False,'utf-8' codec can't decode bytes in position 0-1: unexpected end of data
832,merge,족,'족',3,1,ec a1 b1,506,181,,hangul,True,
833,merge, 바,' 바',4,2,20 eb b0 94,376,152,contains_whitespace,hangul;whitespace,True,
834,merge,,b'\xeb\xa7\x88\xeb',4,0,eb a7 88 eb,275,306,invalid_utf8,invalid_utf8,False,'utf-8' codec can't decode byte 0xeb in position 3: unexpected end of data
835,merge,위,'위',3,1,ec 9c 84,342,136,,hangul,True,
836,merge, 결,' 결',4,2,20 ea b2 b0,587,180,contains_whitespace,hangul;whitespace,True,
837,merge,프,'프',3,1,ed 94 84,502,136,,hangul,True,
838,merge, 거,' 거',4,2,20 ea b1 b0,567,180,contains_whitespace,hangul;whitespace,True,
839,merge, 쓰레기,' 쓰레기',10,4,20 ec 93 b0 eb a0 88 ea b8 b0,260,686,contains_whitespace,hangul;whitespace,True,
840,merge,줄,'줄',3,1,ec a4 84,389,136,,hangul,True,
841,merge, 봤는데,' 봤는데',10,4,20 eb b4 a4 eb 8a 94 eb 8d b0,480,393,contains_whitespace,hangul;whitespace,True,
842,merge, 매,' 매',4,2,20 eb a7 a4,323,168,contains_whitespace,hangul;whitespace,True,
843,merge, 역,' 역',4,2,20 ec 97 ad,315,177,contains_whitespace,hangul;whitespace,True,
844,merge,입니,'입니',6,2,ec 9e 85 eb 8b 88,583,336,,hangul,True,
845,merge,평점,'평점',6,2,ed 8f 89 ec a0 90,241,517,,hangul,True,
846,merge,두,'두',3,1,eb 91 90,239,660,,hangul,True,
847,merge, 보는,' 보는',7,3,20 eb b3 b4 eb 8a 94,357,272,contains_whitespace,hangul;whitespace,True,
848,merge, 그냥,' 그냥',7,3,20 ea b7 b8 eb 83 a5,359,632,contains_whitespace,hangul;whitespace,True,
849,merge,,b'\xeb\x96',2,0,eb 96,239,154,invalid_utf8,invalid_utf8,False,'utf-8' codec can't decode bytes in position 0-1: unexpected end of data
850,merge,잼,'잼',3,1,ec 9e bc,274,192,,hangul,True,
851,merge, 실,' 실',4,2,20 ec 8b a4,358,168,contains_whitespace,hangul;whitespace,True,
852,merge,님,'님',3,1,eb 8b 98,263,156,,hangul,True,
853,merge,,b'\xeb\xad',2,0,eb ad,239,177,invalid_utf8,invalid_utf8,False,'utf-8' codec can't decode bytes in position 0-1: unexpected end of data
854,merge,인공,'인공',6,2,ec 9d b8 ea b3 b5,341,499,,hangul,True,
855,merge,남,'남',3,1,eb 82 a8,291,172,,hangul,True,
856,merge,군,'군',3,1,ea b5 b0,354,180,,hangul,True,
857,merge,청,'청',3,1,ec b2 ad,407,177,,hangul,True,
858,merge,,b'\xed\x97',2,0,ed 97,241,155,invalid_utf8,invalid_utf8,False,'utf-8' codec can't decode bytes in position 0-1: unexpected end of data
859,merge,박,'박',3,1,eb b0 95,363,153,,hangul,True,
860,merge, 좋았,' 좋았',7,3,20 ec a2 8b ec 95 98,406,467,contains_whitespace,hangul;whitespace,True,
861,merge,울,'울',3,1,ec 9a b8,287,188,,hangul,True,
862,merge,조,'조',3,1,ec a1 b0,506,180,,hangul,True,
863,merge,,b'\xec\x82\xac\xeb\x9e',5,0,ec 82 ac eb 9e,394,444,invalid_utf8,invalid_utf8,False,'utf-8' codec can't decode bytes in position 3-4: unexpected end of data
864,merge,럽,'럽',3,1,eb 9f bd,352,193,,hangul,True,
865,merge,,b'\x84\xa4',2,0,84 a4,136,168,invalid_utf8,invalid_utf8,False,'utf-8' codec can't decode byte 0x84 in position 0: invalid start byte
866,merge,,b'\xac\xeb\xa6',3,0,ac eb a6,294,170,invalid_utf8,invalid_utf8,False,'utf-8' codec can't decode byte 0xac in position 0: invalid start byte
867,merge,발,'발',3,1,eb b0 9c,363,160,,hangul,True,
868,merge,,b'\xec\x89',2,0,ec 89,240,141,invalid_utf8,invalid_utf8,False,'utf-8' codec can't decode bytes in position 0-1: unexpected end of data
869,merge,질,'질',3,1,ec a7 88,273,140,,hangul,True,
870,merge,경,'경',3,1,ea b2 bd,282,193,,hangul,True,
871,merge,,b'\xa9\xeb\x8b\x88',4,0,a9 eb 8b 88,173,336,invalid_utf8,invalid_utf8,False,'utf-8' codec can't decode byte 0xa9 in position 0: invalid start byte
872,merge,\n아,'\n아',4,2,0a ec 95 84,14,338,contains_whitespace;control_char,control;hangul;whitespace,True,
873,merge,라고,'라고',6,2,eb 9d bc ea b3 a0,330,277,,hangul,True,
874,merge,연기,'연기',6,2,ec 97 b0 ea b8 b0,483,303,,hangul,True,
875,merge,어서,'어서',6,2,ec 96 b4 ec 84 9c,327,321,,hangul,True,
876,merge,엔,'엔',3,1,ec 97 94,270,152,,hangul,True,
877,merge,설,'설',3,1,ec 84 a4,292,168,,hangul,True,
878,merge,반,'반',3,1,eb b0 98,363,156,,hangul,True,
879,merge, 영,' 영',4,2,20 ec 98 81,260,280,contains_whitespace,hangul;whitespace,True,
880,merge,,b'\xe3\x84',2,0,e3 84,231,136,invalid_utf8,invalid_utf8,False,'utf-8' codec can't decode bytes in position 0-1: unexpected end of data
881,merge,싶,'싶',3,1,ec 8b b6,307,186,,hangul,True,
882,merge,식,'식',3,1,ec 8b 9d,307,161,,hangul,True,
883,merge,,b'\x91\x9c',2,0,91 9c,149,160,invalid_utf8,invalid_utf8,False,'utf-8' codec can't decode byte 0x91 in position 0: invalid start byte
884,merge,회,'회',3,1,ed 9a 8c,756,144,,hangul,True,
885,merge, 작품,' 작품',7,3,20 ec 9e 91 ed 92 88,708,715,contains_whitespace,hangul;whitespace,True,
886,merge,들의,'들의',6,2,eb 93 a4 ec 9d 98,334,310,,hangul,True,
887,merge, 살,' 살',4,2,20 ec 82 b4,387,184,contains_whitespace,hangul;whitespace,True,
888,merge,슨,'슨',3,1,ec 8a a8,324,172,,hangul,True,
889,merge, 신,' 신',4,2,20 ec 8b a0,358,164,contains_whitespace,hangul;whitespace,True,
890,merge,,b' \xed\x99',3,0,20 ed 99,36,276,invalid_utf8,invalid_utf8,False,'utf-8' codec can't decode bytes in position 1-2: unexpected end of data
891,merge,!!!!,'!!!!',4,4,21 21 21 21,384,384,repeated_run,punct_symbol,True,
892,merge,,b'\xba\x90',2,0,ba 90,190,148,invalid_utf8,invalid_utf8,False,'utf-8' codec can't decode byte 0xba in position 0: invalid start byte
893,merge,ㅋ\n,'ㅋ\n',4,2,e3 85 8b 0a,314,14,contains_whitespace;control_char,control;hangul;whitespace,True,
894,merge,움,'움',3,1,ec 9b 80,398,132,,hangul,True,
895,merge,도 없,'도 없',7,3,eb 8f 84 20 ec 97 86,296,409,contains_whitespace,hangul;whitespace,True,
896,merge,다 ,'다 ',4,2,eb 8b a4 20,268,36,contains_whitespace,hangul;whitespace,True,
897,merge, 시간,' 시간',7,3,20 ec 8b 9c ea b0 84,472,442,contains_whitespace,hangul;whitespace,True,
898,merge,봐,'봐',3,1,eb b4 90,491,148,,hangul,True,
899,merge,추,'추',3,1,ec b6 94,524,152,,hangul,True,
900,merge, 할,' 할',4,2,20 ed 95 a0,36,478,contains_whitespace,hangul;whitespace,True,
901,merge,답,'답',3,1,eb 8b b5,263,185,,hangul,True,
902,merge,,b' \xed\x94',3,0,20 ed 94,297,152,invalid_utf8,invalid_utf8,False,'utf-8' codec can't decode bytes in position 1-2: unexpected end of data
903,merge,,b' \xeb\x90',3,0,20 eb 90,261,148,invalid_utf8,invalid_utf8,False,'utf-8' codec can't decode bytes in position 1-2: unexpected end of data
904,merge,인데,'인데',6,2,ec 9d b8 eb 8d b0,341,346,,hangul,True,
905,merge, 때,' 때',4,2,20 eb 95 8c,261,481,contains_whitespace,hangul;whitespace,True,
906,merge, 노,' 노',4,2,20 eb 85 b8,821,188,contains_whitespace,hangul;whitespace,True,
907,merge,야기,'야기',6,2,ec 95 bc ea b8 b0,412,303,,hangul,True,
908,merge, 넘,' 넘',4,2,20 eb 84 98,396,156,contains_whitespace,hangul;whitespace,True,
909,merge,,b' \xec\xb4',3,0,20 ec b4,260,184,invalid_utf8,invalid_utf8,False,'utf-8' codec can't decode bytes in position 1-2: unexpected end of data
910,merge,급,'급',3,1,ea b8 89,288,141,,hangul,True,
911,merge, 추,' 추',4,2,20 ec b6 94,616,152,contains_whitespace,hangul;whitespace,True,
912,merge, 하나,' 하나',7,3,20 ed 95 98 eb 82 98,411,320,contains_whitespace,hangul;whitespace,True,
913,merge,,b'\xe2\x99',2,0,e2 99,230,157,invalid_utf8,invalid_utf8,False,'utf-8' codec can't decode bytes in position 0-1: unexpected end of data
914,merge,란,'란',3,1,eb 9e 80,375,132,,hangul,True,
915,merge,,b' \xeb\xa8',3,0,20 eb a8,261,172,invalid_utf8,invalid_utf8,False,'utf-8' codec can't decode bytes in position 1-2: unexpected end of data
916,merge,ㅡㅡ,'ㅡㅡ',6,2,e3 85 a1 e3 85 a1,575,575,,hangul,True,
917,merge,들은,'들은',6,2,eb 93 a4 ec 9d 80,334,313,,hangul,True,
918,merge, 예,' 예',4,2,20 ec 98 88,456,140,contains_whitespace,hangul;whitespace,True,
919,merge,,b'\xec\x81',2,0,ec 81,240,133,invalid_utf8,invalid_utf8,False,'utf-8' codec can't decode bytes in position 0-1: unexpected end of data
920,merge,증,'증',3,1,ec a6 9d,539,161,,hangul,True,
921,merge, 몰,' 몰',4,2,20 eb aa b0,364,180,contains_whitespace,hangul;whitespace,True,
922,merge,,b'\x8c\xec\x9d\xb4',4,0,8c ec 9d b4,144,267,invalid_utf8,invalid_utf8,False,'utf-8' codec can't decode byte 0x8c in position 0: invalid start byte
923,merge,,b'\xbb\x94',2,0,bb 94,191,152,invalid_utf8,invalid_utf8,False,'utf-8' codec can't decode byte 0xbb in position 0: invalid start byte
924,merge,,b' \xed\x8f',3,0,20 ed 8f,297,147,invalid_utf8,invalid_utf8,False,'utf-8' codec can't decode bytes in position 1-2: unexpected end of data
925,merge, 코,' 코',4,2,20 ec bd 94,260,654,contains_whitespace,hangul;whitespace,True,
926,merge,온,'온',3,1,ec 98 a8,360,172,,hangul,True,
927,merge,교,'교',3,1,ea b5 90,354,148,,hangul,True,
928,merge,세요,'세요',6,2,ec 84 b8 ec 9a 94,564,326,,hangul,True,
929,merge, 영화를,' 영화를',10,4,20 ec 98 81 ed 99 94 eb a5 bc,305,382,contains_whitespace,hangul;whitespace,True,
930,merge,,b' \xeb\x96',3,0,20 eb 96,261,154,invalid_utf8,invalid_utf8,False,'utf-8' codec can't decode bytes in position 1-2: unexpected end of data
931,merge,된,'된',3,1,eb 90 9c,712,160,,hangul,True,
932,merge, 죽,' 죽',4,2,20 ec a3 bd,260,751,contains_whitespace,hangul;whitespace,True,
933,merge,없는,'없는',6,2,ec 97 86 eb 8a 94,401,272,,hangul,True,
934,merge,글,'글',3,1,ea b8 80,288,132,,hangul,True,
935,merge, 나오,' 나오',7,3,20 eb 82 98 ec 98 a4,408,466,contains_whitespace,hangul;whitespace,True,
936,merge, 액션,' 액션',7,3,20 ec 95 a1 ec 85 98,295,772,contains_whitespace,hangul;whitespace,True,
937,merge, 모르,' 모르',7,3,20 eb aa a8 eb a5 b4,535,576,contains_whitespace,hangul;whitespace,True,
938,merge, 아깝,' 아깝',7,3,20 ec 95 84 ea b9 9d,349,758,contains_whitespace,hangul;whitespace,True,
939,merge,이나,'이나',6,2,ec 9d b4 eb 82 98,267,320,,hangul,True,
940,merge,,b'\x9c\xec\xb0',3,0,9c ec b0,160,490,invalid_utf8,invalid_utf8,False,'utf-8' codec can't decode byte 0x9c in position 0: invalid start byte
941,merge,판,'판',3,1,ed 8c 90,522,148,,hangul,True,
942,merge, 의,' 의',4,2,20 ec 9d 98,302,156,contains_whitespace,hangul;whitespace,True,
943,merge,~\n,'~\n',2,2,7e 0a,130,14,contains_whitespace;control_char,control;punct_symbol;whitespace,True,
944,merge,,b'\n\xec\x99',3,0,0a ec 99,353,157,invalid_utf8,invalid_utf8,False,'utf-8' codec can't decode bytes in position 1-2: unexpected end of data
945,merge,는지,'는지',6,2,eb 8a 94 ec a7 80,272,286,,hangul,True,
946,merge,,b' \xed\x83',3,0,20 ed 83,297,135,invalid_utf8,invalid_utf8,False,'utf-8' codec can't decode bytes in position 1-2: unexpected end of data
947,merge,민,'민',3,1,eb af bc,760,192,,hangul,True,
948,merge,같은,'같은',6,2,ea b0 99 ec 9d 80,569,313,,hangul,True,
949,merge,대로,'대로',6,2,eb 8c 80 eb a1 9c,390,325,,hangul,True,
950,merge,즈,'즈',3,1,ec a6 88,539,140,,hangul,True,
951,merge,않,'않',3,1,ec 95 8a,283,142,,hangul,True,
952,merge,져,'져',3,1,ec a0 b8,278,188,,hangul,True,
953,merge,극,'극',3,1,ea b7 b9,610,189,,hangul,True,
954,merge,처,'처',3,1,ec b2 98,407,156,,hangul,True,
955,merge,며,'며',3,1,eb a9 b0,340,180,,hangul,True,
956,merge,,b'\xb5\x9c\xea\xb3\xa0',5,0,b5 9c ea b3 a0,424,277,invalid_utf8,invalid_utf8,False,'utf-8' codec can't decode byte 0xb5 in position 0: invalid start byte
957,merge,음\n,'음\n',4,2,ec 9d 8c 0a,370,14,contains_whitespace;control_char,control;hangul;whitespace,True,
958,merge,적으로,'적으로',9,3,ec a0 81 ec 9c bc eb a1 9c,417,432,,hangul,True,
959,merge,지는,'지는',6,2,ec a7 80 eb 8a 94,286,272,,hangul,True,
960,merge,부터,'부터',6,2,eb b6 80 ed 84 b0,523,547,,hangul,True,
961,merge,학,'학',3,1,ed 95 99,264,157,,hangul,True,
962,merge, 또,' 또',4,2,20 eb 98 90,795,148,contains_whitespace,hangul;whitespace,True,
963,merge,,b' \xed\x9e',3,0,20 ed 9e,297,162,invalid_utf8,invalid_utf8,False,'utf-8' codec can't decode bytes in position 1-2: unexpected end of data
964,merge, 영화가,' 영화가',10,4,20 ec 98 81 ed 99 94 ea b0 80,305,290,contains_whitespace,hangul;whitespace,True,
965,merge, 3,' 3',2,2,20 33,36,55,contains_whitespace,digit;whitespace,True,
966,merge,시간,'시간',6,2,ec 8b 9c ea b0 84,365,442,,hangul,True,
967,merge,행,'행',3,1,ed 96 89,418,141,,hangul,True,
968,merge,,b' \xed\x8a',3,0,20 ed 8a,297,142,invalid_utf8,invalid_utf8,False,'utf-8' codec can't decode bytes in position 1-2: unexpected end of data
969,merge, 좋은,' 좋은',7,3,20 ec a2 8b ec 9d 80,406,313,contains_whitespace,hangul;whitespace,True,
970,merge, 수 있,' 수 있',8,4,20 ec 88 98 20 ec 9e 88,531,431,contains_whitespace,hangul;whitespace,True,
971,merge,다...,'다...',6,4,eb 8b a4 2e 2e 2e,268,373,repeated_run,hangul;punct_symbol,True,
972,merge, 원,' 원',4,2,20 ec 9b 90,565,148,contains_whitespace,hangul;whitespace,True,
973,merge,지도,'지도',6,2,ec a7 80 eb 8f 84,286,296,,hangul,True,
974,merge,겨,'겨',3,1,ea b2 a8,282,172,,hangul,True,
975,merge, 이해,' 이해',7,3,20 ec 9d b4 ed 95 b4,322,355,contains_whitespace,hangul;whitespace,True,
976,merge,천,'천',3,1,ec b2 9c,407,160,,hangul,True,
977,merge, 기대,' 기대',7,3,20 ea b8 b0 eb 8c 80,511,390,contains_whitespace,hangul;whitespace,True,
978,merge,에게,'에게',6,2,ec 97 90 ea b2 8c,300,319,,hangul,True,
979,merge, 성,' 성',4,2,20 ec 84 b1,470,181,contains_whitespace,hangul;whitespace,True,
980,merge,!!\n,'!!\n',3,3,21 21 0a,384,14,contains_whitespace;control_char,control;punct_symbol;whitespace,True,
981,merge,느,'느',3,1,eb 8a 90,269,148,,hangul,True,
982,merge, 후,' 후',4,2,20 ed 9b 84,297,696,contains_whitespace,hangul;whitespace,True,
983,merge, 마지막,' 마지막',10,4,20 eb a7 88 ec a7 80 eb a7 89,589,776,contains_whitespace,hangul;whitespace,True,
984,merge, 현,' 현',4,2,20 ed 98 84,646,136,contains_whitespace,hangul;whitespace,True,
985,merge,코,'코',3,1,ec bd 94,240,654,,hangul,True,
986,merge,,b'\x9c\xec\xb0\xae',4,0,9c ec b0 ae,940,178,invalid_utf8,invalid_utf8,False,'utf-8' codec can't decode byte 0x9c in position 0: invalid start byte
987,merge, 처음,' 처음',7,3,20 ec b2 98 ec 9d 8c,606,801,contains_whitespace,hangul;whitespace,True,
988,merge, 들,' 들',4,2,20 eb 93 a4,450,168,contains_whitespace,hangul;whitespace,True,
989,merge,류,'류',3,1,eb a5 98,337,156,,hangul,True,
990,merge,,b'\x88\xeb\x84\xa4',4,0,88 eb 84 a4,306,865,invalid_utf8,invalid_utf8,False,'utf-8' codec can't decode byte 0x88 in position 0: invalid start byte
991,merge, 없는,' 없는',7,3,20 ec 97 86 eb 8a 94,409,272,contains_whitespace,hangul;whitespace,True,
992,merge,,b'\xec\xbc',2,0,ec bc,240,192,invalid_utf8,invalid_utf8,False,'utf-8' codec can't decode bytes in position 0-1: unexpected end of data
993,merge,티,'티',3,1,ed 8b b0,743,180,,hangul,True,
994,merge,배우,'배우',6,2,eb b0 b0 ec 9a b0,363,573,,hangul,True,
995,merge, 분,' 분',4,2,20 eb b6 84,479,136,contains_whitespace,hangul;whitespace,True,
996,merge,잔,'잔',3,1,ec 9e 94,274,152,,hangul,True,
997,merge, 도,' 도',4,2,20 eb 8f 84,495,136,contains_whitespace,hangul;whitespace,True,
998,merge,씨,'씨',3,1,ec 94 a8,692,172,,hangul,True,
999,merge, 10점,' 10점',6,4,20 31 30 ec a0 90,505,749,contains_whitespace,digit;hangul;whitespace,True,
1000,merge,절,'절',3,1,ec a0 88,278,140,,hangul,True,
1001,merge, 따,' 따',4,2,20 eb 94 b0,668,180,contains_whitespace,hangul;whitespace,True,
1002,merge, 했,' 했',4,2,20 ed 96 88,714,140,contains_whitespace,hangul;whitespace,True,
1003,merge, 영화는,' 영화는',10,4,20 ec 98 81 ed 99 94 eb 8a 94,305,272,contains_whitespace,hangul;whitespace,True,
1004,merge,,b'\xec\xa3',2,0,ec a3,240,167,invalid_utf8,invalid_utf8,False,'utf-8' codec can't decode bytes in position 0-1: unexpected end of data
1005,merge, 기억,' 기억',7,3,20 ea b8 b0 ec 96 b5,511,738,contains_whitespace,hangul;whitespace,True,
1006,merge,,b'\n\xec\x98',3,0,0a ec 98,353,156,invalid_utf8,invalid_utf8,False,'utf-8' codec can't decode bytes in position 1-2: unexpected end of data
1007,merge,피,'피',3,1,ed 94 bc,502,192,,hangul,True,
1008,merge, 장면,' 장면',7,3,20 ec 9e a5 eb a9 b4,703,356,contains_whitespace,hangul;whitespace,True,
1009,merge,후,'후',3,1,ed 9b 84,241,696,,hangul,True,
1010,merge,,b'\xeb\xb8',2,0,eb b8,239,188,invalid_utf8,invalid_utf8,False,'utf-8' codec can't decode bytes in position 0-1: unexpected end of data
1011,merge, 위,' 위',4,2,20 ec 9c 84,536,136,contains_whitespace,hangul;whitespace,True,
1012,merge, 관,' 관',4,2,20 ea b4 80,633,132,contains_whitespace,hangul;whitespace,True,
1013,merge,,b' \xea\xbc',3,0,20 ea bc,299,192,invalid_utf8,invalid_utf8,False,'utf-8' codec can't decode bytes in position 1-2: unexpected end of data
1014,merge,호,'호',3,1,ed 98 b8,439,188,,hangul,True,
1015,merge,습니다.,'습니다.',10,4,ec 8a b5 eb 8b 88 eb 8b a4 2e,557,369,,hangul;punct_symbol,True,
1016,merge, 극,' 극',4,2,20 ea b7 b9,659,189,contains_whitespace,hangul;whitespace,True,
1017,merge,하다,'하다',6,2,ed 95 98 eb 8b a4,289,268,,hangul,True,
1018,merge, 세,' 세',4,2,20 ec 84 b8,470,188,contains_whitespace,hangul;whitespace,True,
1019,merge,정도,'정도',6,2,ec a0 95 eb 8f 84,395,296,,hangul,True,
1020,merge,슴,'슴',3,1,ec 8a b4,324,184,,hangul,True,
1021,merge,문에,'문에',6,2,eb ac b8 ec 97 90,716,300,,hangul,True,
1022,merge, 이건,' 이건',7,3,20 ec 9d b4 ea b1 b4,322,477,contains_whitespace,hangul;whitespace,True,
1023,merge,,b'\xeb\x8b\x88\xeb',4,0,eb 8b 88 eb,263,306,invalid_utf8,invalid_utf8,False,'utf-8' codec can't decode byte 0xeb in position 3: unexpected end of data
1024,merge, 한국,' 한국',7,3,20 ed 95 9c ea b5 ad,469,538,contains_whitespace,hangul;whitespace,True,
1025,merge,,b' \xeb\xac',3,0,20 eb ac,261,176,invalid_utf8,invalid_utf8,False,'utf-8' codec can't decode bytes in position 1-2: unexpected end of data
1026,merge, 평,' 평',4,2,20 ed 8f 89,297,443,contains_whitespace,hangul;whitespace,True,
1027,merge,합니,'합니',6,2,ed 95 a9 eb 8b 88,264,871,,hangul,True,
1028,merge, 강,' 강',4,2,20 ea b0 95,344,153,contains_whitespace,hangul;whitespace,True,
1029,merge, 이거,' 이거',7,3,20 ec 9d b4 ea b1 b0,322,385,contains_whitespace,hangul;whitespace,True,
1030,merge,렸,'렸',3,1,eb a0 b8,339,188,,hangul,True,
1031,merge, 짜,' 짜',4,2,20 ec a7 9c,351,160,contains_whitespace,hangul;whitespace,True,
1032,merge,방,'방',3,1,eb b0 a9,363,173,,hangul,True,
1033,merge, 연출,' 연출',7,3,20 ec 97 b0 ec b6 9c,446,752,contains_whitespace,hangul;whitespace,True,
1034,merge,그냥,'그냥',6,2,ea b7 b8 eb 83 a5,460,632,,hangul,True,
1035,merge,♥,'♥',3,1,e2 99 a5,913,169,,punct_symbol,True,
1036,merge, 최악,' 최악',7,3,20 ec b5 9c ec 95 85,493,605,contains_whitespace,hangul;whitespace,True,
1037,merge,록,'록',3,1,eb a1 9d,312,161,,hangul,True,
1038,merge,"고,","'고,'",4,2,ea b3 a0 2c,277,48,,hangul;punct_symbol,True,
1039,merge,친,'친',3,1,ec b9 9c,419,160,,hangul,True,
1040,merge,맨,'맨',3,1,eb a7 a8,275,172,,hangul,True,
1041,merge,는거,'는거',6,2,eb 8a 94 ea b1 b0,272,385,,hangul,True,
1042,merge,,b' \xed\x9b',3,0,20 ed 9b,297,159,invalid_utf8,invalid_utf8,False,'utf-8' codec can't decode bytes in position 1-2: unexpected end of data
1043,merge, 불,' 불',4,2,20 eb b6 88,479,140,contains_whitespace,hangul;whitespace,True,
1044,merge,,b' \xed\x81',3,0,20 ed 81,297,133,invalid_utf8,invalid_utf8,False,'utf-8' codec can't decode bytes in position 1-2: unexpected end of data
1045,merge,살,'살',3,1,ec 82 b4,394,184,,hangul,True,
1046,merge,론,'론',3,1,eb a1 a0,312,164,,hangul,True,
1047,merge, 명작,' 명작',7,3,20 eb aa 85 ec 9e 91,787,423,contains_whitespace,hangul;whitespace,True,
1048,merge,키,'키',3,1,ed 82 a4,763,168,,hangul,True,
1049,merge, 이야기,' 이야기',10,4,20 ec 9d b4 ec 95 bc ea b8 b0,322,907,contains_whitespace,hangul;whitespace,True,
1050,merge,에 대,'에 대',7,3,ec 97 90 20 eb 8c 80,300,513,contains_whitespace,hangul;whitespace,True,
1051,merge,다면,'다면',6,2,eb 8b a4 eb a9 b4,268,356,,hangul,True,
1052,merge,못,'못',3,1,eb aa bb,426,191,,hangul,True,
1053,merge,감독,'감독',6,2,ea b0 90 eb 8f 85,755,137,,hangul,True,
1054,merge, 많이,' 많이',7,3,20 eb a7 8e ec 9d b4,675,267,contains_whitespace,hangul;whitespace,True,
1055,merge,럼,'럼',3,1,eb 9f bc,352,192,,hangul,True,
1056,merge,,b'\xeb\x88',2,0,eb 88,239,140,invalid_utf8,invalid_utf8,False,'utf-8' codec can't decode bytes in position 0-1: unexpected end of data
1057,merge,,b'\x88\xeb\xac\xbc',4,0,88 eb ac bc,306,794,invalid_utf8,invalid_utf8,False,'utf-8' codec can't decode byte 0x88 in position 0: invalid start byte
1058,merge,머,'머',3,1,eb a8 b8,698,188,,hangul,True,
1059,merge, 재밌게,' 재밌게',10,4,20 ec 9e ac eb b0 8c ea b2 8c,521,319,contains_whitespace,hangul;whitespace,True,
1060,merge, 그리고,' 그리고',10,4,20 ea b7 b8 eb a6 ac ea b3 a0,359,739,contains_whitespace,hangul;whitespace,True,
1061,merge,\n영화,'\n영화',7,3,0a ec 98 81 ed 99 94,353,285,contains_whitespace;control_char,control;hangul;whitespace,True,
1062,merge, 이렇게,' 이렇게',10,4,20 ec 9d b4 eb a0 87 ea b2 8c,322,737,contains_whitespace,hangul;whitespace,True,
1063,merge, 멋,' 멋',4,2,20 eb a9 8b,674,143,contains_whitespace,hangul;whitespace,True,
1064,merge,혀,'혀',3,1,ed 98 80,439,132,,hangul,True,
1065,merge,만에,'만에',6,2,eb a7 8c ec 97 90,328,300,,hangul,True,
1066,merge,이 너무,'이 너무',10,4,ec 9d b4 20 eb 84 88 eb ac b4,267,452,contains_whitespace,hangul;whitespace,True,
1067,merge, 동,' 동',4,2,20 eb 8f 99,495,157,contains_whitespace,hangul;whitespace,True,
1068,merge,,b' \xed\x8e',3,0,20 ed 8e,297,146,invalid_utf8,invalid_utf8,False,'utf-8' codec can't decode bytes in position 1-2: unexpected end of data
1069,merge, 배,' 배',4,2,20 eb b0 b0,376,180,contains_whitespace,hangul;whitespace,True,
1070,merge,00,'00',2,2,30 30,52,52,,digit,True,
1071,merge,,b'\x84\xec\x9a\x94',4,0,84 ec 9a 94,136,326,invalid_utf8,invalid_utf8,False,'utf-8' codec can't decode byte 0x84 in position 0: invalid start byte
1072,merge, 난,' 난',4,2,20 eb 82 9c,329,160,contains_whitespace,hangul;whitespace,True,
1073,merge,알,'알',3,1,ec 95 8c,283,144,,hangul,True,
1074,merge,,b'\x94\xec\x9d\xb4',4,0,94 ec 9d b4,152,267,invalid_utf8,invalid_utf8,False,'utf-8' codec can't decode byte 0x94 in position 0: invalid start byte
1075,merge,날,'날',3,1,eb 82 a0,291,164,,hangul,True,
1076,merge, 아름,' 아름',7,3,20 ec 95 84 eb a6 84,349,636,contains_whitespace,hangul;whitespace,True,
1077,merge,차,'차',3,1,ec b0 a8,490,172,,hangul,True,
1078,merge,....\n,'....\n',5,5,2e 2e 2e 2e 0a,427,14,contains_whitespace;control_char;repeated_run,control;punct_symbol;whitespace,True,
1079,merge,끼,'끼',3,1,eb 81 bc,665,192,,hangul,True,
1080,merge, 돈,' 돈',4,2,20 eb 8f 88,495,140,contains_whitespace,hangul;whitespace,True,
1081,merge,매,'매',3,1,eb a7 a4,275,168,,hangul,True,
1082,merge,습니다,'습니다',9,3,ec 8a b5 eb 8b 88 eb 8b a4,557,268,,hangul,True,
1083,merge, 만든,' 만든',7,3,20 eb a7 8c eb 93 a0,458,598,contains_whitespace,hangul;whitespace,True,
1084,merge,,b' \xec\x95\x84\xec\x89',6,0,20 ec 95 84 ec 89,349,868,invalid_utf8,invalid_utf8,False,'utf-8' codec can't decode bytes in position 4-5: unexpected end of data
1085,merge, 로,' 로',4,2,20 eb a1 9c,261,702,contains_whitespace,hangul;whitespace,True,
1086,merge,예,'예',3,1,ec 98 88,360,140,,hangul,True,
1087,merge, 아까,' 아까',7,3,20 ec 95 84 ea b9 8c,349,399,contains_whitespace,hangul;whitespace,True,
1088,merge, 두,' 두',4,2,20 eb 91 90,261,660,contains_whitespace,hangul;whitespace,True,
1089,merge,결,'결',3,1,ea b2 b0,282,180,,hangul,True,
1090,merge,,b'\xbf\x90',2,0,bf 90,195,148,invalid_utf8,invalid_utf8,False,'utf-8' codec can't decode byte 0xbf in position 0: invalid start byte
1091,merge,을까,'을까',6,2,ec 9d 84 ea b9 8c,318,399,,hangul,True,
1092,merge,하나,'하나',6,2,ed 95 98 eb 82 98,289,320,,hangul,True,
1093,merge,별,'별',3,1,eb b3 84,414,136,,hangul,True,
1094,merge, 울,' 울',4,2,20 ec 9a b8,488,188,contains_whitespace,hangul;whitespace,True,
1095,merge, 별,' 별',4,2,20 eb b3 84,397,136,contains_whitespace,hangul;whitespace,True,
1096,merge,볼,'볼',3,1,eb b3 bc,414,192,,hangul,True,
1097,merge,라는,'라는',6,2,eb 9d bc eb 8a 94,330,272,,hangul,True,
1098,merge, 캐,' 캐',4,2,20 ec ba 90,260,892,contains_whitespace,hangul;whitespace,True,
1099,merge,먹,'먹',3,1,eb a8 b9,698,189,,hangul,True,
1100,merge,잘,'잘',3,1,ec 9e 98,274,156,,hangul,True,
1101,merge,네요.,'네요.',7,3,eb 84 a4 ec 9a 94 2e,471,50,,hangul;punct_symbol,True,
1102,merge,격,'격',3,1,ea b2 a9,282,173,,hangul,True,
1103,merge, 영화\n,' 영화\n',8,4,20 ec 98 81 ed 99 94 0a,305,14,contains_whitespace;control_char,control;hangul;whitespace,True,
1104,merge,색,'색',3,1,ec 83 89,361,141,,hangul,True,
1105,merge, 1점,' 1점',5,3,20 31 ec a0 90,505,366,contains_whitespace,digit;hangul;whitespace,True,
1106,merge,하기,'하기',6,2,ed 95 98 ea b8 b0,289,303,,hangul,True,
1107,merge,,b' \xec\x88',3,0,20 ec 88,260,140,invalid_utf8,invalid_utf8,False,'utf-8' codec can't decode bytes in position 1-2: unexpected end of data
1108,merge,릭,'릭',3,1,eb a6 ad,301,177,,hangul,True,
1109,merge,없이,'없이',6,2,ec 97 86 ec 9d b4,401,267,,hangul,True,
1110,merge, 그런,' 그런',7,3,20 ea b7 b8 eb 9f b0,359,451,contains_whitespace,hangul;whitespace,True,
1111,merge, 아닌,' 아닌',7,3,20 ec 95 84 eb 8b 8c,693,144,contains_whitespace,hangul;whitespace,True,
1112,merge,뭐,'뭐',3,1,eb ad 90,853,148,,hangul,True,
1113,merge, 완전,' 완전',7,3,20 ec 99 84 ec a0 84,447,790,contains_whitespace,hangul;whitespace,True,
1114,merge, 뭔,' 뭔',4,2,20 eb ad 94,562,152,contains_whitespace,hangul;whitespace,True,
1115,merge,0년,'0년',4,2,30 eb 85 84,52,629,,digit;hangul,True,
1116,merge,형,'형',3,1,ed 98 95,439,153,,hangul,True,
1117,merge,웠,'웠',3,1,ec 9b a0,398,164,,hangul,True,
1118,merge, 화,' 화',4,2,20 ed 99 94,36,279,contains_whitespace,hangul;whitespace,True,
1119,merge, 괜찮,' 괜찮',7,3,20 ea b4 9c ec b0 ae,633,986,contains_whitespace,hangul;whitespace,True,
1120,merge,있는,'있는',6,2,ec 9e 88 eb 8a 94,421,272,,hangul,True,
1121,merge, 특,' 특',4,2,20 ed 8a b9,968,189,contains_whitespace,hangul;whitespace,True,
1122,merge, 별로,' 별로',7,3,20 eb b3 84 eb a1 9c,397,721,contains_whitespace,hangul;whitespace,True,
1123,merge,왔,'왔',3,1,ec 99 94,403,152,,hangul,True,
1124,merge, 하는,' 하는',7,3,20 ed 95 98 eb 8a 94,411,272,contains_whitespace,hangul;whitespace,True,
1125,merge, 표,' 표',4,2,20 ed 91 9c,297,883,contains_whitespace,hangul;whitespace,True,
1126,merge,,b'\xac\xeb\xa6\xac',4,0,ac eb a6 ac,866,176,invalid_utf8,invalid_utf8,False,'utf-8' codec can't decode byte 0xac in position 0: invalid start byte
1127,merge,테,'테',3,1,ed 85 8c,831,144,,hangul,True,
1128,merge,,b'\xeb\x9c',2,0,eb 9c,239,160,invalid_utf8,invalid_utf8,False,'utf-8' codec can't decode bytes in position 0-1: unexpected end of data
1129,merge, 당,' 당',4,2,20 eb 8b b9,372,189,contains_whitespace,hangul;whitespace,True,
1130,merge, 설,' 설',4,2,20 ec 84 a4,470,168,contains_whitespace,hangul;whitespace,True,
1131,merge, 발,' 발',4,2,20 eb b0 9c,376,160,contains_whitespace,hangul;whitespace,True,
1132,merge,,b'\xec\xb3',2,0,ec b3,240,183,invalid_utf8,invalid_utf8,False,'utf-8' codec can't decode bytes in position 0-1: unexpected end of data
1133,merge,,b' \xec\x96\xb4\xeb\x96',6,0,20 ec 96 b4 eb 96,455,849,invalid_utf8,invalid_utf8,False,'utf-8' codec can't decode bytes in position 4-5: unexpected end of data
1134,merge,아서,'아서',6,2,ec 95 84 ec 84 9c,338,321,,hangul,True,
1135,merge,,b'\xb0\x8b',2,0,b0 8b,180,143,invalid_utf8,invalid_utf8,False,'utf-8' codec can't decode byte 0xb0 in position 0: invalid start byte
1136,merge,복,'복',3,1,eb b3 b5,414,185,,hangul,True,
1137,merge, 잼,' 잼',4,2,20 ec 9e bc,293,192,contains_whitespace,hangul;whitespace,True,
1138,merge,근,'근',3,1,ea b7 bc,610,192,,hangul,True,
1139,merge,,b'\xed\x9b',2,0,ed 9b,241,159,invalid_utf8,invalid_utf8,False,'utf-8' codec can't decode bytes in position 0-1: unexpected end of data
1140,merge,녀,'녀',3,1,eb 85 80,454,132,,hangul,True,
1141,merge,ㄷ,'ㄷ',3,1,e3 84 b7,880,187,,hangul,True,
1142,merge, 그래,' 그래',7,3,20 ea b7 b8 eb 9e 98,359,525,contains_whitespace,hangul;whitespace,True,
1143,merge, 내가,' 내가',7,3,20 eb 82 b4 ea b0 80,482,290,contains_whitespace,hangul;whitespace,True,
1144,merge,하지,'하지',6,2,ed 95 98 ec a7 80,289,286,,hangul,True,
1145,merge,사람,'사람',6,2,ec 82 ac eb 9e 8c,863,144,,hangul,True,
1146,merge,이다,'이다',6,2,ec 9d b4 eb 8b a4,267,268,,hangul,True,
1147,merge,었는데,'었는데',9,3,ec 97 88 eb 8a 94 eb 8d b0,405,393,,hangul,True,
1148,merge, 느낌,' 느낌',7,3,20 eb 8a 90 eb 82 8c,823,144,contains_whitespace,hangul;whitespace,True,
1149,merge, 여자,' 여자',7,3,20 ec 97 ac ec 9e 90,622,392,contains_whitespace,hangul;whitespace,True,
1150,merge,,b'\xa8\xec\x96\xb4',4,0,a8 ec 96 b4,172,327,invalid_utf8,invalid_utf8,False,'utf-8' codec can't decode byte 0xa8 in position 0: invalid start byte
1151,merge, 에,' 에',4,2,20 ec 97 90,315,148,contains_whitespace,hangul;whitespace,True,
1152,merge, 김,' 김',4,2,20 ea b9 80,688,132,contains_whitespace,hangul;whitespace,True,
1153,merge, 심,' 심',4,2,20 ec 8b ac,358,176,contains_whitespace,hangul;whitespace,True,
1154,merge,음.,'음.',4,2,ec 9d 8c 2e,370,50,,hangul;punct_symbol,True,
1155,merge,,b' \xeb\xaf',3,0,20 eb af,261,179,invalid_utf8,invalid_utf8,False,'utf-8' codec can't decode bytes in position 1-2: unexpected end of data
1156,merge,보는,'보는',6,2,eb b3 b4 eb 8a 94,374,272,,hangul,True,
1157,merge, 힘,' 힘',4,2,20 ed 9e 98,963,156,contains_whitespace,hangul;whitespace,True,
1158,merge, 보여,' 보여',7,3,20 eb b3 b4 ec 97 ac,357,508,contains_whitespace,hangul;whitespace,True,
1159,merge,김,'김',3,1,ea b9 80,362,132,,hangul,True,
1160,merge, 줄,' 줄',4,2,20 ec a4 84,548,136,contains_whitespace,hangul;whitespace,True,
1161,merge,가 없,'가 없',7,3,ea b0 80 20 ec 97 86,290,409,contains_whitespace,hangul;whitespace,True,
1162,merge,요.,'요.',4,2,ec 9a 94 2e,326,50,,hangul;punct_symbol,True,
1163,merge,,b'\xea\xbc',2,0,ea bc,238,192,invalid_utf8,invalid_utf8,False,'utf-8' codec can't decode bytes in position 0-1: unexpected end of data
1164,merge,강,'강',3,1,ea b0 95,265,153,,hangul,True,
1165,merge,^^\n,'^^\n',3,3,5e 5e 0a,759,14,contains_whitespace;control_char,control;punct_symbol;whitespace,True,
1166,merge,,b'\x88\xeb\x9d\xbc',4,0,88 eb 9d bc,306,317,invalid_utf8,invalid_utf8,False,'utf-8' codec can't decode byte 0x88 in position 0: invalid start byte
1167,merge,태,'태',3,1,ed 83 9c,457,160,,hangul,True,
1168,merge,하면,'하면',6,2,ed 95 98 eb a9 b4,289,356,,hangul,True,
1169,merge,리는,'리는',6,2,eb a6 ac eb 8a 94,332,272,,hangul,True,
1170,merge, 엄,' 엄',4,2,20 ec 97 84,315,136,contains_whitespace,hangul;whitespace,True,
1171,merge,내용,'내용',6,2,eb 82 b4 ec 9a a9,453,520,,hangul,True,
1172,merge,말이,'말이',6,2,eb a7 90 ec 9d b4,381,267,,hangul,True,
1173,merge,것도,'것도',6,2,ea b2 83 eb 8f 84,420,296,,hangul,True,
1174,merge,술,'술',3,1,ec 88 a0,710,164,,hangul,True,
1175,merge,감동,'감동',6,2,ea b0 90 eb 8f 99,755,157,,hangul,True,
1176,merge,집,'집',3,1,ec a7 91,273,149,,hangul,True,
1177,merge,영화\n,'영화\n',7,3,ec 98 81 ed 99 94 0a,367,14,contains_whitespace;control_char,control;hangul;whitespace,True,
1178,merge, 있는,' 있는',7,3,20 ec 9e 88 eb 8a 94,431,272,contains_whitespace,hangul;whitespace,True,
1179,merge,........,'........',8,8,2e 2e 2e 2e 2e 2e 2e 2e,427,427,repeated_run,punct_symbol,True,
1180,merge,영화는,'영화는',9,3,ec 98 81 ed 99 94 eb 8a 94,367,272,,hangul,True,
1181,merge, 허,' 허',4,2,20 ed 97 88,796,140,contains_whitespace,hangul;whitespace,True,
1182,merge,봉,'봉',3,1,eb b4 89,491,141,,hangul,True,
1183,merge,좀,'좀',3,1,ec a2 80,579,132,,hangul,True,
1184,merge, 귀,' 귀',4,2,20 ea b7 80,659,132,contains_whitespace,hangul;whitespace,True,
1185,merge, 차,' 차',4,2,20 ec b0 a8,496,172,contains_whitespace,hangul;whitespace,True,
1186,merge, 맞,' 맞',4,2,20 eb a7 9e,323,162,contains_whitespace,hangul;whitespace,True,
1187,merge,하지만,'하지만',9,3,ed 95 98 ec a7 80 eb a7 8c,289,436,,hangul,True,
1188,merge,"\""\""","'""""'",2,2,22 22,38,38,,punct_symbol,True,
1189,merge,등,'등',3,1,eb 93 b1,298,181,,hangul,True,
1190,merge, 요,' 요',4,2,20 ec 9a 94,488,152,contains_whitespace,hangul;whitespace,True,
1191,merge, 보면,' 보면',7,3,20 eb b3 b4 eb a9 b4,357,356,contains_whitespace,hangul;whitespace,True,
1192,merge,목,'목',3,1,eb aa a9,426,173,,hangul,True,
1193,merge,림,'림',3,1,eb a6 bc,301,192,,hangul,True,
1194,merge,내가,'내가',6,2,eb 82 b4 ea b0 80,453,290,,hangul,True,
1195,merge, 같은,' 같은',7,3,20 ea b0 99 ec 9d 80,603,313,contains_whitespace,hangul;whitespace,True,
1196,merge,다니,'다니',6,2,eb 8b a4 eb 8b 88,268,336,,hangul,True,
1197,merge, 음,' 음',4,2,20 ec 9d 8c,302,144,contains_whitespace,hangul;whitespace,True,
1198,merge, 슬,' 슬',4,2,20 ec 8a ac,448,176,contains_whitespace,hangul;whitespace,True,
1199,merge,. ,'. ',2,2,2e 20,50,36,contains_whitespace,punct_symbol;whitespace,True,
1200,merge, 망,' 망',4,2,20 eb a7 9d,323,161,contains_whitespace,hangul;whitespace,True,
1201,merge,미디,'미디',6,2,eb af b8 eb 94 94,497,608,,hangul,True,
1202,merge, 아이,' 아이',7,3,20 ec 95 84 ec 9d b4,349,267,contains_whitespace,hangul;whitespace,True,
1203,merge,빠,'빠',3,1,eb b9 a0,676,164,,hangul,True,
1204,merge,순,'순',3,1,ec 88 9c,710,160,,hangul,True,
1205,merge,,b'\xec\xb4',2,0,ec b4,240,184,invalid_utf8,invalid_utf8,False,'utf-8' codec can't decode bytes in position 0-1: unexpected end of data
1206,merge,,b'\xac\xeb\x9d\xbc',4,0,ac eb 9d bc,294,317,invalid_utf8,invalid_utf8,False,'utf-8' codec can't decode byte 0xac in position 0: invalid start byte
1207,merge, 낮,' 낮',4,2,20 eb 82 ae,329,178,contains_whitespace,hangul;whitespace,True,
1208,merge, 가장,' 가장',7,3,20 ea b0 80 ec 9e a5,485,425,contains_whitespace,hangul;whitespace,True,
1209,merge, 주인공,' 주인공',10,4,20 ec a3 bc ec 9d b8 ea b3 b5,563,854,contains_whitespace,hangul;whitespace,True,
1210,merge,카,'카',3,1,ec b9 b4,419,184,,hangul,True,
1211,merge,!!!,'!!!',3,3,21 21 21,384,37,repeated_run,punct_symbol,True,
1212,merge, 몰입,' 몰입',7,3,20 eb aa b0 ec 9e 85,921,583,contains_whitespace,hangul;whitespace,True,
1213,merge,짱,'짱',3,1,ec a7 b1,273,181,,hangul,True,
1214,merge,드라마,'드라마',9,3,eb 93 9c eb 9d bc eb a7 88,462,614,,hangul,True,
1215,merge,요\n,'요\n',4,2,ec 9a 94 0a,326,14,contains_whitespace;control_char,control;hangul;whitespace,True,
1216,merge,스토리,'스토리',9,3,ec 8a a4 ed 86 a0 eb a6 ac,371,590,,hangul,True,
1217,merge, ㅠㅠ,' ㅠㅠ',7,3,20 e3 85 a0 e3 85 a0,36,594,contains_whitespace,hangul;whitespace,True,
1218,merge, 졸,' 졸',4,2,20 ec a1 b8,561,188,contains_whitespace,hangul;whitespace,True,
1219,merge,크,'크',3,1,ed 81 ac,600,176,,hangul,True,
1220,merge,쁘,'쁘',3,1,ec 81 98,919,156,,hangul,True,
1221,merge,평,'평',3,1,ed 8f 89,241,443,,hangul,True,
1222,merge, 최고의,' 최고의',10,4,20 ec b5 9c ea b3 a0 ec 9d 98,599,310,contains_whitespace,hangul;whitespace,True,
1223,merge, 이상,' 이상',7,3,20 ec 9d b4 ec 83 81,322,433,contains_whitespace,hangul;whitespace,True,
1224,merge, 마음,' 마음',7,3,20 eb a7 88 ec 9d 8c,589,370,contains_whitespace,hangul;whitespace,True,
1225,merge,,b'\xec\xbd',2,0,ec bd,240,193,invalid_utf8,invalid_utf8,False,'utf-8' codec can't decode bytes in position 0-1: unexpected end of data
1226,merge,,b'\x8d\xbc',2,0,8d bc,145,192,invalid_utf8,invalid_utf8,False,'utf-8' codec can't decode byte 0x8d in position 0: invalid start byte
1227,merge, 지금,' 지금',7,3,20 ec a7 80 ea b8 88,473,638,contains_whitespace,hangul;whitespace,True,
1228,merge, 얼,' 얼',4,2,20 ec 96 bc,623,192,contains_whitespace,hangul;whitespace,True,
1229,merge,웃,'웃',3,1,ec 9b 83,398,135,,hangul,True,
1230,merge,이런,'이런',6,2,ec 9d b4 eb 9f b0,267,451,,hangul,True,
1231,merge, 막,' 막',4,2,20 eb a7 89,323,141,contains_whitespace,hangul;whitespace,True,
1232,merge, 걸,' 걸',4,2,20 ea b1 b8,567,188,contains_whitespace,hangul;whitespace,True,
1233,merge, 보기,' 보기',7,3,20 eb b3 b4 ea b8 b0,357,303,contains_whitespace,hangul;whitespace,True,
1234,merge,려고,'려고',6,2,eb a0 a4 ea b3 a0,512,277,,hangul,True,
1235,merge,파,'파',3,1,ed 8c 8c,522,144,,hangul,True,
1236,merge,,b' \xeb\xa6',3,0,20 eb a6,261,170,invalid_utf8,invalid_utf8,False,'utf-8' codec can't decode bytes in position 1-2: unexpected end of data
1237,merge, 구,' 구',4,2,20 ea b5 ac,620,176,contains_whitespace,hangul;whitespace,True,
1238,merge,가는,'가는',6,2,ea b0 80 eb 8a 94,290,272,,hangul,True,
1239,merge, 존,' 존',4,2,20 ec a1 b4,561,184,contains_whitespace,hangul;whitespace,True,
1240,merge,ㅋㅋㅋ,'ㅋㅋㅋ',9,3,e3 85 8b e3 85 8b e3 85 8b,347,314,repeated_run,hangul,True,
1241,merge,었던,'었던',6,2,ec 97 88 eb 8d 98,270,811,,hangul,True,
1242,merge,엇,'엇',3,1,ec 97 87,270,139,,hangul,True,
1243,merge,인가,'인가',6,2,ec 9d b8 ea b0 80,341,290,,hangul,True,
1244,merge,스러,'스러',6,2,ec 8a a4 eb 9f ac,371,552,,hangul,True,
1245,merge,\n정말,'\n정말',7,3,0a ec a0 95 eb a7 90,14,653,contains_whitespace;control_char,control;hangul;whitespace,True,
1246,merge,,b' \xed\x86',3,0,20 ed 86,297,138,invalid_utf8,invalid_utf8,False,'utf-8' codec can't decode bytes in position 1-2: unexpected end of data
1247,merge, 점,' 점',4,2,20 ec a0 90,331,148,contains_whitespace,hangul;whitespace,True,
1248,merge, 평점이,' 평점이',10,4,20 ed 8f 89 ec a0 90 ec 9d b4,648,267,contains_whitespace,hangul;whitespace,True,
1249,merge,ㅉ,'ㅉ',3,1,e3 85 89,284,141,,hangul,True,
1250,merge,처럼,'처럼',6,2,ec b2 98 eb 9f bc,954,1055,,hangul,True,
1251,merge, 빠,' 빠',4,2,20 eb b9 a0,671,164,contains_whitespace,hangul;whitespace,True,
1252,merge,ㅜㅜ,'ㅜㅜ',6,2,e3 85 9c e3 85 9c,742,742,,hangul,True,
1253,merge, 눈물,' 눈물',7,3,20 eb 88 88 eb ac bc,697,1057,contains_whitespace,hangul;whitespace,True,
1254,merge, 무슨,' 무슨',7,3,20 eb ac b4 ec 8a a8,554,888,contains_whitespace,hangul;whitespace,True,
1255,merge, 충,' 충',4,2,20 ec b6 a9,616,173,contains_whitespace,hangul;whitespace,True,
1256,merge,구나,'구나',6,2,ea b5 ac eb 82 98,541,320,,hangul,True,
1257,merge,스럽,'스럽',6,2,ec 8a a4 eb 9f bd,371,864,,hangul,True,
1258,merge,나는,'나는',6,2,eb 82 98 eb 8a 94,320,272,,hangul,True,
1259,merge,ㅇ,'ㅇ',3,1,e3 85 87,284,139,,hangul,True,
1260,merge,,b'\x96\xec\x97\x90',4,0,96 ec 97 90,154,300,invalid_utf8,invalid_utf8,False,'utf-8' codec can't decode byte 0x96 in position 0: invalid start byte
1261,merge, 정도,' 정도',7,3,20 ec a0 95 eb 8f 84,430,296,contains_whitespace,hangul;whitespace,True,
1262,merge, 선,' 선',4,2,20 ec 84 a0,470,164,contains_whitespace,hangul;whitespace,True,
1263,merge,인지,'인지',6,2,ec 9d b8 ec a7 80,341,286,,hangul,True,
1264,merge, 잔,' 잔',4,2,20 ec 9e 94,293,152,contains_whitespace,hangul;whitespace,True,
1265,merge,따,'따',3,1,eb 94 b0,459,180,,hangul,True,
1266,merge,팅,'팅',3,1,ed 8c 85,522,137,,hangul,True,
1267,merge,,b'\xec\xa9',2,0,ec a9,240,173,invalid_utf8,invalid_utf8,False,'utf-8' codec can't decode bytes in position 0-1: unexpected end of data
1268,merge, 모르겠,' 모르겠',10,4,20 eb aa a8 eb a5 b4 ea b2 a0,937,551,contains_whitespace,hangul;whitespace,True,
1269,merge, 매력,' 매력',7,3,20 eb a7 a4 eb a0 a5,842,591,contains_whitespace,hangul;whitespace,True,
1270,merge,나서,'나서',6,2,eb 82 98 ec 84 9c,320,321,,hangul,True,
1271,merge, 현실,' 현실',7,3,20 ed 98 84 ec 8b a4,984,604,contains_whitespace,hangul;whitespace,True,
1272,merge,재미있,'재미있',9,3,ec 9e ac eb af b8 ec 9e 88,678,421,,hangul,True,
1273,merge,랜,'랜',3,1,eb 9e 9c,375,160,,hangul,True,
1274,merge,씬,'씬',3,1,ec 94 ac,692,176,,hangul,True,
1275,merge,,b'\xbe\x8c',2,0,be 8c,194,144,invalid_utf8,invalid_utf8,False,'utf-8' codec can't decode byte 0xbe in position 0: invalid start byte
1276,merge, 단,' 단',4,2,20 eb 8b a8,372,172,contains_whitespace,hangul;whitespace,True,
1277,merge, 다른,' 다른',7,3,20 eb 8b a4 eb a5 b8,416,792,contains_whitespace,hangul;whitespace,True,
1278,merge,주는,'주는',6,2,ec a3 bc eb 8a 94,428,272,,hangul,True,
1279,merge, 속,' 속',4,2,20 ec 86 8d,777,145,contains_whitespace,hangul;whitespace,True,
1280,merge,양,'양',3,1,ec 96 91,519,149,,hangul,True,
1281,merge, 유치,' 유치',7,3,20 ec 9c a0 ec b9 98,679,516,contains_whitespace,hangul;whitespace,True,
1282,merge,ㅋㅋㅋㅋㅋㅋㅋㅋ,'ㅋㅋㅋㅋㅋㅋㅋㅋ',24,8,e3 85 8b e3 85 8b e3 85 8b e3 85 8b e3 85 8b e3 85 8b e3 85 8b e3 85 8b,584,584,repeated_run,hangul,True,
1283,merge,픈,'픈',3,1,ed 94 88,502,140,,hangul,True,
1284,merge,,b'\x94\xec\xa7\x81',4,0,94 ec a7 81,152,750,invalid_utf8,invalid_utf8,False,'utf-8' codec can't decode byte 0x94 in position 0: invalid start byte
1285,merge,받,'받',3,1,eb b0 9b,363,159,,hangul,True,
1286,merge,고 싶,'고 싶',7,3,ea b3 a0 20 ec 8b b6,277,784,contains_whitespace,hangul;whitespace,True,
1287,merge,습니다.\n,'습니다.\n',11,5,ec 8a b5 eb 8b 88 eb 8b a4 2e 0a,557,388,contains_whitespace;control_char,control;hangul;punct_symbol;whitespace,True,
1288,merge,,b'\xb8\xec\xa0\x9c',4,0,b8 ec a0 9c,188,510,invalid_utf8,invalid_utf8,False,'utf-8' codec can't decode byte 0xb8 in position 0: invalid start byte
1289,merge,지않,'지않',6,2,ec a7 80 ec 95 8a,286,951,,hangul,True,
1290,merge,,b'\xec\xbb',2,0,ec bb,240,191,invalid_utf8,invalid_utf8,False,'utf-8' codec can't decode bytes in position 0-1: unexpected end of data
1291,merge, 적,' 적',4,2,20 ec a0 81,331,133,contains_whitespace,hangul;whitespace,True,
1292,merge, 생,' 생',4,2,20 ec 83 9d,429,161,contains_whitespace,hangul;whitespace,True,
1293,merge, 짜증,' 짜증',7,3,20 ec a7 9c ec a6 9d,1031,920,contains_whitespace,hangul;whitespace,True,
1294,merge,배,'배',3,1,eb b0 b0,363,180,,hangul,True,
1295,merge,죠,'죠',3,1,ec a3 a0,1004,164,,hangul,True,
1296,merge, 스릴,' 스릴',7,3,20 ec 8a a4 eb a6 b4,494,767,contains_whitespace,hangul;whitespace,True,
1297,merge,훈,'훈',3,1,ed 9b 88,1139,140,,hangul,True,
1298,merge, 흥,' 흥',4,2,20 ed 9d a5,677,169,contains_whitespace,hangul;whitespace,True,
1299,merge,지루,'지루',6,2,ec a7 80 eb a3 a8,286,533,,hangul,True,
1300,merge,,b'\xec\x95\x88\xeb',4,0,ec 95 88 eb,283,306,invalid_utf8,invalid_utf8,False,'utf-8' codec can't decode byte 0xeb in position 3: unexpected end of data
1301,merge, 영화.,' 영화.',8,4,20 ec 98 81 ed 99 94 2e,305,50,contains_whitespace,hangul;punct_symbol;whitespace,True,
1302,merge,니까,'니까',6,2,eb 8b 88 ea b9 8c,336,399,,hangul,True,
1303,merge,이 없,'이 없',7,3,ec 9d b4 20 ec 97 86,267,409,contains_whitespace,hangul;whitespace,True,
1304,merge, 방,' 방',4,2,20 eb b0 a9,376,173,contains_whitespace,hangul;whitespace,True,
1305,merge,립,'립',3,1,eb a6 bd,301,193,,hangul,True,
1306,merge,능,'능',3,1,eb 8a a5,269,169,,hangul,True,
1307,merge,릭터,'릭터',6,2,eb a6 ad ed 84 b0,1108,547,,hangul,True,
1308,merge, 필요,' 필요',7,3,20 ed 95 84 ec 9a 94,774,1071,contains_whitespace,hangul;whitespace,True,
1309,merge,께,'께',3,1,ea bb 98,812,156,,hangul,True,
1310,merge, 서,' 서',4,2,20 ec 84 9c,470,160,contains_whitespace,hangul;whitespace,True,
1311,merge, 볼만,' 볼만',7,3,20 eb b3 bc eb a7 8c,670,328,contains_whitespace,hangul;whitespace,True,
1312,merge, 만들어,' 만들어',10,4,20 eb a7 8c eb 93 a4 ec 96 b4,704,327,contains_whitespace,hangul;whitespace,True,
1313,merge, 역시,' 역시',7,3,20 ec 97 ad ec 8b 9c,843,365,contains_whitespace,hangul;whitespace,True,
1314,merge,이다.,'이다.',7,3,ec 9d b4 eb 8b a4 2e,267,369,,hangul;punct_symbol,True,
1315,merge,딩,'딩',3,1,eb 94 a9,459,173,,hangul,True,
1316,merge,네\n,'네\n',4,2,eb 84 a4 0a,379,14,contains_whitespace;control_char,control;hangul;whitespace,True,
1317,merge, 건,' 건',4,2,20 ea b1 b4,567,184,contains_whitespace,hangul;whitespace,True,
1318,merge,영화가,'영화가',9,3,ec 98 81 ed 99 94 ea b0 80,367,290,,hangul,True,
1319,merge,,b'\xec\x82\xac\xeb',4,0,ec 82 ac eb,394,294,invalid_utf8,invalid_utf8,False,'utf-8' codec can't decode byte 0xeb in position 3: unexpected end of data
1320,merge,재미없,'재미없',9,3,ec 9e ac eb af b8 ec 97 86,678,401,,hangul,True,
1321,merge, 이게,' 이게',7,3,20 ec 9d b4 ea b2 8c,322,319,contains_whitespace,hangul;whitespace,True,
1322,merge,,b'\xed\x88',2,0,ed 88,241,140,invalid_utf8,invalid_utf8,False,'utf-8' codec can't decode bytes in position 0-1: unexpected end of data
1323,merge,쾌,'쾌',3,1,ec be 8c,240,1275,,hangul,True,
1324,merge, 높,' 높',4,2,20 eb 86 92,775,150,contains_whitespace,hangul;whitespace,True,
1325,merge,도 있,'도 있',7,3,eb 8f 84 20 ec 9e 88,296,431,contains_whitespace,hangul;whitespace,True,
1326,merge, 누,' 누',4,2,20 eb 88 84,697,136,contains_whitespace,hangul;whitespace,True,
1327,merge, 아름다,' 아름다',10,4,20 ec 95 84 eb a6 84 eb 8b a4,1076,268,contains_whitespace,hangul;whitespace,True,
1328,merge,,b'..\n\xec',4,0,2e 2e 0a ec,266,353,invalid_utf8,invalid_utf8,False,'utf-8' codec can't decode byte 0xec in position 3: unexpected end of data
1329,merge, 우리,' 우리',7,3,20 ec 9a b0 eb a6 ac,740,332,contains_whitespace,hangul;whitespace,True,
1330,merge, 포,' 포',4,2,20 ed 8f ac,924,176,contains_whitespace,hangul;whitespace,True,
1331,merge,황,'황',3,1,ed 99 a9,276,173,,hangul,True,
1332,merge,영화를,'영화를',9,3,ec 98 81 ed 99 94 eb a5 bc,367,382,,hangul,True,
1333,merge, 꼭,' 꼭',4,2,20 ea bc ad,1013,177,contains_whitespace,hangul;whitespace,True,
1334,merge,이 있,'이 있',7,3,ec 9d b4 20 ec 9e 88,267,431,contains_whitespace,hangul;whitespace,True,
1335,merge,굿,'굿',3,1,ea b5 bf,354,195,,hangul,True,
1336,merge,통,'통',3,1,ed 86 b5,484,185,,hangul,True,
1337,merge, 받,' 받',4,2,20 eb b0 9b,376,159,contains_whitespace,hangul;whitespace,True,
1338,merge, 듯,' 듯',4,2,20 eb 93 af,450,179,contains_whitespace,hangul;whitespace,True,
1339,merge, 계,' 계',4,2,20 ea b3 84,36,728,contains_whitespace,hangul;whitespace,True,
1340,merge, 반전,' 반전',7,3,20 eb b0 98 ec a0 84,804,434,contains_whitespace,hangul;whitespace,True,
1341,merge,다..\n,'다..\n',6,4,eb 8b a4 2e 2e 0a,268,487,contains_whitespace;control_char,control;hangul;punct_symbol;whitespace,True,
1342,merge, 전개,' 전개',7,3,20 ec a0 84 ea b0 9c,543,577,contains_whitespace,hangul;whitespace,True,
1343,merge, 뻔,' 뻔',4,2,20 eb bb 94,261,923,contains_whitespace,hangul;whitespace,True,
1344,merge,긴장,'긴장',6,2,ea b8 b4 ec 9e a5,669,425,,hangul,True,
1345,merge, 일본,' 일본',7,3,20 ec 9d bc eb b3 b8,701,626,contains_whitespace,hangul;whitespace,True,
1346,merge,스터,'스터',6,2,ec 8a a4 ed 84 b0,371,547,,hangul,True,
1347,merge,지고,'지고',6,2,ec a7 80 ea b3 a0,286,277,,hangul,True,
1348,merge,졌,'졌',3,1,ec a1 8c,506,144,,hangul,True,
1349,merge,생각,'생각',6,2,ec 83 9d ea b0 81,361,534,,hangul,True,
1350,merge, OO,' OO',3,3,20 4f 4f,36,824,contains_whitespace,english;whitespace,True,
1351,merge,네요\n,'네요\n',7,3,eb 84 a4 ec 9a 94 0a,471,14,contains_whitespace;control_char,control;hangul;whitespace,True,
1352,merge, 안되,' 안되',7,3,20 ec 95 88 eb 90 98,733,468,contains_whitespace,hangul;whitespace,True,
1353,merge, 편,' 편',4,2,20 ed 8e b8,1068,188,contains_whitespace,hangul;whitespace,True,
1354,merge,즘,'즘',3,1,ec a6 98,539,156,,hangul,True,
1355,merge,이었,'이었',6,2,ec 9d b4 ec 97 88,267,405,,hangul,True,
1356,merge, 인생,' 인생',7,3,20 ec 9d b8 ec 83 9d,580,592,contains_whitespace,hangul;whitespace,True,
1357,merge, 억,' 억',4,2,20 ec 96 b5,623,185,contains_whitespace,hangul;whitespace,True,
1358,merge,이다.\n,'이다.\n',8,4,ec 9d b4 eb 8b a4 2e 0a,267,388,contains_whitespace;control_char,control;hangul;punct_symbol;whitespace,True,
1359,merge,,b'\x88\xeb\x8c\x80',4,0,88 eb 8c 80,306,350,invalid_utf8,invalid_utf8,False,'utf-8' codec can't decode byte 0x88 in position 0: invalid start byte
1360,merge, 돌,' 돌',4,2,20 eb 8f 8c,495,144,contains_whitespace,hangul;whitespace,True,
1361,merge,넘,'넘',3,1,eb 84 98,348,156,,hangul,True,
1362,merge, 남자,' 남자',7,3,20 eb 82 a8 ec 9e 90,649,392,contains_whitespace,hangul;whitespace,True,
1363,merge,큼,'큼',3,1,ed 81 bc,600,192,,hangul,True,
1364,merge,\n오,'\n오',4,2,0a ec 98 a4,1006,168,contains_whitespace;control_char,control;hangul;whitespace,True,
1365,merge,,b'\x88\xeb\xb0',3,0,88 eb b0,306,180,invalid_utf8,invalid_utf8,False,'utf-8' codec can't decode byte 0x88 in position 0: invalid start byte
1366,merge,언,'언',3,1,ec 96 b8,519,188,,hangul,True,
1367,merge, 가슴,' 가슴',7,3,20 ea b0 80 ec 8a b4,485,1020,contains_whitespace,hangul;whitespace,True,
1368,merge,나오,'나오',6,2,eb 82 98 ec 98 a4,320,466,,hangul,True,
1369,merge,,b' \xec\xa6',3,0,20 ec a6,260,170,invalid_utf8,invalid_utf8,False,'utf-8' codec can't decode bytes in position 1-2: unexpected end of data
1370,merge,불,'불',3,1,eb b6 88,386,140,,hangul,True,
1371,merge,에는,'에는',6,2,ec 97 90 eb 8a 94,300,272,,hangul,True,
1372,merge, 찾,' 찾',4,2,20 ec b0 be,496,194,contains_whitespace,hangul;whitespace,True,
1373,merge, 만드,' 만드',7,3,20 eb a7 8c eb 93 9c,458,462,contains_whitespace,hangul;whitespace,True,
1374,merge,,b'\x8d\xa8',2,0,8d a8,145,172,invalid_utf8,invalid_utf8,False,'utf-8' codec can't decode byte 0x8d in position 0: invalid start byte
1375,merge,케,'케',3,1,ec bc 80,992,132,,hangul,True,
1376,merge,최고,'최고',6,2,ec b5 9c ea b3 a0,240,956,,hangul,True,
1377,merge,링,'링',3,1,eb a7 81,275,133,,hangul,True,
1378,merge,이고,'이고',6,2,ec 9d b4 ea b3 a0,267,277,,hangul,True,
1379,merge, 아무,' 아무',7,3,20 ec 95 84 eb ac b4,349,617,contains_whitespace,hangul;whitespace,True,
1380,merge, 과,' 과',4,2,20 ea b3 bc,36,441,contains_whitespace,hangul;whitespace,True,
1381,merge,,b'\x94\xec\xa7\x81\xed\x9e\x88',7,0,94 ec a7 81 ed 9e 88,1284,503,invalid_utf8,invalid_utf8,False,'utf-8' codec can't decode byte 0x94 in position 0: invalid start byte
1382,merge, 집,' 집',4,2,20 ec a7 91,351,149,contains_whitespace,hangul;whitespace,True,
1383,merge, 피,' 피',4,2,20 ed 94 bc,902,192,contains_whitespace,hangul;whitespace,True,
1384,merge, 쓰,' 쓰',4,2,20 ec 93 b0,260,571,contains_whitespace,hangul;whitespace,True,
1385,merge,더라,'더라',6,2,eb 8d 94 eb 9d bc,662,330,,hangul,True,
1386,merge, 박,' 박',4,2,20 eb b0 95,376,153,contains_whitespace,hangul;whitespace,True,
1387,merge, 찍,' 찍',4,2,20 ec b0 8d,496,145,contains_whitespace,hangul;whitespace,True,
1388,merge,스트,'스트',6,2,ec 8a a4 ed 8a b8,371,639,,hangul,True,
1389,merge,,b'\xb1\x85',2,0,b1 85,181,137,invalid_utf8,invalid_utf8,False,'utf-8' codec can't decode byte 0xb1 in position 0: invalid start byte
1390,merge,나라,'나라',6,2,eb 82 98 eb 9d bc,320,330,,hangul,True,
1391,merge,다...\n,'다...\n',7,5,eb 8b a4 2e 2e 2e 0a,268,475,contains_whitespace;control_char;repeated_run,control;hangul;punct_symbol;whitespace,True,
1392,merge,,b' \xed\x8b',3,0,20 ed 8b,297,143,invalid_utf8,invalid_utf8,False,'utf-8' codec can't decode bytes in position 1-2: unexpected end of data
1393,merge,쳐,'쳐',3,1,ec b3 90,1132,148,,hangul,True,
1394,merge,봐도,'봐도',6,2,eb b4 90 eb 8f 84,898,296,,hangul,True,
1395,merge, 공포,' 공포',7,3,20 ea b3 b5 ed 8f ac,744,815,contains_whitespace,hangul;whitespace,True,
1396,merge, 하지만,' 하지만',10,4,20 ed 95 98 ec a7 80 eb a7 8c,411,436,contains_whitespace,hangul;whitespace,True,
1397,merge, 수준,' 수준',7,3,20 ec 88 98 ec a4 80,531,657,contains_whitespace,hangul;whitespace,True,
1398,merge, 인간,' 인간',7,3,20 ec 9d b8 ea b0 84,580,442,contains_whitespace,hangul;whitespace,True,
1399,merge, 눈,' 눈',4,2,20 eb 88 88,697,140,contains_whitespace,hangul;whitespace,True,
1400,merge,이거,'이거',6,2,ec 9d b4 ea b1 b0,267,385,,hangul,True,
1401,merge,메,'메',3,1,eb a9 94,340,152,,hangul,True,
1402,merge,중에,'중에',6,2,ec a4 91 ec 97 90,559,300,,hangul,True,
1403,merge,탄,'탄',3,1,ed 83 84,457,136,,hangul,True,
1404,merge,껴,'껴',3,1,ea bb b4,812,184,,hangul,True,
1405,merge,주인공,'주인공',9,3,ec a3 bc ec 9d b8 ea b3 b5,428,854,,hangul,True,
1406,merge,!!!\n,'!!!\n',4,4,21 21 21 0a,384,582,contains_whitespace;control_char;repeated_run,control;punct_symbol;whitespace,True,
1407,merge,가 있,'가 있',7,3,ea b0 80 20 ec 9e 88,290,431,contains_whitespace,hangul;whitespace,True,
1408,merge,,b'\xac\xeb\xa0',3,0,ac eb a0,294,164,invalid_utf8,invalid_utf8,False,'utf-8' codec can't decode byte 0xac in position 0: invalid start byte
1409,merge,,b'\xec\x9f',2,0,ec 9f,240,163,invalid_utf8,invalid_utf8,False,'utf-8' codec can't decode bytes in position 0-1: unexpected end of data
1410,merge, 모든,' 모든',7,3,20 eb aa a8 eb 93 a0,535,598,contains_whitespace,hangul;whitespace,True,
1411,merge,희,'희',3,1,ed 9d ac,799,176,,hangul,True,
1412,merge, 아니라,' 아니라',10,4,20 ec 95 84 eb 8b 88 eb 9d bc,693,1166,contains_whitespace,hangul;whitespace,True,
1413,merge, 준,' 준',4,2,20 ec a4 80,548,132,contains_whitespace,hangul;whitespace,True,
1414,merge,잡,'잡',3,1,ec 9e a1,274,165,,hangul,True,
1415,merge,마지막,'마지막',9,3,eb a7 88 ec a7 80 eb a7 89,400,776,,hangul,True,
1416,merge, 추천,' 추천',7,3,20 ec b6 94 ec b2 9c,911,976,contains_whitespace,hangul;whitespace,True,
1417,merge,접,'접',3,1,ec a0 91,278,149,,hangul,True,
1418,merge,송,'송',3,1,ec 86 a1,625,165,,hangul,True,
1419,merge, 근,' 근',4,2,20 ea b7 bc,659,192,contains_whitespace,hangul;whitespace,True,
1420,merge,,b'\xea\xb6',2,0,ea b6,238,186,invalid_utf8,invalid_utf8,False,'utf-8' codec can't decode bytes in position 0-1: unexpected end of data
1421,merge,들을,'들을',6,2,eb 93 a4 ec 9d 84,334,318,,hangul,True,
1422,merge, 실망,' 실망',7,3,20 ec 8b a4 eb a7 9d,851,727,contains_whitespace,hangul;whitespace,True,
1423,merge, 많은,' 많은',7,3,20 eb a7 8e ec 9d 80,675,313,contains_whitespace,hangul;whitespace,True,
1424,merge,\n이런,'\n이런',7,3,0a ec 9d b4 eb 9f b0,558,451,contains_whitespace;control_char,control;hangul;whitespace,True,
1425,merge,,b'\xbb\xea\xb2\x8c',4,0,bb ea b2 8c,191,319,invalid_utf8,invalid_utf8,False,'utf-8' codec can't decode byte 0xbb in position 0: invalid start byte
1426,merge,산,'산',3,1,ec 82 b0,394,180,,hangul,True,
1427,merge, 나온,' 나온',7,3,20 eb 82 98 ec 98 a8,408,926,contains_whitespace,hangul;whitespace,True,
1428,merge,왜,'왜',3,1,ec 99 9c,403,160,,hangul,True,
1429,merge,달,'달',3,1,eb 8b ac,263,176,,hangul,True,
1430,merge, 치,' 치',4,2,20 ec b9 98,779,156,contains_whitespace,hangul;whitespace,True,
1431,merge,만들,'만들',6,2,eb a7 8c eb 93 a4,328,334,,hangul,True,
1432,merge, 끝까지,' 끝까지',10,4,20 eb 81 9d ea b9 8c ec a7 80,732,634,contains_whitespace,hangul;whitespace,True,
1433,merge, 욕,' 욕',4,2,20 ec 9a 95,488,153,contains_whitespace,hangul;whitespace,True,
1434,merge, 짱,' 짱',4,2,20 ec a7 b1,351,181,contains_whitespace,hangul;whitespace,True,
1435,merge,늘,'늘',3,1,eb 8a 98,269,156,,hangul,True,
1436,merge,뻔,'뻔',3,1,eb bb 94,239,923,,hangul,True,
1437,merge, 모두,' 모두',7,3,20 eb aa a8 eb 91 90,535,846,contains_whitespace,hangul;whitespace,True,
1438,merge,리즈,'리즈',6,2,eb a6 ac ec a6 88,332,950,,hangul,True,
1439,merge,에 대한,'에 대한',10,4,ec 97 90 20 eb 8c 80 ed 95 9c,1050,304,contains_whitespace,hangul;whitespace,True,
1440,merge,많,'많',3,1,eb a7 8e,275,146,,hangul,True,
1441,merge, 행,' 행',4,2,20 ed 96 89,714,141,contains_whitespace,hangul;whitespace,True,
1442,merge,특,'특',3,1,ed 8a b9,556,189,,hangul,True,
1443,merge, 결말,' 결말',7,3,20 ea b2 b0 eb a7 90,836,381,contains_whitespace,hangul;whitespace,True,
1444,merge,뿐,'뿐',3,1,eb bf 90,239,1090,,hangul,True,
1445,merge, 봐도,' 봐도',7,3,20 eb b4 90 eb 8f 84,816,296,contains_whitespace,hangul;whitespace,True,
1446,merge,을때,'을때',6,2,ec 9d 84 eb 95 8c,318,574,,hangul,True,
1447,merge,도 없고,'도 없고',10,4,eb 8f 84 20 ec 97 86 ea b3 a0,895,277,contains_whitespace,hangul;whitespace,True,
1448,merge,장면,'장면',6,2,ec 9e a5 eb a9 b4,425,356,,hangul,True,
1449,merge,,b' \xed\x92',3,0,20 ed 92,297,150,invalid_utf8,invalid_utf8,False,'utf-8' codec can't decode bytes in position 1-2: unexpected end of data
1450,merge, 열,' 열',4,2,20 ec 97 b4,315,184,contains_whitespace,hangul;whitespace,True,
1451,merge,,b'\x92\xa4',2,0,92 a4,150,168,invalid_utf8,invalid_utf8,False,'utf-8' codec can't decode byte 0x92 in position 0: invalid start byte
1452,merge,,b'\xeb\x9d',2,0,eb 9d,239,161,invalid_utf8,invalid_utf8,False,'utf-8' codec can't decode bytes in position 0-1: unexpected end of data
1453,merge,,b'\n\xec\x82',3,0,0a ec 82,353,134,invalid_utf8,invalid_utf8,False,'utf-8' codec can't decode bytes in position 1-2: unexpected end of data
1454,merge, 놀,' 놀',4,2,20 eb 86 80,775,132,contains_whitespace,hangul;whitespace,True,
1455,merge, 음악,' 음악',7,3,20 ec 9d 8c ec 95 85,1197,605,contains_whitespace,hangul;whitespace,True,
1456,merge, 떨어,' 떨어',7,3,20 eb 96 a8 ec 96 b4,930,1150,contains_whitespace,hangul;whitespace,True,
1457,merge, 외,' 외',4,2,20 ec 99 b8,447,188,contains_whitespace,hangul;whitespace,True,
1458,merge, 전혀,' 전혀',7,3,20 ec a0 84 ed 98 80,543,1064,contains_whitespace,hangul;whitespace,True,
1459,merge,이랑,'이랑',6,2,ec 9d b4 eb 9e 91,267,766,,hangul,True,
1460,merge, ㅎㅎ,' ㅎㅎ',7,3,20 e3 85 8e e3 85 8e,36,793,contains_whitespace,hangul;whitespace,True,
1461,merge, 억지,' 억지',7,3,20 ec 96 b5 ec a7 80,1357,286,contains_whitespace,hangul;whitespace,True,
1462,merge,했던,'했던',6,2,ed 96 88 eb 8d 98,418,811,,hangul,True,
1463,merge,는 영화\n,'는 영화\n',11,5,eb 8a 94 20 ec 98 81 ed 99 94 0a,537,14,contains_whitespace;control_char,control;hangul;whitespace,True,
1464,merge, 버,' 버',4,2,20 eb b2 84,684,136,contains_whitespace,hangul;whitespace,True,
1465,merge,들도,'들도',6,2,eb 93 a4 eb 8f 84,334,296,,hangul,True,
1466,merge,,b'\xba\xbc',2,0,ba bc,190,192,invalid_utf8,invalid_utf8,False,'utf-8' codec can't decode byte 0xba in position 0: invalid start byte
1467,merge, 영상,' 영상',7,3,20 ec 98 81 ec 83 81,879,433,contains_whitespace,hangul;whitespace,True,
1468,merge, 극장,' 극장',7,3,20 ea b7 b9 ec 9e a5,1016,425,contains_whitespace,hangul;whitespace,True,
1469,merge,쟁,'쟁',3,1,ec 9f 81,1409,133,,hangul,True,
1470,merge,뜻,'뜻',3,1,eb 9c bb,1128,191,,hangul,True,
1471,merge,,b'\xeb\x9f\xac\xeb',4,0,eb 9f ac eb,352,294,invalid_utf8,invalid_utf8,False,'utf-8' codec can't decode byte 0xeb in position 3: unexpected end of data
1472,merge,석,'석',3,1,ec 84 9d,292,161,,hangul,True,
1473,merge, 믿,' 믿',4,2,20 eb af bf,1155,195,contains_whitespace,hangul;whitespace,True,
1474,merge, ㅡㅡ,' ㅡㅡ',7,3,20 e3 85 a1 e3 85 a1,36,916,contains_whitespace,hangul;whitespace,True,
1475,merge,놓,'놓',3,1,eb 86 93,807,151,,hangul,True,
1476,merge,지 않는,'지 않는',10,4,ec a7 80 20 ec 95 8a eb 8a 94,642,272,contains_whitespace,hangul;whitespace,True,
1477,merge,이라는,'이라는',9,3,ec 9d b4 eb 9d bc eb 8a 94,650,272,,hangul,True,
1478,merge,하다.,'하다.',7,3,ed 95 98 eb 8b a4 2e,289,369,,hangul;punct_symbol,True,
1479,merge,,b'\xeb\x95',2,0,eb 95,239,153,invalid_utf8,invalid_utf8,False,'utf-8' codec can't decode bytes in position 0-1: unexpected end of data
1480,merge, 먹,' 먹',4,2,20 eb a8 b9,915,189,contains_whitespace,hangul;whitespace,True,
1481,merge,어야,'어야',6,2,ec 96 b4 ec 95 bc,327,412,,hangul,True,
1482,merge, 머,' 머',4,2,20 eb a8 b8,915,188,contains_whitespace,hangul;whitespace,True,
1483,merge,역시,'역시',6,2,ec 97 ad ec 8b 9c,822,365,,hangul,True,
1484,merge,타임,'타임',6,2,ed 83 80 ec 9e 84,635,578,,hangul,True,
1485,merge, 딱,' 딱',4,2,20 eb 94 b1,668,181,contains_whitespace,hangul;whitespace,True,
1486,merge,건지,'건지',6,2,ea b1 b4 ec a7 80,477,286,,hangul,True,
1487,merge,기도,'기도',6,2,ea b8 b0 eb 8f 84,303,296,,hangul,True,
1488,merge,의 연기,'의 연기',10,4,ec 9d 98 20 ec 97 b0 ea b8 b0,310,527,contains_whitespace,hangul;whitespace,True,
1489,merge,,b'\xa9\x94\xec\x9d\xb4',5,0,a9 94 ec 9d b4,173,1074,invalid_utf8,invalid_utf8,False,'utf-8' codec can't decode byte 0xa9 in position 0: invalid start byte
1490,merge,기대,'기대',6,2,ea b8 b0 eb 8c 80,303,390,,hangul,True,
1491,merge, 표현,' 표현',7,3,20 ed 91 9c ed 98 84,1125,786,contains_whitespace,hangul;whitespace,True,
1492,merge,\n어,'\n어',4,2,0a ec 96 b4,14,327,contains_whitespace;control_char,control;hangul;whitespace,True,
1493,merge,브,'브',3,1,eb b8 8c,1010,144,,hangul,True,
1494,merge, 이 영화,' 이 영화',11,5,20 ec 9d b4 20 ec 98 81 ed 99 94,322,305,contains_whitespace,hangul;whitespace,True,
1495,merge, 알았,' 알았',7,3,20 ec 95 8c ec 95 98,630,467,contains_whitespace,hangul;whitespace,True,
1496,merge,참,'참',3,1,ec b0 b8,490,188,,hangul,True,
1497,merge,이지,'이지',6,2,ec 9d b4 ec a7 80,267,286,,hangul,True,
1498,merge,얼,'얼',3,1,ec 96 bc,519,192,,hangul,True,
1499,merge, 손,' 손',4,2,20 ec 86 90,777,148,contains_whitespace,hangul;whitespace,True,
1500,merge,,b' \xed\x82',3,0,20 ed 82,297,134,invalid_utf8,invalid_utf8,False,'utf-8' codec can't decode bytes in position 1-2: unexpected end of data
1501,merge,퍼,'퍼',3,1,ed 8d bc,241,1226,,hangul,True,
1502,merge, 출,' 출',4,2,20 ec b6 9c,616,160,contains_whitespace,hangul;whitespace,True,
1503,merge,섭,'섭',3,1,ec 84 ad,292,177,,hangul,True,
1504,merge, 하고,' 하고',7,3,20 ed 95 98 ea b3 a0,411,277,contains_whitespace,hangul;whitespace,True,
1505,merge,할수,'할수',6,2,ed 95 a0 ec 88 98,478,415,,hangul,True,
1506,merge,리가,'리가',6,2,eb a6 ac ea b0 80,332,290,,hangul,True,
1507,merge,,b'\xeb\x98',2,0,eb 98,239,156,invalid_utf8,invalid_utf8,False,'utf-8' codec can't decode bytes in position 0-1: unexpected end of data
1508,merge,\n진짜,'\n진짜',7,3,0a ec a7 84 ec a7 9c,14,690,contains_whitespace;control_char,control;hangul;whitespace,True,
1509,merge,,b'\x9c\xb4',2,0,9c b4,160,184,invalid_utf8,invalid_utf8,False,'utf-8' codec can't decode byte 0x9c in position 0: invalid start byte
1510,merge, 함,' 함',4,2,20 ed 95 a8,36,528,contains_whitespace,hangul;whitespace,True,
1511,merge, 대단,' 대단',7,3,20 eb 8c 80 eb 8b a8,513,706,contains_whitespace,hangul;whitespace,True,
1512,merge,범,'범',3,1,eb b2 94,413,152,,hangul,True,
1513,merge, 공감,' 공감',7,3,20 ea b3 b5 ea b0 90,744,586,contains_whitespace,hangul;whitespace,True,
1514,merge,돈,'돈',3,1,eb 8f 88,281,140,,hangul,True,
1515,merge,지 못,'지 못',7,3,ec a7 80 20 eb aa bb,286,588,contains_whitespace,hangul;whitespace,True,
1516,merge, 된,' 된',4,2,20 eb 90 9c,903,160,contains_whitespace,hangul;whitespace,True,
1517,merge, 라,' 라',4,2,20 eb 9d bc,261,317,contains_whitespace,hangul;whitespace,True,
1518,merge,했는데,'했는데',9,3,ed 96 88 eb 8a 94 eb 8d b0,526,393,,hangul,True,
1519,merge, 간,' 간',4,2,20 ea b0 84,344,136,contains_whitespace,hangul;whitespace,True,
1520,merge,1점,'1점',4,2,31 ec a0 90,53,366,,digit;hangul,True,
1521,merge,하다\n,'하다\n',7,3,ed 95 98 eb 8b a4 0a,289,402,contains_whitespace;control_char,control;hangul;whitespace,True,
1522,merge, 완,' 완',4,2,20 ec 99 84,447,136,contains_whitespace,hangul;whitespace,True,
1523,merge,었다.,'었다.',7,3,ec 97 88 eb 8b a4 2e,405,369,,hangul;punct_symbol,True,
1524,merge,긴장감,'긴장감',9,3,ea b8 b4 ec 9e a5 ea b0 90,1344,586,,hangul,True,
1525,merge, 경,' 경',4,2,20 ea b2 bd,587,193,contains_whitespace,hangul;whitespace,True,
1526,merge,죽,'죽',3,1,ec a3 bd,240,751,,hangul,True,
1527,merge,때문에,'때문에',9,3,eb 95 8c eb ac b8 ec 97 90,574,1021,,hangul,True,
1528,merge, 재,' 재',4,2,20 ec 9e ac,293,176,contains_whitespace,hangul;whitespace,True,
1529,merge,승,'승',3,1,ec 8a b9,324,189,,hangul,True,
1530,merge, 순,' 순',4,2,20 ec 88 9c,1107,160,contains_whitespace,hangul;whitespace,True,
1531,merge,,b'\n\xec\xa2',3,0,0a ec a2,353,166,invalid_utf8,invalid_utf8,False,'utf-8' codec can't decode bytes in position 1-2: unexpected end of data
1532,merge,향,'향',3,1,ed 96 a5,418,169,,hangul,True,
1533,merge, 원작,' 원작',7,3,20 ec 9b 90 ec 9e 91,972,423,contains_whitespace,hangul;whitespace,True,
1534,merge, 아직,' 아직',7,3,20 ec 95 84 ec a7 81,349,750,contains_whitespace,hangul;whitespace,True,
1535,merge,,b'\xeb\x9d\xbc\xeb\xa7\x88\xeb',7,0,eb 9d bc eb a7 88 eb,330,834,invalid_utf8,invalid_utf8,False,'utf-8' codec can't decode byte 0xeb in position 6: unexpected end of data
1536,merge, 한번,' 한번',7,3,20 ed 95 9c eb b2 88,469,711,contains_whitespace,hangul;whitespace,True,
1537,merge, 몇,' 몇',4,2,20 eb aa 87,364,139,contains_whitespace,hangul;whitespace,True,
1538,merge,표,'표',3,1,ed 91 9c,241,883,,hangul,True,
1539,merge,이는,'이는',6,2,ec 9d b4 eb 8a 94,267,272,,hangul,True,
1540,merge, 4,' 4',2,2,20 34,36,56,contains_whitespace,digit;whitespace,True,
1541,merge,종,'종',3,1,ec a2 85,579,137,,hangul,True,
1542,merge, 모습,' 모습',7,3,20 eb aa a8 ec 8a b5,535,501,contains_whitespace,hangul;whitespace,True,
1543,merge, 즐,' 즐',4,2,20 ec a6 90,1369,148,contains_whitespace,hangul;whitespace,True,
1544,merge,,b' \xea\xb6',3,0,20 ea b6,299,186,invalid_utf8,invalid_utf8,False,'utf-8' codec can't decode bytes in position 1-2: unexpected end of data
1545,merge,되는,'되는',6,2,eb 90 98 eb 8a 94,700,272,,hangul,True,
1546,merge, ..,' ..',3,3,20 2e 2e,36,266,contains_whitespace,punct_symbol;whitespace,True,
1547,merge,어요\n,'어요\n',7,3,ec 96 b4 ec 9a 94 0a,540,14,contains_whitespace;control_char,control;hangul;whitespace,True,
1548,merge, 물,' 물',4,2,20 eb ac bc,261,794,contains_whitespace,hangul;whitespace,True,
1549,merge, 코미디,' 코미디',10,4,20 ec bd 94 eb af b8 eb 94 94,925,1201,contains_whitespace,hangul;whitespace,True,
1550,merge, 내내,' 내내',7,3,20 eb 82 b4 eb 82 b4,482,453,contains_whitespace,hangul;whitespace,True,
1551,merge,,b'\x93\xa4',2,0,93 a4,151,168,invalid_utf8,invalid_utf8,False,'utf-8' codec can't decode byte 0x93 in position 0: invalid start byte
1552,merge,대체,'대체',6,2,eb 8c 80 ec b2 b4,390,683,,hangul,True,
1553,merge, 5,' 5',2,2,20 35,36,57,contains_whitespace,digit;whitespace,True,
1554,merge,기에,'기에',6,2,ea b8 b0 ec 97 90,303,300,,hangul,True,
1555,merge, 계속,' 계속',7,3,20 ea b3 84 ec 86 8d,1339,788,contains_whitespace,hangul;whitespace,True,
1556,merge,맞,'맞',3,1,eb a7 9e,275,162,,hangul,True,
1557,merge, 9,' 9',2,2,20 39,36,61,contains_whitespace,digit;whitespace,True,
1558,merge,,b'\xea\xbe',2,0,ea be,238,194,invalid_utf8,invalid_utf8,False,'utf-8' codec can't decode bytes in position 0-1: unexpected end of data
1559,merge,액션,'액션',6,2,ec 95 a1 ec 85 98,283,772,,hangul,True,
1560,merge,하다.\n,'하다.\n',8,4,ed 95 98 eb 8b a4 2e 0a,289,388,contains_whitespace;control_char,control;hangul;punct_symbol;whitespace,True,
1561,merge,기는,'기는',6,2,ea b8 b0 eb 8a 94,303,272,,hangul,True,
1562,merge,외,'외',3,1,ec 99 b8,403,188,,hangul,True,
1563,merge,병,'병',3,1,eb b3 91,414,149,,hangul,True,
1564,merge,,b'\n\xec\x9b',3,0,0a ec 9b,353,159,invalid_utf8,invalid_utf8,False,'utf-8' codec can't decode bytes in position 1-2: unexpected end of data
1565,merge,,b'\x9f\xac',2,0,9f ac,163,176,invalid_utf8,invalid_utf8,False,'utf-8' codec can't decode byte 0x9f in position 0: invalid start byte
1566,merge,지도 않,'지도 않',10,4,ec a7 80 eb 8f 84 20 ec 95 8a,973,550,contains_whitespace,hangul;whitespace,True,
1567,merge, 답,' 답',4,2,20 eb 8b b5,372,185,contains_whitespace,hangul;whitespace,True,
1568,merge,아요,'아요',6,2,ec 95 84 ec 9a 94,338,326,,hangul,True,
1569,merge,,b'\xeb\x91',2,0,eb 91,239,149,invalid_utf8,invalid_utf8,False,'utf-8' codec can't decode bytes in position 0-1: unexpected end of data
1570,merge,하면서,'하면서',9,3,ed 95 98 eb a9 b4 ec 84 9c,289,694,,hangul,True,
1571,merge, 캐릭터,' 캐릭터',10,4,20 ec ba 90 eb a6 ad ed 84 b0,1098,1307,contains_whitespace,hangul;whitespace,True,
1572,merge, 파,' 파',4,2,20 ed 8c 8c,785,144,contains_whitespace,hangul;whitespace,True,
1573,merge, 게,' 게',4,2,20 ea b2 8c,36,319,contains_whitespace,hangul;whitespace,True,
1574,merge,,b'\xb1\x84',2,0,b1 84,181,136,invalid_utf8,invalid_utf8,False,'utf-8' codec can't decode byte 0xb1 in position 0: invalid start byte
1575,merge,람,'람',3,1,eb 9e 8c,375,144,,hangul,True,
1576,merge,엄,'엄',3,1,ec 97 84,270,136,,hangul,True,
1577,merge, 약,' 약',4,2,20 ec 95 bd,295,193,contains_whitespace,hangul;whitespace,True,
1578,merge,환,'환',3,1,ed 99 98,276,156,,hangul,True,
1579,merge,독,'독',3,1,eb 8f 85,281,137,,hangul,True,
1580,merge,딴,'딴',3,1,eb 94 b4,459,184,,hangul,True,
1581,merge,리오,'리오',6,2,eb a6 ac ec 98 a4,332,466,,hangul,True,
1582,merge, 담,' 담',4,2,20 eb 8b b4,372,184,contains_whitespace,hangul;whitespace,True,
1583,merge, 아주,' 아주',7,3,20 ec 95 84 ec a3 bc,349,428,contains_whitespace,hangul;whitespace,True,
1584,merge,는게,'는게',6,2,eb 8a 94 ea b2 8c,272,319,,hangul,True,
1585,merge,끝,'끝',3,1,eb 81 9d,665,161,,hangul,True,
1586,merge, ',""" '""",2,2,20 27,36,43,contains_whitespace,punct_symbol;whitespace,True,
1587,merge,객,'객',3,1,ea b0 9d,265,161,,hangul,True,
1588,merge,운 영화,'운 영화',10,4,ec 9a b4 20 ec 98 81 ed 99 94,492,305,contains_whitespace,hangul;whitespace,True,
1589,merge,아니,'아니',6,2,ec 95 84 eb 8b 88,338,336,,hangul,True,
1590,merge, 엄청,' 엄청',7,3,20 ec 97 84 ec b2 ad,1170,857,contains_whitespace,hangul;whitespace,True,
1591,merge,이란,'이란',6,2,ec 9d b4 eb 9e 80,267,914,,hangul,True,
1592,merge, 개봉,' 개봉',7,3,20 ea b0 9c eb b4 89,618,1182,contains_whitespace,hangul;whitespace,True,
1593,merge, 갈,' 갈',4,2,20 ea b0 88,344,140,contains_whitespace,hangul;whitespace,True,
1594,merge, 등,' 등',4,2,20 eb 93 b1,450,181,contains_whitespace,hangul;whitespace,True,
1595,merge, 악,' 악',4,2,20 ec 95 85,295,137,contains_whitespace,hangul;whitespace,True,
1596,merge,ㄷㄷ,'ㄷㄷ',6,2,e3 84 b7 e3 84 b7,1141,1141,,hangul,True,
1597,merge,돌,'돌',3,1,eb 8f 8c,281,144,,hangul,True,
1598,merge, 호,' 호',4,2,20 ed 98 b8,646,188,contains_whitespace,hangul;whitespace,True,
1599,merge, 느껴,' 느껴',7,3,20 eb 8a 90 ea bb b4,609,1404,contains_whitespace,hangul;whitespace,True,
1600,merge,한테,'한테',6,2,ed 95 9c ed 85 8c,304,1127,,hangul,True,
1601,merge,약,'약',3,1,ec 95 bd,283,193,,hangul,True,
1602,merge,허,'허',3,1,ed 97 88,858,140,,hangul,True,
1603,merge,라도,'라도',6,2,eb 9d bc eb 8f 84,330,296,,hangul,True,
1604,merge, 나왔,' 나왔',7,3,20 eb 82 98 ec 99 94,408,1123,contains_whitespace,hangul;whitespace,True,
1605,merge, 아쉽,' 아쉽',7,3,20 ec 95 84 ec 89 bd,1084,193,contains_whitespace,hangul;whitespace,True,
1606,merge,어도,'어도',6,2,ec 96 b4 eb 8f 84,327,296,,hangul,True,
1607,merge,,b'\x94\x94',2,0,94 94,152,152,invalid_utf8,invalid_utf8,False,'utf-8' codec can't decode byte 0x94 in position 0: invalid start byte
1608,merge, 뭔가,' 뭔가',7,3,20 eb ad 94 ea b0 80,1114,290,contains_whitespace,hangul;whitespace,True,
1609,merge, 떠,' 떠',4,2,20 eb 96 a0,930,164,contains_whitespace,hangul;whitespace,True,
1610,merge,주고,'주고',6,2,ec a3 bc ea b3 a0,428,277,,hangul,True,
1611,merge, 제대로,' 제대로',10,4,20 ec a0 9c eb 8c 80 eb a1 9c,607,949,contains_whitespace,hangul;whitespace,True,
1612,merge,가 너무,'가 너무',10,4,ea b0 80 20 eb 84 88 eb ac b4,290,452,contains_whitespace,hangul;whitespace,True,
1613,merge,이상,'이상',6,2,ec 9d b4 ec 83 81,267,433,,hangul,True,
1614,merge, 교,' 교',4,2,20 ea b5 90,620,148,contains_whitespace,hangul;whitespace,True,
1615,merge, 아쉬,' 아쉬',7,3,20 ec 95 84 ec 89 ac,1084,176,contains_whitespace,hangul;whitespace,True,
1616,merge,락,'락',3,1,eb 9d bd,1452,193,,hangul,True,
1617,merge,수록,'수록',6,2,ec 88 98 eb a1 9d,415,1037,,hangul,True,
1618,merge,이건,'이건',6,2,ec 9d b4 ea b1 b4,267,477,,hangul,True,
1619,merge, 자체,' 자체',7,3,20 ec 9e 90 ec b2 b4,612,683,contains_whitespace,hangul;whitespace,True,
1620,merge,어요.,'어요.',7,3,ec 96 b4 ec 9a 94 2e,540,50,,hangul;punct_symbol,True,
1621,merge,,b'\xa9\xb4',2,0,a9 b4,173,184,invalid_utf8,invalid_utf8,False,'utf-8' codec can't decode byte 0xa9 in position 0: invalid start byte
1622,merge,혼,'혼',3,1,ed 98 bc,439,192,,hangul,True,
1623,merge,,b'\xea\xb5\xac\xeb',4,0,ea b5 ac eb,354,294,invalid_utf8,invalid_utf8,False,'utf-8' codec can't decode byte 0xeb in position 3: unexpected end of data
1624,merge,별로,'별로',6,2,eb b3 84 eb a1 9c,414,721,,hangul,True,
1625,merge,으로도,'으로도',9,3,ec 9c bc eb a1 9c eb 8f 84,432,296,,hangul,True,
1626,merge, 말이,' 말이',7,3,20 eb a7 90 ec 9d b4,597,267,contains_whitespace,hangul;whitespace,True,
1627,merge,던데,'던데',6,2,eb 8d 98 eb 8d b0,596,346,,hangul,True,
1628,merge,라리,'라리',6,2,eb 9d bc eb a6 ac,330,332,,hangul,True,
1629,merge,게 봤,'게 봤',7,3,ea b2 8c 20 eb b4 a4,319,480,contains_whitespace,hangul;whitespace,True,
1630,merge,에도,'에도',6,2,ec 97 90 eb 8f 84,300,296,,hangul,True,
1631,merge,,b'\x88\xeb\xb0\x98',4,0,88 eb b0 98,1365,156,invalid_utf8,invalid_utf8,False,'utf-8' codec can't decode byte 0x88 in position 0: invalid start byte
1632,merge, 7,' 7',2,2,20 37,36,59,contains_whitespace,digit;whitespace,True,
1633,merge, 와,' 와',4,2,20 ec 99 80,447,132,contains_whitespace,hangul;whitespace,True,
1634,merge,,b' \xeb\xb8',3,0,20 eb b8,261,188,invalid_utf8,invalid_utf8,False,'utf-8' codec can't decode bytes in position 1-2: unexpected end of data
1635,merge,,b' \xea\xb3',3,0,20 ea b3,36,271,invalid_utf8,invalid_utf8,False,'utf-8' codec can't decode bytes in position 1-2: unexpected end of data
1636,merge,내내,'내내',6,2,eb 82 b4 eb 82 b4,453,453,,hangul,True,
1637,merge,ㅋㅋ\n,'ㅋㅋ\n',7,3,e3 85 8b e3 85 8b 0a,347,14,contains_whitespace;control_char,control;hangul;whitespace,True,
1638,merge,다시,'다시',6,2,eb 8b a4 ec 8b 9c,268,365,,hangul,True,
1639,merge,냐?,'냐?',4,2,eb 83 90 3f,719,67,,hangul;punct_symbol,True,
1640,merge,그래,'그래',6,2,ea b7 b8 eb 9e 98,460,525,,hangul,True,
1641,merge,만큼,'만큼',6,2,eb a7 8c ed 81 bc,328,1363,,hangul,True,
1642,merge, 여운,' 여운',7,3,20 ec 97 ac ec 9a b4,622,492,contains_whitespace,hangul;whitespace,True,
1643,merge,이라고,'이라고',9,3,ec 9d b4 eb 9d bc ea b3 a0,650,277,,hangul,True,
1644,merge, 이유,' 이유',7,3,20 ec 9d b4 ec 9c a0,322,664,contains_whitespace,hangul;whitespace,True,
1645,merge,인듯,'인듯',6,2,ec 9d b8 eb 93 af,341,613,,hangul,True,
1646,merge, 그렇,' 그렇',7,3,20 ea b7 b8 eb a0 87,359,656,contains_whitespace,hangul;whitespace,True,
1647,merge,,b' \xeb\xa0',3,0,20 eb a0,261,164,invalid_utf8,invalid_utf8,False,'utf-8' codec can't decode bytes in position 1-2: unexpected end of data
1648,merge, 어떻게,' 어떻게',10,4,20 ec 96 b4 eb 96 bb ea b2 8c,1133,1425,contains_whitespace,hangul;whitespace,True,
1649,merge, 것 같,' 것 같',8,4,20 ea b2 83 20 ea b0 99,661,603,contains_whitespace,hangul;whitespace,True,
1650,merge, 싸,' 싸',4,2,20 ec 8b b8,358,188,contains_whitespace,hangul;whitespace,True,
1651,merge, 가족,' 가족',7,3,20 ea b0 80 ec a1 b1,485,832,contains_whitespace,hangul;whitespace,True,
1652,merge,봤는데,'봤는데',9,3,eb b4 a4 eb 8a 94 eb 8d b0,769,393,,hangul,True,
1653,merge,,b'\x8c\x8d',2,0,8c 8d,144,145,invalid_utf8,invalid_utf8,False,'utf-8' codec can't decode byte 0x8c in position 0: invalid start byte
1654,merge,하지 않,'하지 않',10,4,ed 95 98 ec a7 80 20 ec 95 8a,289,642,contains_whitespace,hangul;whitespace,True,
1655,merge, 입,' 입',4,2,20 ec 9e 85,293,137,contains_whitespace,hangul;whitespace,True,
1656,merge,"지만,","'지만,'",7,3,ec a7 80 eb a7 8c 2c,436,48,,hangul;punct_symbol,True,
1657,merge, 어디,' 어디',7,3,20 ec 96 b4 eb 94 94,455,608,contains_whitespace,hangul;whitespace,True,
1658,merge,,b'\xb7\xa8',2,0,b7 a8,187,172,invalid_utf8,invalid_utf8,False,'utf-8' codec can't decode byte 0xb7 in position 0: invalid start byte
1659,merge,,b'\xb5\x9c\xec\x95\x85',5,0,b5 9c ec 95 85,424,605,invalid_utf8,invalid_utf8,False,'utf-8' codec can't decode byte 0xb5 in position 0: invalid start byte
1660,merge, 본 영화,' 본 영화',11,5,20 eb b3 b8 20 ec 98 81 ed 99 94,619,305,contains_whitespace,hangul;whitespace,True,
1661,merge,업,'업',3,1,ec 97 85,270,137,,hangul,True,
1662,merge, 좋은 영화,' 좋은 영화',14,6,20 ec a2 8b ec 9d 80 20 ec 98 81 ed 99 94,406,797,contains_whitespace,hangul;whitespace,True,
1663,merge,전에,'전에',6,2,ec a0 84 ec 97 90,434,300,,hangul,True,
1664,merge, 10,' 10',3,3,20 31 30,505,52,contains_whitespace,digit;whitespace,True,
1665,merge, 엉,' 엉',4,2,20 ec 97 89,315,141,contains_whitespace,hangul;whitespace,True,
1666,merge, 메,' 메',4,2,20 eb a9 94,674,152,contains_whitespace,hangul;whitespace,True,
1667,merge,,b' \xec\xbb',3,0,20 ec bb,260,191,invalid_utf8,invalid_utf8,False,'utf-8' codec can't decode bytes in position 1-2: unexpected end of data
1668,merge,,b' \xec\x94',3,0,20 ec 94,260,152,invalid_utf8,invalid_utf8,False,'utf-8' codec can't decode bytes in position 1-2: unexpected end of data
1669,merge, 최고의 영화,' 최고의 영화',17,7,20 ec b5 9c ea b3 a0 ec 9d 98 20 ec 98 81 ed 99 94,599,830,contains_whitespace,hangul;whitespace,True,
1670,merge, 독,' 독',4,2,20 eb 8f 85,495,137,contains_whitespace,hangul;whitespace,True,
1671,merge, 제일,' 제일',7,3,20 ec a0 9c ec 9d bc,607,518,contains_whitespace,hangul;whitespace,True,
1672,merge,보면,'보면',6,2,eb b3 b4 eb a9 b4,374,356,,hangul,True,
1673,merge,으나,'으나',6,2,ec 9c bc eb 82 98,378,320,,hangul,True,
1674,merge, 절대,' 절대',7,3,20 ec a0 88 eb 8c 80,331,1359,contains_whitespace,hangul;whitespace,True,
1675,merge,\n최고,'\n최고',7,3,0a ec b5 9c ea b3 a0,353,956,contains_whitespace;control_char,control;hangul;whitespace,True,
1676,merge,성이,'성이',6,2,ec 84 b1 ec 9d b4,500,267,,hangul,True,
1677,merge,없고,'없고',6,2,ec 97 86 ea b3 a0,401,277,,hangul,True,
1678,merge,짐,'짐',3,1,ec a7 90,273,148,,hangul,True,
1679,merge,입니다.,'입니다.',10,4,ec 9e 85 eb 8b 88 eb 8b a4 2e,844,369,,hangul;punct_symbol,True,
1680,merge,????,'????',4,4,3f 3f 3f 3f,611,611,repeated_run,punct_symbol,True,
1681,merge,벽,'벽',3,1,eb b2 bd,413,193,,hangul,True,
1682,merge,써,'써',3,1,ec 8d a8,240,1374,,hangul,True,
1683,merge,큐,'큐',3,1,ed 81 90,600,148,,hangul,True,
1684,merge, 흥미,' 흥미',7,3,20 ed 9d a5 eb af b8,1298,497,contains_whitespace,hangul;whitespace,True,
1685,merge,,b'\x83\x90',2,0,83 90,135,148,invalid_utf8,invalid_utf8,False,'utf-8' codec can't decode byte 0x83 in position 0: invalid start byte
1686,merge,이게,'이게',6,2,ec 9d b4 ea b2 8c,267,319,,hangul,True,
1687,merge,지마,'지마',6,2,ec a7 80 eb a7 88,286,400,,hangul,True,
1688,merge,패,'패',3,1,ed 8c a8,522,172,,hangul,True,
1689,merge,재밋,'재밋',6,2,ec 9e ac eb b0 8b,476,1135,,hangul,True,
1690,merge,,b'\x88\xeb\xa1\x9c',4,0,88 eb a1 9c,306,702,invalid_utf8,invalid_utf8,False,'utf-8' codec can't decode byte 0x88 in position 0: invalid start byte
1691,merge, 기분,' 기분',7,3,20 ea b8 b0 eb b6 84,511,546,contains_whitespace,hangul;whitespace,True,
1692,merge,이가,'이가',6,2,ec 9d b4 ea b0 80,267,290,,hangul,True,
1693,merge, 근데,' 근데',7,3,20 ea b7 bc eb 8d b0,1419,346,contains_whitespace,hangul;whitespace,True,
1694,merge,랜만에,'랜만에',9,3,eb 9e 9c eb a7 8c ec 97 90,1273,1065,,hangul,True,
1695,merge, 될,' 될',4,2,20 eb 90 a0,903,164,contains_whitespace,hangul;whitespace,True,
1696,merge, 8,' 8',2,2,20 38,36,60,contains_whitespace,digit;whitespace,True,
1697,merge, 소재,' 소재',7,3,20 ec 86 8c ec 9e ac,658,761,contains_whitespace,hangul;whitespace,True,
1698,merge,밖에,'밖에',6,2,eb b0 96 ec 97 90,363,1260,,hangul,True,
1699,merge,,b'\x93\xb8',2,0,93 b8,151,188,invalid_utf8,invalid_utf8,False,'utf-8' codec can't decode byte 0x93 in position 0: invalid start byte
1700,merge,음.\n,'음.\n',5,3,ec 9d 8c 2e 0a,370,311,contains_whitespace;control_char,control;hangul;punct_symbol;whitespace,True,
1701,merge, 영화.\n,' 영화.\n',9,5,20 ec 98 81 ed 99 94 2e 0a,305,311,contains_whitespace;control_char,control;hangul;punct_symbol;whitespace,True,
1702,merge, 때문에,' 때문에',10,4,20 eb 95 8c eb ac b8 ec 97 90,905,1021,contains_whitespace,hangul;whitespace,True,
1703,merge, 부족,' 부족',7,3,20 eb b6 80 ec a1 b1,705,832,contains_whitespace,hangul;whitespace,True,
1704,merge, 봐야,' 봐야',7,3,20 eb b4 90 ec 95 bc,816,412,contains_whitespace,hangul;whitespace,True,
1705,merge, ㅋㅋ\n,' ㅋㅋ\n',8,4,20 e3 85 8b e3 85 8b 0a,718,14,contains_whitespace;control_char,control;hangul;whitespace,True,
1706,merge,기가,'기가',6,2,ea b8 b0 ea b0 80,303,290,,hangul,True,
1707,merge, 그래도,' 그래도',10,4,20 ea b7 b8 eb 9e 98 eb 8f 84,1142,296,contains_whitespace,hangul;whitespace,True,
1708,merge, 베,' 베',4,2,20 eb b2 a0,684,164,contains_whitespace,hangul;whitespace,True,
1709,merge, 잼있,' 잼있',7,3,20 ec 9e bc ec 9e 88,1137,421,contains_whitespace,hangul;whitespace,True,
1710,merge,하는데,'하는데',9,3,ed 95 98 eb 8a 94 eb 8d b0,289,393,,hangul,True,
1711,merge,,b' \xec\x97\xac\xeb',5,0,20 ec 97 ac eb,315,294,invalid_utf8,invalid_utf8,False,'utf-8' codec can't decode byte 0xeb in position 4: unexpected end of data
1712,merge,쓰,'쓰',3,1,ec 93 b0,240,571,,hangul,True,
1713,merge,것 같,'것 같',7,3,ea b2 83 20 ea b0 99,420,603,contains_whitespace,hangul;whitespace,True,
1714,merge,리를,'리를',6,2,eb a6 ac eb a5 bc,748,829,,hangul,True,
1715,merge, ㅋㅋㅋ,' ㅋㅋㅋ',10,4,20 e3 85 8b e3 85 8b e3 85 8b,718,314,contains_whitespace;repeated_run,hangul;whitespace,True,
1716,merge,스팅,'스팅',6,2,ec 8a a4 ed 8c 85,371,1266,,hangul,True,
1717,merge, 대박,' 대박',7,3,20 eb 8c 80 eb b0 95,513,859,contains_whitespace,hangul;whitespace,True,
1718,merge,났,'났',3,1,eb 82 ac,291,176,,hangul,True,
1719,merge,이다\n,'이다\n',7,3,ec 9d b4 eb 8b a4 0a,267,402,contains_whitespace;control_char,control;hangul;whitespace,True,
1720,merge, 삶,' 삶',4,2,20 ec 82 b6,387,186,contains_whitespace,hangul;whitespace,True,
1721,merge, 이제,' 이제',7,3,20 ec 9d b4 ec a0 9c,322,510,contains_whitespace,hangul;whitespace,True,
1722,merge, 재밋,' 재밋',7,3,20 ec 9e ac eb b0 8b,380,1135,contains_whitespace,hangul;whitespace,True,
1723,merge,,b'\xac\xeb\xa7\x81',4,0,ac eb a7 81,176,1377,invalid_utf8,invalid_utf8,False,'utf-8' codec can't decode byte 0xac in position 0: invalid start byte
1724,merge,하네,'하네',6,2,ed 95 98 eb 84 a4,289,379,,hangul,True,
1725,merge,사랑,'사랑',6,2,ec 82 ac eb 9e 91,863,149,,hangul,True,
1726,merge,여자,'여자',6,2,ec 97 ac ec 9e 90,508,392,,hangul,True,
1727,merge,잇,'잇',3,1,ec 9e 87,274,139,,hangul,True,
1728,merge,;;\n,';;\n',3,3,3b 3b 0a,637,14,contains_whitespace;control_char,control;punct_symbol;whitespace,True,
1729,merge,담,'담',3,1,eb 8b b4,263,184,,hangul,True,
1730,merge,네요.\n,'네요.\n',8,4,eb 84 a4 ec 9a 94 2e 0a,471,311,contains_whitespace;control_char,control;hangul;punct_symbol;whitespace,True,
1731,merge,것같,'것같',6,2,ea b2 83 ea b0 99,420,569,,hangul,True,
1732,merge, 연기력,' 연기력',10,4,20 ec 97 b0 ea b8 b0 eb a0 a5,527,591,contains_whitespace,hangul;whitespace,True,
1733,merge,창,'창',3,1,ec b0 bd,490,193,,hangul,True,
1734,merge, 친,' 친',4,2,20 ec b9 9c,779,160,contains_whitespace,hangul;whitespace,True,
1735,merge, 잊,' 잊',4,2,20 ec 9e 8a,293,142,contains_whitespace,hangul;whitespace,True,
1736,merge,빙,'빙',3,1,eb b9 99,676,157,,hangul,True,
1737,merge,은데,'은데',6,2,ec 9d 80 eb 8d b0,313,346,,hangul,True,
1738,merge, 잠,' 잠',4,2,20 ec 9e a0,293,164,contains_whitespace,hangul;whitespace,True,
1739,merge,기를,'기를',6,2,ea b8 b0 eb a5 bc,303,382,,hangul,True,
1740,merge,수있,'수있',6,2,ec 88 98 ec 9e 88,415,421,,hangul,True,
1741,merge, 살아,' 살아',7,3,20 ec 82 b4 ec 95 84,887,338,contains_whitespace,hangul;whitespace,True,
1742,merge,륭,'륭',3,1,eb a5 ad,337,177,,hangul,True,
1743,merge,었다.\n,'었다.\n',8,4,ec 97 88 eb 8b a4 2e 0a,405,388,contains_whitespace;control_char,control;hangul;punct_symbol;whitespace,True,
1744,merge,투,'투',3,1,ed 88 ac,1322,176,,hangul,True,
1745,merge,누,'누',3,1,eb 88 84,1056,136,,hangul,True,
1746,merge,,b'\xec\x97\xac\xeb',4,0,ec 97 ac eb,270,294,invalid_utf8,invalid_utf8,False,'utf-8' codec can't decode byte 0xeb in position 3: unexpected end of data
1747,merge,꺼,'꺼',3,1,ea ba bc,238,1466,,hangul,True,
1748,merge,,b' \xec\x95\x88\xeb\x90',6,0,20 ec 95 88 eb 90,733,148,invalid_utf8,invalid_utf8,False,'utf-8' codec can't decode bytes in position 4-5: unexpected end of data
1749,merge,,b' \xea\xbf',3,0,20 ea bf,299,195,invalid_utf8,invalid_utf8,False,'utf-8' codec can't decode bytes in position 1-2: unexpected end of data
1750,merge,이없,'이없',6,2,ec 9d b4 ec 97 86,267,401,,hangul,True,
1751,merge,도 아깝,'도 아깝',10,4,eb 8f 84 20 ec 95 84 ea b9 9d,296,938,contains_whitespace,hangul;whitespace,True,
1752,merge, 웃기,' 웃기',7,3,20 ec 9b 83 ea b8 b0,800,303,contains_whitespace,hangul;whitespace,True,
1753,merge,0년대,'0년대',7,3,30 eb 85 84 eb 8c 80,1115,390,,digit;hangul,True,
1754,merge,,b'\n\xec\xb2',3,0,0a ec b2,353,182,invalid_utf8,invalid_utf8,False,'utf-8' codec can't decode bytes in position 1-2: unexpected end of data
1755,merge,,b'\x88\xeb\x84\xa4\xec\x9a\x94',7,0,88 eb 84 a4 ec 9a 94,990,326,invalid_utf8,invalid_utf8,False,'utf-8' codec can't decode byte 0x88 in position 0: invalid start byte
1756,merge,ㅉㅉ,'ㅉㅉ',6,2,e3 85 89 e3 85 89,1249,1249,,hangul,True,
1757,merge,한국,'한국',6,2,ed 95 9c ea b5 ad,304,538,,hangul,True,
1758,merge,,b' \xea\xbd',3,0,20 ea bd,299,193,invalid_utf8,invalid_utf8,False,'utf-8' codec can't decode bytes in position 1-2: unexpected end of data
1759,merge, 연기도,' 연기도',10,4,20 ec 97 b0 ea b8 b0 eb 8f 84,527,296,contains_whitespace,hangul;whitespace,True,
1760,merge,쓰레기,'쓰레기',9,3,ec 93 b0 eb a0 88 ea b8 b0,240,686,,hangul,True,
1761,merge, 아니고,' 아니고',10,4,20 ec 95 84 eb 8b 88 ea b3 a0,770,277,contains_whitespace,hangul;whitespace,True,
1762,merge,적이고,'적이고',9,3,ec a0 81 ec 9d b4 ea b3 a0,817,277,,hangul,True,
1763,merge, 목,' 목',4,2,20 eb aa a9,364,173,contains_whitespace,hangul;whitespace,True,
1764,merge,너,'너',3,1,eb 84 88,348,140,,hangul,True,
1765,merge,겁,'겁',3,1,ea b2 81,282,133,,hangul,True,
1766,merge, 느끼,' 느끼',7,3,20 eb 8a 90 eb 81 bc,609,1079,contains_whitespace,hangul;whitespace,True,
1767,merge,,b'\xea\xbf',2,0,ea bf,238,195,invalid_utf8,invalid_utf8,False,'utf-8' codec can't decode bytes in position 0-1: unexpected end of data
1768,merge, 보게,' 보게',7,3,20 eb b3 b4 ea b2 8c,357,319,contains_whitespace,hangul;whitespace,True,
1769,merge,나리오,'나리오',9,3,eb 82 98 eb a6 ac ec 98 a4,320,1581,,hangul,True,
1770,merge, 의미,' 의미',7,3,20 ec 9d 98 eb af b8,942,497,contains_whitespace,hangul;whitespace,True,
1771,merge, 점수,' 점수',7,3,20 ec a0 90 ec 88 98,1247,415,contains_whitespace,hangul;whitespace,True,
1772,merge,지?,'지?',4,2,ec a7 80 3f,286,67,,hangul;punct_symbol,True,
1773,merge, ㅋ,' ㅋ',4,2,20 e3 85 8b,36,314,contains_whitespace,hangul;whitespace,True,
1774,merge,클,'클',3,1,ed 81 b4,600,184,,hangul,True,
1775,merge,왕,'왕',3,1,ec 99 95,403,153,,hangul,True,
1776,merge,득,'득',3,1,eb 93 9d,298,161,,hangul,True,
1777,merge,휴,'휴',3,1,ed 9c b4,241,1509,,hangul,True,
1778,merge,마나,'마나',6,2,eb a7 88 eb 82 98,400,320,,hangul,True,
1779,merge,,b'\x8c\xeb\xa5\xad',4,0,8c eb a5 ad,144,1742,invalid_utf8,invalid_utf8,False,'utf-8' codec can't decode byte 0x8c in position 0: invalid start byte
1780,merge, 나와,' 나와',7,3,20 eb 82 98 ec 99 80,408,509,contains_whitespace,hangul;whitespace,True,
1781,merge,,b' \xec\x95\xa0\xeb\x8b\x88\xeb',8,0,20 ec 95 a0 eb 8b 88 eb,762,1023,invalid_utf8,invalid_utf8,False,'utf-8' codec can't decode byte 0xeb in position 7: unexpected end of data
1782,merge,자기,'자기',6,2,ec 9e 90 ea b8 b0,392,303,,hangul,True,
1783,merge, 시작,' 시작',7,3,20 ec 8b 9c ec 9e 91,472,423,contains_whitespace,hangul;whitespace,True,
1784,merge,는 영화.,'는 영화.',11,5,eb 8a 94 20 ec 98 81 ed 99 94 2e,537,50,contains_whitespace,hangul;punct_symbol;whitespace,True,
1785,merge,치는,'치는',6,2,ec b9 98 eb 8a 94,516,272,,hangul,True,
1786,merge,,b' \xe3\x85',3,0,20 e3 85,36,284,invalid_utf8,invalid_utf8,False,'utf-8' codec can't decode bytes in position 1-2: unexpected end of data
1787,merge,믹,'믹',3,1,eb af b9,760,189,,hangul,True,
1788,merge, 긴장감,' 긴장감',10,4,20 ea b8 b4 ec 9e a5 ea b0 90,36,1524,contains_whitespace,hangul;whitespace,True,
1789,merge,한거,'한거',6,2,ed 95 9c ea b1 b0,304,385,,hangul,True,
1790,merge,슬,'슬',3,1,ec 8a ac,324,176,,hangul,True,
1791,merge,,b'\n\xec\xa1',3,0,0a ec a1,353,165,invalid_utf8,invalid_utf8,False,'utf-8' codec can't decode bytes in position 1-2: unexpected end of data
1792,merge,나요,'나요',6,2,eb 82 98 ec 9a 94,320,326,,hangul,True,
1793,merge, 형,' 형',4,2,20 ed 98 95,646,153,contains_whitespace,hangul;whitespace,True,
1794,merge,영화.,'영화.',7,3,ec 98 81 ed 99 94 2e,367,50,,hangul;punct_symbol,True,
1795,merge,굴,'굴',3,1,ea b5 b4,354,184,,hangul,True,
1796,merge, 타,' 타',4,2,20 ed 83 80,946,132,contains_whitespace,hangul;whitespace,True,
1797,merge,ㅠㅠㅠㅠ,'ㅠㅠㅠㅠ',12,4,e3 85 a0 e3 85 a0 e3 85 a0 e3 85 a0,594,594,repeated_run,hangul,True,
1798,merge,고싶,'고싶',6,2,ea b3 a0 ec 8b b6,277,881,,hangul,True,
1799,merge,10,'10',2,2,31 30,53,52,,digit,True,
1800,merge,,b'\xa9\x94\xec\x9d\xb4\xec\x85\x98',8,0,a9 94 ec 9d b4 ec 85 98,1489,651,invalid_utf8,invalid_utf8,False,'utf-8' codec can't decode byte 0xa9 in position 0: invalid start byte
1801,merge, 알바,' 알바',7,3,20 ec 95 8c eb b0 94,630,805,contains_whitespace,hangul;whitespace,True,
1802,merge, 카,' 카',4,2,20 ec b9 b4,779,184,contains_whitespace,hangul;whitespace,True,
1803,merge,나게,'나게',6,2,eb 82 98 ea b2 8c,320,319,,hangul,True,
1804,merge, 출연,' 출연',7,3,20 ec b6 9c ec 97 b0,1502,483,contains_whitespace,hangul;whitespace,True,
1805,merge,\n너무,'\n너무',7,3,0a eb 84 88 eb ac b4,14,707,contains_whitespace;control_char,control;hangul;whitespace,True,
1806,merge, 제작,' 제작',7,3,20 ec a0 9c ec 9e 91,607,423,contains_whitespace,hangul;whitespace,True,
1807,merge,좋아,'좋아',6,2,ec a2 8b ec 95 84,780,338,,hangul,True,
1808,merge,이야,'이야',6,2,ec 9d b4 ec 95 bc,267,412,,hangul,True,
1809,merge, 수작,' 수작',7,3,20 ec 88 98 ec 9e 91,531,423,contains_whitespace,hangul;whitespace,True,
1810,merge,지금,'지금',6,2,ec a7 80 ea b8 88,286,638,,hangul,True,
1811,merge,꾸,'꾸',3,1,ea be b8,1558,188,,hangul,True,
1812,merge, 특히,' 특히',7,3,20 ed 8a b9 ed 9e 88,1121,503,contains_whitespace,hangul;whitespace,True,
1813,merge,블,'블',3,1,eb b8 94,1010,152,,hangul,True,
1814,merge, 앞,' 앞',4,2,20 ec 95 9e,295,162,contains_whitespace,hangul;whitespace,True,
1815,merge, 따뜻,' 따뜻',7,3,20 eb 94 b0 eb 9c bb,1001,1470,contains_whitespace,hangul;whitespace,True,
1816,merge, 수 없,' 수 없',8,4,20 ec 88 98 20 ec 97 86,531,409,contains_whitespace,hangul;whitespace,True,
1817,merge, 노래,' 노래',7,3,20 eb 85 b8 eb 9e 98,906,525,contains_whitespace,hangul;whitespace,True,
1818,merge,\n이거,'\n이거',7,3,0a ec 9d b4 ea b1 b0,558,385,contains_whitespace;control_char,control;hangul;whitespace,True,
1819,merge, 싫,' 싫',4,2,20 ec 8b ab,358,175,contains_whitespace,hangul;whitespace,True,
1820,merge,인이,'인이',6,2,ec 9d b8 ec 9d b4,341,267,,hangul,True,
1821,merge, 디,' 디',4,2,20 eb 94 94,668,152,contains_whitespace,hangul;whitespace,True,
1822,merge,,b'\n\xec\x86',3,0,0a ec 86,353,138,invalid_utf8,invalid_utf8,False,'utf-8' codec can't decode bytes in position 1-2: unexpected end of data
1823,merge,법,'법',3,1,eb b2 95,413,153,,hangul,True,
1824,merge,나도,'나도',6,2,eb 82 98 eb 8f 84,320,296,,hangul,True,
1825,merge, 재밌게 봤,' 재밌게 봤',14,6,20 ec 9e ac eb b0 8c ea b2 8c 20 eb b4 a4,1059,480,contains_whitespace,hangul;whitespace,True,
1826,merge,~~~~,'~~~~',4,4,7e 7e 7e 7e,602,602,repeated_run,punct_symbol,True,
1827,merge,쁜,'쁜',3,1,ec 81 9c,919,160,,hangul,True,
1828,merge,인적으로,'인적으로',12,4,ec 9d b8 ec a0 81 ec 9c bc eb a1 9c,341,958,,hangul,True,
1829,merge,해야,'해야',6,2,ed 95 b4 ec 95 bc,355,412,,hangul,True,
1830,merge, 레,' 레',4,2,20 eb a0 88,1647,140,contains_whitespace,hangul;whitespace,True,
1831,merge, ...,' ...',4,4,20 2e 2e 2e,36,373,contains_whitespace;repeated_run,punct_symbol;whitespace,True,
1832,merge,뭔,'뭔',3,1,eb ad 94,853,152,,hangul,True,
1833,merge, 데,' 데',4,2,20 eb 8d b0,507,180,contains_whitespace,hangul;whitespace,True,
1834,merge,줘,'줘',3,1,ec a4 98,389,156,,hangul,True,
1835,merge, 조금,' 조금',7,3,20 ec a1 b0 ea b8 88,747,638,contains_whitespace,hangul;whitespace,True,
1836,merge,습니다\n,'습니다\n',10,4,ec 8a b5 eb 8b 88 eb 8b a4 0a,557,402,contains_whitespace;control_char,control;hangul;whitespace,True,
1837,merge,,b'\xad\xeb\xb9\x84',4,0,ad eb b9 84,177,624,invalid_utf8,invalid_utf8,False,'utf-8' codec can't decode byte 0xad in position 0: invalid start byte
1838,merge,해도,'해도',6,2,ed 95 b4 eb 8f 84,355,296,,hangul,True,
1839,merge,음악,'음악',6,2,ec 9d 8c ec 95 85,370,605,,hangul,True,
1840,merge,한데,'한데',6,2,ed 95 9c eb 8d b0,304,346,,hangul,True,
1841,merge, 어설,' 어설',7,3,20 ec 96 b4 ec 84 a4,455,877,contains_whitespace,hangul;whitespace,True,
1842,merge,,b' \xeb\x82\x98\xec\x98',6,0,20 eb 82 98 ec 98,408,360,invalid_utf8,invalid_utf8,False,'utf-8' codec can't decode bytes in position 4-5: unexpected end of data
1843,merge,었다,'었다',6,2,ec 97 88 eb 8b a4,405,268,,hangul,True,
1844,merge, -,' -',2,2,20 2d,36,49,contains_whitespace,punct_symbol;whitespace,True,
1845,merge,부분,'부분',6,2,eb b6 80 eb b6 84,523,546,,hangul,True,
1846,merge,나고,'나고',6,2,eb 82 98 ea b3 a0,320,277,,hangul,True,
1847,merge,권,'권',3,1,ea b6 8c,1420,144,,hangul,True,
1848,merge, 나오는,' 나오는',10,4,20 eb 82 98 ec 98 a4 eb 8a 94,935,272,contains_whitespace,hangul;whitespace,True,
1849,merge,,b'\xec\xb8',2,0,ec b8,240,188,invalid_utf8,invalid_utf8,False,'utf-8' codec can't decode bytes in position 0-1: unexpected end of data
1850,merge, 보다가,' 보다가',10,4,20 eb b3 b4 eb 8b a4 ea b0 80,357,827,contains_whitespace,hangul;whitespace,True,
1851,merge,험,'험',3,1,ed 97 98,858,156,,hangul,True,
1852,merge, 리,' 리',4,2,20 eb a6 ac,1236,176,contains_whitespace,hangul;whitespace,True,
1853,merge, 인상,' 인상',7,3,20 ec 9d b8 ec 83 81,580,433,contains_whitespace,hangul;whitespace,True,
1854,merge, 날,' 날',4,2,20 eb 82 a0,329,164,contains_whitespace,hangul;whitespace,True,
1855,merge, 부분,' 부분',7,3,20 eb b6 80 eb b6 84,705,546,contains_whitespace,hangul;whitespace,True,
1856,merge,인생,'인생',6,2,ec 9d b8 ec 83 9d,341,592,,hangul,True,
1857,merge, 천,' 천',4,2,20 ec b2 9c,606,160,contains_whitespace,hangul;whitespace,True,
1858,merge,덕,'덕',3,1,eb 8d 95,316,153,,hangul,True,
1859,merge, 보았,' 보았',7,3,20 eb b3 b4 ec 95 98,357,467,contains_whitespace,hangul;whitespace,True,
1860,merge,나?,'나?',4,2,eb 82 98 3f,320,67,,hangul;punct_symbol,True,
1861,merge, 배우들,' 배우들',10,4,20 eb b0 b0 ec 9a b0 eb 93 a4,735,334,contains_whitespace,hangul;whitespace,True,
1862,merge,\n와,'\n와',4,2,0a ec 99 80,944,132,contains_whitespace;control_char,control;hangul;whitespace,True,
1863,merge, 왜이,' 왜이',7,3,20 ec 99 9c ec 9d b4,628,267,contains_whitespace,hangul;whitespace,True,
1864,merge, 정신,' 정신',7,3,20 ec a0 95 ec 8b a0,430,545,contains_whitespace,hangul;whitespace,True,
1865,merge,;\n,';\n',2,2,3b 0a,63,14,contains_whitespace;control_char,control;punct_symbol;whitespace,True,
1866,merge,갈,'갈',3,1,ea b0 88,265,140,,hangul,True,
1867,merge,광,'광',3,1,ea b4 91,655,149,,hangul,True,
1868,merge,것이,'것이',6,2,ea b2 83 ec 9d b4,420,267,,hangul,True,
1869,merge, 용,' 용',4,2,20 ec 9a a9,488,173,contains_whitespace,hangul;whitespace,True,
1870,merge,룡,'룡',3,1,eb a3 a1,486,165,,hangul,True,
1871,merge, 질,' 질',4,2,20 ec a7 88,351,140,contains_whitespace,hangul;whitespace,True,
1872,merge, 중간,' 중간',7,3,20 ec a4 91 ea b0 84,729,442,contains_whitespace,hangul;whitespace,True,
1873,merge, 빼,' 빼',4,2,20 eb b9 bc,671,192,contains_whitespace,hangul;whitespace,True,
1874,merge, 좋겠,' 좋겠',7,3,20 ec a2 8b ea b2 a0,406,551,contains_whitespace,hangul;whitespace,True,
1875,merge, 함께,' 함께',7,3,20 ed 95 a8 ea bb 98,1510,1309,contains_whitespace,hangul;whitespace,True,
1876,merge,스러운,'스러운',9,3,ec 8a a4 eb 9f ac ec 9a b4,1244,492,,hangul,True,
1877,merge,셨,'셨',3,1,ec 85 a8,553,172,,hangul,True,
1878,merge,동안,'동안',6,2,eb 8f 99 ec 95 88,768,699,,hangul,True,
1879,merge, 훨,' 훨',4,2,20 ed 9b a8,1042,172,contains_whitespace,hangul;whitespace,True,
1880,merge, 통,' 통',4,2,20 ed 86 b5,1246,185,contains_whitespace,hangul;whitespace,True,
1881,merge, 무서,' 무서',7,3,20 eb ac b4 ec 84 9c,554,321,contains_whitespace,hangul;whitespace,True,
1882,merge,거리,'거리',6,2,ea b1 b0 eb a6 ac,385,332,,hangul,True,
1883,merge,일본,'일본',6,2,ec 9d bc eb b3 b8,518,626,,hangul,True,
1884,merge,\n좋,'\n좋',4,2,0a ec a2 8b,1531,143,contains_whitespace;control_char,control;hangul;whitespace,True,
1885,merge,멋,'멋',3,1,eb a9 8b,340,143,,hangul,True,
1886,merge,",,,","',,,'",3,3,2c 2c 2c,764,48,repeated_run,punct_symbol,True,
1887,merge,,b'\xec\xaf',2,0,ec af,240,179,invalid_utf8,invalid_utf8,False,'utf-8' codec can't decode bytes in position 0-1: unexpected end of data
1888,merge, 좋고,' 좋고',7,3,20 ec a2 8b ea b3 a0,406,277,contains_whitespace,hangul;whitespace,True,
1889,merge,,b'\xac\xeb\xa7\x81\xed\x83\x80\xec\x9e\x84',10,0,ac eb a7 81 ed 83 80 ec 9e 84,1723,1484,invalid_utf8,invalid_utf8,False,'utf-8' codec can't decode byte 0xac in position 0: invalid start byte
1890,merge,,b'\x88\xeb\xa0',3,0,88 eb a0,306,164,invalid_utf8,invalid_utf8,False,'utf-8' codec can't decode byte 0x88 in position 0: invalid start byte
1891,merge,수 있,'수 있',7,3,ec 88 98 20 ec 9e 88,415,431,contains_whitespace,hangul;whitespace,True,
1892,merge,존,'존',3,1,ec a1 b4,506,184,,hangul,True,
1893,merge, 설정,' 설정',7,3,20 ec 84 a4 ec a0 95,1130,395,contains_whitespace,hangul;whitespace,True,
1894,merge,시길,'시길',6,2,ec 8b 9c ea b8 b8,365,782,,hangul,True,
1895,merge, 들어,' 들어',7,3,20 eb 93 a4 ec 96 b4,988,327,contains_whitespace,hangul;whitespace,True,
1896,merge,구만,'구만',6,2,ea b5 ac eb a7 8c,541,328,,hangul,True,
1897,merge, 대사,' 대사',7,3,20 eb 8c 80 ec 82 ac,513,544,contains_whitespace,hangul;whitespace,True,
1898,merge,,b' \xeb\x91',3,0,20 eb 91,261,149,invalid_utf8,invalid_utf8,False,'utf-8' codec can't decode bytes in position 1-2: unexpected end of data
1899,merge,텐,'텐',3,1,ed 85 90,831,148,,hangul,True,
1900,merge,귀,'귀',3,1,ea b7 80,610,132,,hangul,True,
1901,merge, 만들었,' 만들었',10,4,20 eb a7 8c eb 93 a4 ec 97 88,704,405,contains_whitespace,hangul;whitespace,True,
1902,merge,즌,'즌',3,1,ec a6 8c,539,144,,hangul,True,
1903,merge,견,'견',3,1,ea b2 ac,282,176,,hangul,True,
1904,merge,아깝,'아깝',6,2,ec 95 84 ea b9 9d,338,758,,hangul,True,
1905,merge,랐,'랐',3,1,eb 9e 90,375,148,,hangul,True,
1906,merge,,b'\xbc\x80',2,0,bc 80,192,132,invalid_utf8,invalid_utf8,False,'utf-8' codec can't decode byte 0xbc in position 0: invalid start byte
1907,merge, 이영화,' 이영화',10,4,20 ec 9d b4 ec 98 81 ed 99 94,322,367,contains_whitespace,hangul;whitespace,True,
1908,merge, 보다,' 보다',7,3,20 eb b3 b4 eb 8b a4,357,268,contains_whitespace,hangul;whitespace,True,
1909,merge,몇,'몇',3,1,eb aa 87,426,139,,hangul,True,
1910,merge,해요,'해요',6,2,ed 95 b4 ec 9a 94,355,326,,hangul,True,
1911,merge, 궁,' 궁',4,2,20 ea b6 81,1544,133,contains_whitespace,hangul;whitespace,True,
1912,merge,,b' \xeb\x9c',3,0,20 eb 9c,261,160,invalid_utf8,invalid_utf8,False,'utf-8' codec can't decode bytes in position 1-2: unexpected end of data
1913,merge,노잼,'노잼',6,2,eb 85 b8 ec 9e bc,820,850,,hangul,True,
1914,merge, 산,' 산',4,2,20 ec 82 b0,387,180,contains_whitespace,hangul;whitespace,True,
1915,merge, 복,' 복',4,2,20 eb b3 b5,397,185,contains_whitespace,hangul;whitespace,True,
1916,merge,쌍,'쌍',3,1,ec 8c 8d,240,1653,,hangul,True,
1917,merge, 시청,' 시청',7,3,20 ec 8b 9c ec b2 ad,472,857,contains_whitespace,hangul;whitespace,True,
1918,merge,짝,'짝',3,1,ec a7 9d,273,161,,hangul,True,
1919,merge, 감독의,' 감독의',10,4,20 ea b0 90 eb 8f 85 ec 9d 98,741,310,contains_whitespace,hangul;whitespace,True,
1920,merge,초,'초',3,1,ec b4 88,1205,140,,hangul,True,
1921,merge, 느낌이,' 느낌이',10,4,20 eb 8a 90 eb 82 8c ec 9d b4,823,922,contains_whitespace,hangul;whitespace,True,
1922,merge,,b'\n\xec\x83',3,0,0a ec 83,353,135,invalid_utf8,invalid_utf8,False,'utf-8' codec can't decode bytes in position 1-2: unexpected end of data
1923,merge, 영화의,' 영화의',10,4,20 ec 98 81 ed 99 94 ec 9d 98,305,310,contains_whitespace,hangul;whitespace,True,
1924,merge,완전,'완전',6,2,ec 99 84 ec a0 84,403,790,,hangul,True,
1925,merge, ㅋㅋㅋㅋ,' ㅋㅋㅋㅋ',13,5,20 e3 85 8b e3 85 8b e3 85 8b e3 85 8b,36,584,contains_whitespace;repeated_run,hangul;whitespace,True,
1926,merge,었음,'었음',6,2,ec 97 88 ec 9d 8c,405,370,,hangul,True,
1927,merge,째,'째',3,1,ec a7 b8,273,188,,hangul,True,
1928,merge,,b'\n\xec\xb0',3,0,0a ec b0,353,180,invalid_utf8,invalid_utf8,False,'utf-8' codec can't decode bytes in position 1-2: unexpected end of data
1929,merge,_-,'_-',2,2,5f 2d,99,49,,punct_symbol,True,
1930,merge, 답답,' 답답',7,3,20 eb 8b b5 eb 8b b5,1567,901,contains_whitespace,hangul;whitespace,True,
1931,merge, 감정,' 감정',7,3,20 ea b0 90 ec a0 95,808,395,contains_whitespace,hangul;whitespace,True,
1932,merge,한 스토리,'한 스토리',13,5,ed 95 9c 20 ec 8a a4 ed 86 a0 eb a6 ac,304,689,contains_whitespace,hangul;whitespace,True,
1933,merge, 행복,' 행복',7,3,20 ed 96 89 eb b3 b5,1441,1136,contains_whitespace,hangul;whitespace,True,
1934,merge, 빨,' 빨',4,2,20 eb b9 a8,671,172,contains_whitespace,hangul;whitespace,True,
1935,merge, 티,' 티',4,2,20 ed 8b b0,1392,180,contains_whitespace,hangul;whitespace,True,
1936,merge, 어색,' 어색',7,3,20 ec 96 b4 ec 83 89,455,1104,contains_whitespace,hangul;whitespace,True,
1937,merge, 길,' 길',4,2,20 ea b8 b8,36,782,contains_whitespace,hangul;whitespace,True,
1938,merge,낸,'낸',3,1,eb 82 b8,291,188,,hangul,True,
1939,merge,열,'열',3,1,ec 97 b4,270,184,,hangul,True,
1940,merge,곤,'곤',3,1,ea b3 a4,271,168,,hangul,True,
1941,merge,,b'\xac\xeb\xa0\xa4',4,0,ac eb a0 a4,1408,168,invalid_utf8,invalid_utf8,False,'utf-8' codec can't decode byte 0xac in position 0: invalid start byte
1942,merge, 힘들,' 힘들',7,3,20 ed 9e 98 eb 93 a4,1157,334,contains_whitespace,hangul;whitespace,True,
1943,merge,백,'백',3,1,eb b0 b1,363,181,,hangul,True,
1944,merge,,b' \xeb\xa6\xac\xeb',5,0,20 eb a6 ac eb,1236,294,invalid_utf8,invalid_utf8,False,'utf-8' codec can't decode byte 0xeb in position 4: unexpected end of data
1945,merge, 시리즈,' 시리즈',10,4,20 ec 8b 9c eb a6 ac ec a6 88,472,1438,contains_whitespace,hangul;whitespace,True,
1946,merge,,b'\x9b\xb0',2,0,9b b0,159,180,invalid_utf8,invalid_utf8,False,'utf-8' codec can't decode byte 0x9b in position 0: invalid start byte
1947,merge,함\n,'함\n',4,2,ed 95 a8 0a,528,14,contains_whitespace;control_char,control;hangul;whitespace,True,
1948,merge,캐,'캐',3,1,ec ba 90,240,892,,hangul,True,
1949,merge,나마,'나마',6,2,eb 82 98 eb a7 88,320,400,,hangul,True,
1950,merge,작품,'작품',6,2,ec 9e 91 ed 92 88,423,715,,hangul,True,
1951,merge,놈,'놈',3,1,eb 86 88,807,140,,hangul,True,
1952,merge, 작가,' 작가',7,3,20 ec 9e 91 ea b0 80,708,290,contains_whitespace,hangul;whitespace,True,
1953,merge,,b' \xec\x89',3,0,20 ec 89,260,141,invalid_utf8,invalid_utf8,False,'utf-8' codec can't decode bytes in position 1-2: unexpected end of data
1954,merge,이지만,'이지만',9,3,ec 9d b4 ec a7 80 eb a7 8c,267,436,,hangul,True,
1955,merge, 초,' 초',4,2,20 ec b4 88,909,140,contains_whitespace,hangul;whitespace,True,
1956,merge, 잔잔,' 잔잔',7,3,20 ec 9e 94 ec 9e 94,1264,996,contains_whitespace,hangul;whitespace,True,
1957,merge,st,'st',2,2,73 74,119,120,,english,True,
1958,merge, 굿,' 굿',4,2,20 ea b5 bf,620,195,contains_whitespace,hangul;whitespace,True,
1959,merge, 이해가,' 이해가',10,4,20 ec 9d b4 ed 95 b4 ea b0 80,975,290,contains_whitespace,hangul;whitespace,True,
1960,merge,,b'\xb4\x90',2,0,b4 90,184,148,invalid_utf8,invalid_utf8,False,'utf-8' codec can't decode byte 0xb4 in position 0: invalid start byte
1961,merge,니다.\n,'니다.\n',8,4,eb 8b 88 eb 8b a4 2e 0a,336,388,contains_whitespace;control_char,control;hangul;punct_symbol;whitespace,True,
1962,merge, 막장,' 막장',7,3,20 eb a7 89 ec 9e a5,1231,425,contains_whitespace,hangul;whitespace,True,
1963,merge,♥♥,'♥♥',6,2,e2 99 a5 e2 99 a5,1035,1035,,punct_symbol,True,
1964,merge,만든,'만든',6,2,eb a7 8c eb 93 a0,328,598,,hangul,True,
1965,merge, 보고싶,' 보고싶',10,4,20 eb b3 b4 ea b3 a0 ec 8b b6,663,881,contains_whitespace,hangul;whitespace,True,
1966,merge,베,'베',3,1,eb b2 a0,413,164,,hangul,True,
1967,merge,엽,'엽',3,1,ec 97 bd,270,193,,hangul,True,
1968,merge, 스릴러,' 스릴러',10,4,20 ec 8a a4 eb a6 b4 eb 9f ac,1296,552,contains_whitespace,hangul;whitespace,True,
1969,merge,럽게,'럽게',6,2,eb 9f bd ea b2 8c,864,319,,hangul,True,
1970,merge, 홍,' 홍',4,2,20 ed 99 8d,890,145,contains_whitespace,hangul;whitespace,True,
1971,merge,입니다.\n,'입니다.\n',11,5,ec 9e 85 eb 8b 88 eb 8b a4 2e 0a,844,388,contains_whitespace;control_char,control;hangul;punct_symbol;whitespace,True,
1972,merge, 무섭,' 무섭',7,3,20 eb ac b4 ec 84 ad,554,1503,contains_whitespace,hangul;whitespace,True,
1973,merge, 훌륭,' 훌륭',7,3,20 ed 9b 8c eb a5 ad,1042,1779,contains_whitespace,hangul;whitespace,True,
1974,merge,닥,'닥',3,1,eb 8b a5,263,169,,hangul,True,
1975,merge, 시나리오,' 시나리오',13,5,20 ec 8b 9c eb 82 98 eb a6 ac ec 98 a4,472,1769,contains_whitespace,hangul;whitespace,True,
1976,merge,련,'련',3,1,eb a0 a8,339,172,,hangul,True,
1977,merge,마다,'마다',6,2,eb a7 88 eb 8b a4,400,268,,hangul,True,
1978,merge,,b'\x80\xec\x96\xb4',4,0,80 ec 96 b4,132,327,invalid_utf8,invalid_utf8,False,'utf-8' codec can't decode byte 0x80 in position 0: invalid start byte
1979,merge, 세상,' 세상',7,3,20 ec 84 b8 ec 83 81,1018,433,contains_whitespace,hangul;whitespace,True,
1980,merge, 영화에,' 영화에',10,4,20 ec 98 81 ed 99 94 ec 97 90,305,300,contains_whitespace,hangul;whitespace,True,
1981,merge,욱,'욱',3,1,ec 9a b1,287,181,,hangul,True,
1982,merge, 삼,' 삼',4,2,20 ec 82 bc,387,192,contains_whitespace,hangul;whitespace,True,
1983,merge, 찾아,' 찾아',7,3,20 ec b0 be ec 95 84,1372,338,contains_whitespace,hangul;whitespace,True,
1984,merge, 이걸,' 이걸',7,3,20 ec 9d b4 ea b1 b8,322,643,contains_whitespace,hangul;whitespace,True,
1985,merge, 갑,' 갑',4,2,20 ea b0 91,344,149,contains_whitespace,hangul;whitespace,True,
1986,merge,겼,'겼',3,1,ea b2 bc,282,192,,hangul,True,
1987,merge,튼,'튼',3,1,ed 8a bc,556,192,,hangul,True,
1988,merge, 야,' 야',4,2,20 ec 95 bc,295,192,contains_whitespace,hangul;whitespace,True,
1989,merge,\n이게,'\n이게',7,3,0a ec 9d b4 ea b2 8c,558,319,contains_whitespace;control_char,control;hangul;whitespace,True,
1990,merge,었어요,'었어요',9,3,ec 97 88 ec 96 b4 ec 9a 94,405,540,,hangul,True,
1991,merge, 얘,' 얘',4,2,20 ec 96 98,623,156,contains_whitespace,hangul;whitespace,True,
1992,merge, 로맨,' 로맨',7,3,20 eb a1 9c eb a7 a8,1085,1040,contains_whitespace,hangul;whitespace,True,
1993,merge, 뿐,' 뿐',4,2,20 eb bf 90,261,1090,contains_whitespace,hangul;whitespace,True,
1994,merge, 잡,' 잡',4,2,20 ec 9e a1,293,165,contains_whitespace,hangul;whitespace,True,
1995,merge,10점,'10점',5,3,31 30 ec a0 90,53,749,,digit;hangul,True,
1996,merge,다!,'다!',4,2,eb 8b a4 21,268,37,,hangul;punct_symbol,True,
1997,merge,을듯,'을듯',6,2,ec 9d 84 eb 93 af,318,613,,hangul,True,
1998,merge, 각,' 각',4,2,20 ea b0 81,344,133,contains_whitespace,hangul;whitespace,True,
1999,merge, 미국,' 미국',7,3,20 eb af b8 ea b5 ad,672,538,contains_whitespace,hangul;whitespace,True,
2000,merge, 아직도,' 아직도',10,4,20 ec 95 84 ec a7 81 eb 8f 84,1534,296,contains_whitespace,hangul;whitespace,True,
2001,merge, 엔,' 엔',4,2,20 ec 97 94,315,152,contains_whitespace,hangul;whitespace,True,
2002,merge, 돌아,' 돌아',7,3,20 eb 8f 8c ec 95 84,1360,338,contains_whitespace,hangul;whitespace,True,
2003,merge,합,'합',3,1,ed 95 a9,264,173,,hangul,True,
2004,merge,이네,'이네',6,2,ec 9d b4 eb 84 a4,267,379,,hangul,True,
2005,merge, 낚,' 낚',4,2,20 eb 82 9a,329,158,contains_whitespace,hangul;whitespace,True,
2006,merge,짓,'짓',3,1,ec a7 93,273,151,,hangul,True,
2007,merge,끔,'끔',3,1,eb 81 94,665,152,,hangul,True,
2008,merge, 귀여,' 귀여',7,3,20 ea b7 80 ec 97 ac,1184,508,contains_whitespace,hangul;whitespace,True,
2009,merge, 뭘,' 뭘',4,2,20 eb ad 98,562,156,contains_whitespace,hangul;whitespace,True,
2010,merge,택,'택',3,1,ed 83 9d,457,161,,hangul,True,
2011,merge, 얼마나,' 얼마나',10,4,20 ec 96 bc eb a7 88 eb 82 98,1228,1778,contains_whitespace,hangul;whitespace,True,
2012,merge, 그러,' 그러',7,3,20 ea b7 b8 eb 9f ac,359,552,contains_whitespace,hangul;whitespace,True,
2013,merge,디오,'디오',6,2,eb 94 94 ec 98 a4,608,466,,hangul,True,
2014,merge, 연기가,' 연기가',10,4,20 ec 97 b0 ea b8 b0 ea b0 80,527,290,contains_whitespace,hangul;whitespace,True,
2015,merge, 안보,' 안보',7,3,20 ec 95 88 eb b3 b4,733,309,contains_whitespace,hangul;whitespace,True,
2016,merge, 나름,' 나름',7,3,20 eb 82 98 eb a6 84,408,636,contains_whitespace,hangul;whitespace,True,
2017,merge, 아름다운,' 아름다운',13,5,20 ec 95 84 eb a6 84 eb 8b a4 ec 9a b4,1327,492,contains_whitespace,hangul;whitespace,True,
2018,merge,ㅎ\n,'ㅎ\n',4,2,e3 85 8e 0a,555,14,contains_whitespace;control_char,control;hangul;whitespace,True,
2019,merge, 국,' 국',4,2,20 ea b5 ad,620,177,contains_whitespace,hangul;whitespace,True,
2020,merge,네요..,'네요..',8,4,eb 84 a4 ec 9a 94 2e 2e,471,266,,hangul;punct_symbol,True,
2021,merge,욕,'욕',3,1,ec 9a 95,287,153,,hangul,True,
2022,merge, 뒤,' 뒤',4,2,20 eb 92 a4,261,1451,contains_whitespace,hangul;whitespace,True,
2023,merge,,b'\x88\xeb\x81',3,0,88 eb 81,306,133,invalid_utf8,invalid_utf8,False,'utf-8' codec can't decode byte 0x88 in position 0: invalid start byte
2024,merge,던 영화,'던 영화',10,4,eb 8d 98 20 ec 98 81 ed 99 94,596,305,contains_whitespace,hangul;whitespace,True,
2025,merge,죄,'죄',3,1,ec a3 84,1004,136,,hangul,True,
2026,merge,주의,'주의',6,2,ec a3 bc ec 9d 98,428,310,,hangul,True,
2027,merge,,b'\x88\xeb\x94',3,0,88 eb 94,306,152,invalid_utf8,invalid_utf8,False,'utf-8' codec can't decode byte 0x88 in position 0: invalid start byte
2028,merge, 좋아하는,' 좋아하는',13,5,20 ec a2 8b ec 95 84 ed 95 98 eb 8a 94,803,504,contains_whitespace,hangul;whitespace,True,
2029,merge, 흐,' 흐',4,2,20 ed 9d 90,677,148,contains_whitespace,hangul;whitespace,True,
2030,merge,겟,'겟',3,1,ea b2 9f,282,163,,hangul,True,
2031,merge,지가,'지가',6,2,ec a7 80 ea b0 80,286,290,,hangul,True,
2032,merge,,b'\x9f\xac\xeb',3,0,9f ac eb,163,294,invalid_utf8,invalid_utf8,False,'utf-8' codec can't decode byte 0x9f in position 0: invalid start byte
2033,merge,을 주,'을 주',7,3,ec 9d 84 20 ec a3 bc,318,563,contains_whitespace,hangul;whitespace,True,
2034,merge,지\n,'지\n',4,2,ec a7 80 0a,286,14,contains_whitespace;control_char,control;hangul;whitespace,True,
2035,merge,가?,'가?',4,2,ea b0 80 3f,290,67,,hangul;punct_symbol,True,
2036,merge,갑,'갑',3,1,ea b0 91,265,149,,hangul,True,
2037,merge,마라,'마라',6,2,eb a7 88 eb 9d bc,834,317,,hangul,True,
2038,merge, 혼,' 혼',4,2,20 ed 98 bc,646,192,contains_whitespace,hangul;whitespace,True,
2039,merge, 그저,' 그저',7,3,20 ea b7 b8 ec a0 80,359,667,contains_whitespace,hangul;whitespace,True,
2040,merge,,b' \xec\x96\xb4\xec\xa9',6,0,20 ec 96 b4 ec a9,455,1267,invalid_utf8,invalid_utf8,False,'utf-8' codec can't decode bytes in position 4-5: unexpected end of data
2041,merge, 추억,' 추억',7,3,20 ec b6 94 ec 96 b5,911,738,contains_whitespace,hangul;whitespace,True,
2042,merge,몰,'몰',3,1,eb aa b0,426,180,,hangul,True,
2043,merge,,b'\xeb\x8a\x90\xeb\x82',5,0,eb 8a 90 eb 82,981,291,invalid_utf8,invalid_utf8,False,'utf-8' codec can't decode bytes in position 3-4: unexpected end of data
2044,merge,치고,'치고',6,2,ec b9 98 ea b3 a0,516,277,,hangul,True,
2045,merge,하며,'하며',6,2,ed 95 98 eb a9 b0,289,955,,hangul,True,
2046,merge, 범,' 범',4,2,20 eb b2 94,684,152,contains_whitespace,hangul;whitespace,True,
2047,merge,깊,'깊',3,1,ea b9 8a,362,142,,hangul,True,
2048,merge,다!\n,'다!\n',5,3,eb 8b a4 21 0a,268,582,contains_whitespace;control_char,control;hangul;punct_symbol;whitespace,True,
2049,merge,거같,'거같',6,2,ea b1 b0 ea b0 99,385,569,,hangul,True,
2050,merge, 감독이,' 감독이',10,4,20 ea b0 90 eb 8f 85 ec 9d b4,741,267,contains_whitespace,hangul;whitespace,True,
2051,merge,잖,'잖',3,1,ec 9e 96,274,154,,hangul,True,
2052,merge, 글,' 글',4,2,20 ea b8 80,36,934,contains_whitespace,hangul;whitespace,True,
2053,merge,윤,'윤',3,1,ec 9c a4,342,168,,hangul,True,
2054,merge,남자,'남자',6,2,eb 82 a8 ec 9e 90,855,392,,hangul,True,
2055,merge,찬,'찬',3,1,ec b0 ac,490,176,,hangul,True,
2056,merge,같이,'같이',6,2,ea b0 99 ec 9d b4,569,267,,hangul,True,
2057,merge,아까,'아까',6,2,ec 95 84 ea b9 8c,338,399,,hangul,True,
2058,merge,,b'\xac\xeb\x9e\x91',4,0,ac eb 9e 91,444,149,invalid_utf8,invalid_utf8,False,'utf-8' codec can't decode byte 0xac in position 0: invalid start byte
2059,merge,영화의,'영화의',9,3,ec 98 81 ed 99 94 ec 9d 98,367,310,,hangul,True,
2060,merge,혜,'혜',3,1,ed 98 9c,439,160,,hangul,True,
2061,merge,척,'척',3,1,ec b2 99,407,157,,hangul,True,
2062,merge,,b' \xed\x9a',3,0,20 ed 9a,297,158,invalid_utf8,invalid_utf8,False,'utf-8' codec can't decode bytes in position 1-2: unexpected end of data
2063,merge, 생각이,' 생각이',10,4,20 ec 83 9d ea b0 81 ec 9d b4,581,267,contains_whitespace,hangul;whitespace,True,
2064,merge, 여운이,' 여운이',10,4,20 ec 97 ac ec 9a b4 ec 9d b4,1642,267,contains_whitespace,hangul;whitespace,True,
2065,merge,플,'플',3,1,ed 94 8c,502,144,,hangul,True,
2066,merge, 충격,' 충격',7,3,20 ec b6 a9 ea b2 a9,1255,1102,contains_whitespace,hangul;whitespace,True,
2067,merge, 배경,' 배경',7,3,20 eb b0 b0 ea b2 bd,1069,870,contains_whitespace,hangul;whitespace,True,
2068,merge,효,'효',3,1,ed 9a a8,756,172,,hangul,True,
2069,merge,,b'\xea\xb8\x88\xeb',4,0,ea b8 88 eb,288,306,invalid_utf8,invalid_utf8,False,'utf-8' codec can't decode byte 0xeb in position 3: unexpected end of data
2070,merge,폭,'폭',3,1,ed 8f ad,652,177,,hangul,True,
2071,merge, 허접,' 허접',7,3,20 ed 97 88 ec a0 91,1181,1417,contains_whitespace,hangul;whitespace,True,
2072,merge, 애니메이션,' 애니메이션',16,6,20 ec 95 a0 eb 8b 88 eb a9 94 ec 9d b4 ec 85 98,1781,1800,contains_whitespace,hangul;whitespace,True,
2073,merge,,b'\xec\xbf',2,0,ec bf,240,195,invalid_utf8,invalid_utf8,False,'utf-8' codec can't decode bytes in position 0-1: unexpected end of data
2074,merge,텐데,'텐데',6,2,ed 85 90 eb 8d b0,1899,346,,hangul,True,
2075,merge,이버,'이버',6,2,ec 9d b4 eb b2 84,267,685,,hangul,True,
2076,merge,학교,'학교',6,2,ed 95 99 ea b5 90,961,927,,hangul,True,
2077,merge,맛,'맛',3,1,eb a7 9b,275,159,,hangul,True,
2078,merge,만한,'만한',6,2,eb a7 8c ed 95 9c,328,304,,hangul,True,
2079,merge, 요즘,' 요즘',7,3,20 ec 9a 94 ec a6 98,1190,1354,contains_whitespace,hangul;whitespace,True,
2080,merge, 이 영화를,' 이 영화를',14,6,20 ec 9d b4 20 ec 98 81 ed 99 94 eb a5 bc,322,929,contains_whitespace,hangul;whitespace,True,
2081,merge,랄,'랄',3,1,eb 9e 84,375,136,,hangul,True,
2082,merge,침,'침',3,1,ec b9 a8,419,172,,hangul,True,
2083,merge, 판,' 판',4,2,20 ed 8c 90,785,148,contains_whitespace,hangul;whitespace,True,
2084,merge,니다.,'니다.',7,3,eb 8b 88 eb 8b a4 2e,336,369,,hangul;punct_symbol,True,
2085,merge, 안타,' 안타',7,3,20 ec 95 88 ed 83 80,568,635,contains_whitespace,hangul;whitespace,True,
2086,merge, 낫,' 낫',4,2,20 eb 82 ab,329,175,contains_whitespace,hangul;whitespace,True,
2087,merge,다....,'다....',7,5,eb 8b a4 2e 2e 2e 2e,268,427,repeated_run,hangul;punct_symbol,True,
2088,merge, 사실,' 사실',7,3,20 ec 82 ac ec 8b a4,722,604,contains_whitespace,hangul;whitespace,True,
2089,merge,ㅋㅋㅋ\n,'ㅋㅋㅋ\n',10,4,e3 85 8b e3 85 8b e3 85 8b 0a,347,893,contains_whitespace;control_char;repeated_run,control;hangul;whitespace,True,
2090,merge,고..,'고..',5,3,ea b3 a0 2e 2e,277,266,,hangul;punct_symbol,True,
2091,merge, 만화,' 만화',7,3,20 eb a7 8c ed 99 94,458,279,contains_whitespace,hangul;whitespace,True,
2092,merge, 내용이,' 내용이',10,4,20 eb 82 b4 ec 9a a9 ec 9d b4,773,267,contains_whitespace,hangul;whitespace,True,
2093,merge,에요,'에요',6,2,ec 97 90 ec 9a 94,300,326,,hangul,True,
2094,merge, 영화로,' 영화로',10,4,20 ec 98 81 ed 99 94 eb a1 9c,305,325,contains_whitespace,hangul;whitespace,True,
2095,merge, 스토리도,' 스토리도',13,5,20 ec 8a a4 ed 86 a0 eb a6 ac eb 8f 84,689,296,contains_whitespace,hangul;whitespace,True,
2096,merge, 네,' 네',4,2,20 eb 84 a4,396,168,contains_whitespace,hangul;whitespace,True,
2097,merge,에 남,'에 남',7,3,ec 97 90 20 eb 82 a8,300,649,contains_whitespace,hangul;whitespace,True,
2098,merge,e ,'e ',2,2,65 20,105,36,contains_whitespace,english;whitespace,True,
2099,merge,한다.,'한다.',7,3,ed 95 9c eb 8b a4 2e,304,369,,hangul;punct_symbol,True,
2100,merge, 애니,' 애니',7,3,20 ec 95 a0 eb 8b 88,762,336,contains_whitespace,hangul;whitespace,True,
2101,merge,ㅠ\n,'ㅠ\n',4,2,e3 85 a0 0a,445,14,contains_whitespace;control_char,control;hangul;whitespace,True,
2102,merge,이 되,'이 되',7,3,ec 9d b4 20 eb 90 98,267,746,contains_whitespace,hangul;whitespace,True,
2103,merge, 황,' 황',4,2,20 ed 99 a9,890,173,contains_whitespace,hangul;whitespace,True,
2104,merge,\n소,'\n소',4,2,0a ec 86 8c,353,449,contains_whitespace;control_char,control;hangul;whitespace,True,
2105,merge, 강추,' 강추',7,3,20 ea b0 95 ec b6 94,1028,899,contains_whitespace,hangul;whitespace,True,
2106,merge,현실,'현실',6,2,ed 98 84 ec 8b a4,786,604,,hangul,True,
2107,merge, 맘,' 맘',4,2,20 eb a7 98,323,156,contains_whitespace,hangul;whitespace,True,
2108,merge,당히,'당히',6,2,eb 8b b9 ed 9e 88,734,503,,hangul,True,
2109,merge, 같이,' 같이',7,3,20 ea b0 99 ec 9d b4,603,267,contains_whitespace,hangul;whitespace,True,
2110,merge, 제목,' 제목',7,3,20 ec a0 9c eb aa a9,607,1192,contains_whitespace,hangul;whitespace,True,
2111,merge,평점이,'평점이',9,3,ed 8f 89 ec a0 90 ec 9d b4,845,267,,hangul,True,
2112,merge, 확,' 확',4,2,20 ed 99 95,890,153,contains_whitespace,hangul;whitespace,True,
2113,merge, 신선,' 신선',7,3,20 ec 8b a0 ec 84 a0,889,731,contains_whitespace,hangul;whitespace,True,
2114,merge, 매우,' 매우',7,3,20 eb a7 a4 ec 9a b0,842,404,contains_whitespace,hangul;whitespace,True,
2115,merge,변,'변',3,1,eb b3 80,414,132,,hangul,True,
2116,merge,,b' \xeb\x93\x9c\xeb\x9d\xbc\xeb\xa7\x88\xeb',11,0,20 eb 93 9c eb 9d bc eb a7 88 eb,585,1535,invalid_utf8,invalid_utf8,False,'utf-8' codec can't decode byte 0xeb in position 10: unexpected end of data
2117,merge, 따라,' 따라',7,3,20 eb 94 b0 eb 9d bc,1001,330,contains_whitespace,hangul;whitespace,True,
2118,merge, 궁금,' 궁금',7,3,20 ea b6 81 ea b8 88,1911,638,contains_whitespace,hangul;whitespace,True,
2119,merge,닝,'닝',3,1,eb 8b 9d,263,161,,hangul,True,
2120,merge,보단,'보단',6,2,eb b3 b4 eb 8b a8,374,706,,hangul,True,
2121,merge,새,'새',3,1,ec 83 88,361,140,,hangul,True,
2122,merge, 문제,' 문제',7,3,20 eb ac b8 ec a0 9c,1025,1288,contains_whitespace,hangul;whitespace,True,
2123,merge, 변,' 변',4,2,20 eb b3 80,397,132,contains_whitespace,hangul;whitespace,True,
2124,merge,줄 알았,'줄 알았',10,4,ec a4 84 20 ec 95 8c ec 95 98,840,1495,contains_whitespace,hangul;whitespace,True,
2125,merge,도 안,'도 안',7,3,eb 8f 84 20 ec 95 88,296,568,contains_whitespace,hangul;whitespace,True,
2126,merge, 소름,' 소름',7,3,20 ec 86 8c eb a6 84,658,636,contains_whitespace,hangul;whitespace,True,
2127,merge,켜,'켜',3,1,ec bc 9c,992,160,,hangul,True,
2128,merge, 충분,' 충분',7,3,20 ec b6 a9 eb b6 84,1255,546,contains_whitespace,hangul;whitespace,True,
2129,merge,ㅠㅠ\n,'ㅠㅠ\n',7,3,e3 85 a0 e3 85 a0 0a,594,14,contains_whitespace;control_char,control;hangul;whitespace,True,
2130,merge,~~\n,'~~\n',3,3,7e 7e 0a,602,14,contains_whitespace;control_char,control;punct_symbol;whitespace,True,
2131,merge,거 같,'거 같',7,3,ea b1 b0 20 ea b0 99,385,603,contains_whitespace,hangul;whitespace,True,
2132,merge, 큰,' 큰',4,2,20 ed 81 b0,1044,180,contains_whitespace,hangul;whitespace,True,
2133,merge,함을,'함을',6,2,ed 95 a8 ec 9d 84,528,318,,hangul,True,
2134,merge,했다.,'했다.',7,3,ed 96 88 eb 8b a4 2e,526,369,,hangul;punct_symbol,True,
2135,merge,충,'충',3,1,ec b6 a9,524,173,,hangul,True,
2136,merge, 흘,' 흘',4,2,20 ed 9d 98,677,156,contains_whitespace,hangul;whitespace,True,
2137,merge,,b' \xec\xa3',3,0,20 ec a3,260,167,invalid_utf8,invalid_utf8,False,'utf-8' codec can't decode bytes in position 1-2: unexpected end of data
2138,merge,다고 생각,'다고 생각',13,5,eb 8b a4 ea b3 a0 20 ec 83 9d ea b0 81,778,581,contains_whitespace,hangul;whitespace,True,
2139,merge,탈,'탈',3,1,ed 83 88,457,140,,hangul,True,
2140,merge, 완벽,' 완벽',7,3,20 ec 99 84 eb b2 bd,1522,1681,contains_whitespace,hangul;whitespace,True,
2141,merge,임\n,'임\n',4,2,ec 9e 84 0a,578,14,contains_whitespace;control_char,control;hangul;whitespace,True,
2142,merge,관에서,'관에서',9,3,ea b4 80 ec 97 90 ec 84 9c,825,463,,hangul,True,
2143,merge,,b'\x9b\xeb\x82\xa0',4,0,9b eb 82 a0,159,1075,invalid_utf8,invalid_utf8,False,'utf-8' codec can't decode byte 0x9b in position 0: invalid start byte
2144,merge, 문,' 문',4,2,20 eb ac b8,1025,188,contains_whitespace,hangul;whitespace,True,
2145,merge, 6,' 6',2,2,20 36,36,58,contains_whitespace,digit;whitespace,True,
2146,merge,,b'\x88\xeb\x8d\x94',4,0,88 eb 8d 94,726,152,invalid_utf8,invalid_utf8,False,'utf-8' codec can't decode byte 0x88 in position 0: invalid start byte
2147,merge, 둘,' 둘',4,2,20 eb 91 98,1898,156,contains_whitespace,hangul;whitespace,True,
2148,merge, 양,' 양',4,2,20 ec 96 91,623,149,contains_whitespace,hangul;whitespace,True,
2149,merge, 슬프,' 슬프',7,3,20 ec 8a ac ed 94 84,1198,837,contains_whitespace,hangul;whitespace,True,
2150,merge,더니,'더니',6,2,eb 8d 94 eb 8b 88,662,336,,hangul,True,
2151,merge,아이,'아이',6,2,ec 95 84 ec 9d b4,338,267,,hangul,True,
2152,merge, 분위,' 분위',7,3,20 eb b6 84 ec 9c 84,995,835,contains_whitespace,hangul;whitespace,True,
2153,merge,라이,'라이',6,2,eb 9d bc ec 9d b4,330,267,,hangul,True,
2154,merge,다~,'다~',4,2,eb 8b a4 7e,268,130,,hangul;punct_symbol,True,
2155,merge, 진심,' 진심',7,3,20 ec a7 84 ec 8b ac,489,673,contains_whitespace,hangul;whitespace,True,
2156,merge, 자신,' 자신',7,3,20 ec 9e 90 ec 8b a0,612,545,contains_whitespace,hangul;whitespace,True,
2157,merge, 결국,' 결국',7,3,20 ea b2 b0 ea b5 ad,836,538,contains_whitespace,hangul;whitespace,True,
2158,merge,하겠,'하겠',6,2,ed 95 98 ea b2 a0,289,551,,hangul,True,
2159,merge, 아름답,' 아름답',10,4,20 ec 95 84 eb a6 84 eb 8b b5,1076,901,contains_whitespace,hangul;whitespace,True,
2160,merge, 차라리,' 차라리',10,4,20 ec b0 a8 eb 9d bc eb a6 ac,1185,1628,contains_whitespace,hangul;whitespace,True,
2161,merge,,b' \xed\x88',3,0,20 ed 88,297,140,invalid_utf8,invalid_utf8,False,'utf-8' codec can't decode bytes in position 1-2: unexpected end of data
2162,merge,에 비,'에 비',7,3,ec 97 90 20 eb b9 84,300,682,contains_whitespace,hangul;whitespace,True,
2163,merge,성도,'성도',6,2,ec 84 b1 eb 8f 84,500,296,,hangul,True,
2164,merge,명작,'명작',6,2,eb aa 85 ec 9e 91,713,423,,hangul,True,
2165,merge, 감동적이,' 감동적이',13,5,20 ea b0 90 eb 8f 99 ec a0 81 ec 9d b4,680,817,contains_whitespace,hangul;whitespace,True,
2166,merge, 엔딩,' 엔딩',7,3,20 ec 97 94 eb 94 a9,2001,1315,contains_whitespace,hangul;whitespace,True,
2167,merge,보니,'보니',6,2,eb b3 b4 eb 8b 88,374,336,,hangul,True,
2168,merge,려는,'려는',6,2,eb a0 a4 eb 8a 94,512,272,,hangul,True,
2169,merge,우리,'우리',6,2,ec 9a b0 eb a6 ac,404,332,,hangul,True,
2170,merge, 깊,' 깊',4,2,20 ea b9 8a,688,142,contains_whitespace,hangul;whitespace,True,
2171,merge, C,' C',2,2,20 43,36,71,contains_whitespace,english;whitespace,True,
2172,merge, 후회,' 후회',7,3,20 ed 9b 84 ed 9a 8c,982,884,contains_whitespace,hangul;whitespace,True,
2173,merge, 다큐,' 다큐',7,3,20 eb 8b a4 ed 81 90,416,1683,contains_whitespace,hangul;whitespace,True,
2174,merge,라면,'라면',6,2,eb 9d bc eb a9 b4,330,356,,hangul,True,
2175,merge,\n주,'\n주',4,2,0a ec a3 bc,353,377,contains_whitespace;control_char,control;hangul;whitespace,True,
2176,merge, ㅠㅠ\n,' ㅠㅠ\n',8,4,20 e3 85 a0 e3 85 a0 0a,1217,14,contains_whitespace;control_char,control;hangul;whitespace,True,
2177,merge,\n완전,'\n완전',7,3,0a ec 99 84 ec a0 84,944,790,contains_whitespace;control_char,control;hangul;whitespace,True,
2178,merge, 스토리가,' 스토리가',13,5,20 ec 8a a4 ed 86 a0 eb a6 ac ea b0 80,689,290,contains_whitespace,hangul;whitespace,True,
2179,merge,들에게,'들에게',9,3,eb 93 a4 ec 97 90 ea b2 8c,334,978,,hangul,True,
2180,merge, 몸,' 몸',4,2,20 eb aa b8,364,188,contains_whitespace,hangul;whitespace,True,
2181,merge,,b'\xb0\xb0\xec\x9a\xb0',5,0,b0 b0 ec 9a b0,180,573,invalid_utf8,invalid_utf8,False,'utf-8' codec can't decode byte 0xb0 in position 0: invalid start byte
2182,merge, 기억이,' 기억이',10,4,20 ea b8 b0 ec 96 b5 ec 9d b4,1005,267,contains_whitespace,hangul;whitespace,True,
2183,merge, 나는,' 나는',7,3,20 eb 82 98 eb 8a 94,408,272,contains_whitespace,hangul;whitespace,True,
2184,merge, 내용도,' 내용도',10,4,20 eb 82 b4 ec 9a a9 eb 8f 84,773,296,contains_whitespace,hangul;whitespace,True,
2185,merge,월,'월',3,1,ec 9b 94,398,152,,hangul,True,
2186,merge,빈,'빈',3,1,eb b9 88,676,140,,hangul,True,
2187,merge, 오래,' 오래',7,3,20 ec 98 a4 eb 9e 98,640,525,contains_whitespace,hangul;whitespace,True,
2188,merge,까?,'까?',4,2,ea b9 8c 3f,399,67,,hangul;punct_symbol,True,
2189,merge, 환,' 환',4,2,20 ed 99 98,890,156,contains_whitespace,hangul;whitespace,True,
2190,merge, 보면서,' 보면서',10,4,20 eb b3 b4 eb a9 b4 ec 84 9c,357,694,contains_whitespace,hangul;whitespace,True,
2191,merge, 졸작,' 졸작',7,3,20 ec a1 b8 ec 9e 91,1218,423,contains_whitespace,hangul;whitespace,True,
2192,merge,,b'\xa8\xec\x9d\xb4',4,0,a8 ec 9d b4,172,267,invalid_utf8,invalid_utf8,False,'utf-8' codec can't decode byte 0xa8 in position 0: invalid start byte
2193,merge,마디,'마디',6,2,eb a7 88 eb 94 94,834,1607,,hangul,True,
2194,merge, 영화라고,' 영화라고',13,5,20 ec 98 81 ed 99 94 eb 9d bc ea b3 a0,305,873,contains_whitespace,hangul;whitespace,True,
2195,merge,,b'\n\xec\xb4',3,0,0a ec b4,353,184,invalid_utf8,invalid_utf8,False,'utf-8' codec can't decode bytes in position 1-2: unexpected end of data
2196,merge, 프,' 프',4,2,20 ed 94 84,902,136,contains_whitespace,hangul;whitespace,True,
2197,merge,줌,'줌',3,1,ec a4 8c,389,144,,hangul,True,
2198,merge,닌,'닌',3,1,eb 8b 8c,263,144,,hangul,True,
2199,merge,\n원,'\n원',4,2,0a ec 9b 90,1564,148,contains_whitespace;control_char,control;hangul;whitespace,True,
2200,merge,♡,'♡',3,1,e2 99 a1,913,165,,punct_symbol,True,
2201,merge,놓고,'놓고',6,2,eb 86 93 ea b3 a0,1475,277,,hangul,True,
2202,merge,,b' \xeb\xb6\x88\xeb',5,0,20 eb b6 88 eb,479,306,invalid_utf8,invalid_utf8,False,'utf-8' codec can't decode byte 0xeb in position 4: unexpected end of data
2203,merge, 지루하고,' 지루하고',13,5,20 ec a7 80 eb a3 a8 ed 95 98 ea b3 a0,720,437,contains_whitespace,hangul;whitespace,True,
2204,merge,혹,'혹',3,1,ed 98 b9,439,189,,hangul,True,
2205,merge,소리,'소리',6,2,ec 86 8c eb a6 ac,595,332,,hangul,True,
2206,merge,인의,'인의',6,2,ec 9d b8 ec 9d 98,341,310,,hangul,True,
2207,merge, 만드는,' 만드는',10,4,20 eb a7 8c eb 93 9c eb 8a 94,1373,272,contains_whitespace,hangul;whitespace,True,
2208,merge,.....,'.....',5,5,2e 2e 2e 2e 2e,266,373,repeated_run,punct_symbol,True,
2209,merge,제목,'제목',6,2,ec a0 9c eb aa a9,510,1192,,hangul,True,
2210,merge,봄,'봄',3,1,eb b4 84,491,136,,hangul,True,
2211,merge, 아까운,' 아까운',10,4,20 ec 95 84 ea b9 8c ec 9a b4,1087,492,contains_whitespace,hangul;whitespace,True,
2212,merge, 무엇,' 무엇',7,3,20 eb ac b4 ec 97 87,554,1242,contains_whitespace,hangul;whitespace,True,
2213,merge, 어떤,' 어떤',7,3,20 ec 96 b4 eb 96 a4,1133,168,contains_whitespace,hangul;whitespace,True,
2214,merge, 폭,' 폭',4,2,20 ed 8f ad,924,177,contains_whitespace,hangul;whitespace,True,
2215,merge,한다,'한다',6,2,ed 95 9c eb 8b a4,304,268,,hangul,True,
2216,merge, 유쾌,' 유쾌',7,3,20 ec 9c a0 ec be 8c,679,1323,contains_whitespace,hangul;whitespace,True,
2217,merge,oo,'oo',2,2,6f 6f,115,115,,english,True,
2218,merge,은 없,'은 없',7,3,ec 9d 80 20 ec 97 86,313,409,contains_whitespace,hangul;whitespace,True,
2219,merge, 멋진,' 멋진',7,3,20 eb a9 8b ec a7 84,1063,422,contains_whitespace,hangul;whitespace,True,
2220,merge, 깨,' 깨',4,2,20 ea b9 a8,688,172,contains_whitespace,hangul;whitespace,True,
2221,merge, ㅋㅋㅋ\n,' ㅋㅋㅋ\n',11,5,20 e3 85 8b e3 85 8b e3 85 8b 0a,718,893,contains_whitespace;control_char;repeated_run,control;hangul;whitespace,True,
2222,merge, 빠져,' 빠져',7,3,20 eb b9 a0 ec a0 b8,1251,952,contains_whitespace,hangul;whitespace,True,
2223,merge,시키,'시키',6,2,ec 8b 9c ed 82 a4,365,1048,,hangul,True,
2224,merge,\n이건,'\n이건',7,3,0a ec 9d b4 ea b1 b4,558,477,contains_whitespace;control_char,control;hangul;whitespace,True,
2225,merge,대한,'대한',6,2,eb 8c 80 ed 95 9c,390,304,,hangul,True,
2226,merge,,b' \xed\x85',3,0,20 ed 85,297,137,invalid_utf8,invalid_utf8,False,'utf-8' codec can't decode bytes in position 1-2: unexpected end of data
2227,merge,0분,'0분',4,2,30 eb b6 84,52,546,,digit;hangul,True,
2228,merge, 백,' 백',4,2,20 eb b0 b1,376,181,contains_whitespace,hangul;whitespace,True,
2229,merge, 뛰,' 뛰',4,2,20 eb 9b b0,261,1946,contains_whitespace,hangul;whitespace,True,
2230,merge,책,'책',3,1,ec b1 85,240,1389,,hangul,True,
2231,merge,워서,'워서',6,2,ec 9b 8c ec 84 9c,754,321,,hangul,True,
2232,merge,지..,'지..',5,3,ec a7 80 2e 2e,286,266,,hangul;punct_symbol,True,
2233,merge,\n왜,'\n왜',4,2,0a ec 99 9c,944,160,contains_whitespace;control_char,control;hangul;whitespace,True,
2234,merge, 이쁘,' 이쁘',7,3,20 ec 9d b4 ec 81 98,322,1220,contains_whitespace,hangul;whitespace,True,
2235,merge, 민,' 민',4,2,20 eb af bc,1155,192,contains_whitespace,hangul;whitespace,True,
2236,merge, 맛,' 맛',4,2,20 eb a7 9b,323,159,contains_whitespace,hangul;whitespace,True,
2237,merge, 집중,' 집중',7,3,20 ec a7 91 ec a4 91,1382,559,contains_whitespace,hangul;whitespace,True,
2238,merge,지 않았,'지 않았',10,4,ec a7 80 20 ec 95 8a ec 95 98,642,467,contains_whitespace,hangul;whitespace,True,
2239,merge, 읽,' 읽',4,2,20 ec 9d bd,302,193,contains_whitespace,hangul;whitespace,True,
2240,merge, 웃음,' 웃음',7,3,20 ec 9b 83 ec 9d 8c,800,370,contains_whitespace,hangul;whitespace,True,
2241,merge,다른,'다른',6,2,eb 8b a4 eb a5 b8,268,792,,hangul,True,
2242,merge,럴,'럴',3,1,eb 9f b4,352,184,,hangul,True,
2243,merge,있고,'있고',6,2,ec 9e 88 ea b3 a0,421,277,,hangul,True,
2244,merge,레이,'레이',6,2,eb a0 88 ec 9d b4,572,267,,hangul,True,
2245,merge,이야기,'이야기',9,3,ec 9d b4 ec 95 bc ea b8 b0,267,907,,hangul,True,
2246,merge, 시대,' 시대',7,3,20 ec 8b 9c eb 8c 80,472,390,contains_whitespace,hangul;whitespace,True,
2247,merge, 식,' 식',4,2,20 ec 8b 9d,358,161,contains_whitespace,hangul;whitespace,True,
2248,merge, 상상,' 상상',7,3,20 ec 83 81 ec 83 81,814,433,contains_whitespace,hangul;whitespace,True,
2249,merge,지.,'지.',4,2,ec a7 80 2e,286,50,,hangul;punct_symbol,True,
2250,merge,가 되,'가 되',7,3,ea b0 80 20 eb 90 98,290,746,contains_whitespace,hangul;whitespace,True,
2251,merge,짜증,'짜증',6,2,ec a7 9c ec a6 9d,440,920,,hangul,True,
2252,merge,력이,'력이',6,2,eb a0 a5 ec 9d b4,591,267,,hangul,True,
2253,merge,처음,'처음',6,2,ec b2 98 ec 9d 8c,407,801,,hangul,True,
2254,merge, 보세요,' 보세요',10,4,20 eb b3 b4 ec 84 b8 ec 9a 94,357,928,contains_whitespace,hangul;whitespace,True,
2255,merge,또,'또',3,1,eb 98 90,1507,148,,hangul,True,
2256,merge, 총,' 총',4,2,20 ec b4 9d,909,161,contains_whitespace,hangul;whitespace,True,
2257,merge,정한,'정한',6,2,ec a0 95 ed 95 9c,395,304,,hangul,True,
2258,merge, 보는 내내,' 보는 내내',14,6,20 eb b3 b4 eb 8a 94 20 eb 82 b4 eb 82 b4,847,1550,contains_whitespace,hangul;whitespace,True,
2259,merge, 스타,' 스타',7,3,20 ec 8a a4 ed 83 80,494,635,contains_whitespace,hangul;whitespace,True,
2260,merge,!!!!!!!!,'!!!!!!!!',8,8,21 21 21 21 21 21 21 21,891,891,repeated_run,punct_symbol,True,
2261,merge, 비교,' 비교',7,3,20 eb b9 84 ea b5 90,682,927,contains_whitespace,hangul;whitespace,True,
2262,merge,군요,'군요',6,2,ea b5 b0 ec 9a 94,856,326,,hangul,True,
2263,merge, 언제,' 언제',7,3,20 ec 96 b8 ec a0 9c,623,1288,contains_whitespace,hangul;whitespace,True,
2264,merge,들과,'들과',6,2,eb 93 a4 ea b3 bc,334,441,,hangul,True,
2265,merge, 것이,' 것이',7,3,20 ea b2 83 ec 9d b4,661,267,contains_whitespace,hangul;whitespace,True,
2266,merge,쉬,'쉬',3,1,ec 89 ac,868,176,,hangul,True,
2267,merge,게 해,'게 해',7,3,ea b2 8c 20 ed 95 b4,319,753,contains_whitespace,hangul;whitespace,True,
2268,merge,페,'페',3,1,ed 8e 98,570,156,,hangul,True,
2269,merge, 재미있게,' 재미있게',13,5,20 ec 9e ac eb af b8 ec 9e 88 ea b2 8c,771,319,contains_whitespace,hangul;whitespace,True,
2270,merge,\n그,'\n그',4,2,0a ea b7 b8,14,460,contains_whitespace;control_char,control;hangul;whitespace,True,
2271,merge,지를,'지를',6,2,ec a7 80 eb a5 bc,286,382,,hangul,True,
2272,merge, OOO,' OOO',4,4,20 4f 4f 4f,1350,83,contains_whitespace;repeated_run,english;whitespace,True,
2273,merge,,b' \xec\xa9',3,0,20 ec a9,260,173,invalid_utf8,invalid_utf8,False,'utf-8' codec can't decode bytes in position 1-2: unexpected end of data
2274,merge, 코믹,' 코믹',7,3,20 ec bd 94 eb af b9,925,1787,contains_whitespace,hangul;whitespace,True,
2275,merge,도 못,'도 못',7,3,eb 8f 84 20 eb aa bb,296,588,contains_whitespace,hangul;whitespace,True,
2276,merge, 걍,' 걍',4,2,20 ea b1 8d,567,145,contains_whitespace,hangul;whitespace,True,
2277,merge,하시,'하시',6,2,ed 95 98 ec 8b 9c,289,365,,hangul,True,
2278,merge,,b'\xac\xeb\xa7\x81\xed\x83\x80\xec\x9e\x84\xec\x9a\xa9',13,0,ac eb a7 81 ed 83 80 ec 9e 84 ec 9a a9,1889,520,invalid_utf8,invalid_utf8,False,'utf-8' codec can't decode byte 0xac in position 0: invalid start byte
2279,merge, 패,' 패',4,2,20 ed 8c a8,785,172,contains_whitespace,hangul;whitespace,True,
2280,merge,;;;;,';;;;',4,4,3b 3b 3b 3b,637,637,repeated_run,punct_symbol,True,
2281,merge,찰,'찰',3,1,ec b0 b0,490,180,,hangul,True,
2282,merge, 밖에,' 밖에',7,3,20 eb b0 96 ec 97 90,376,1260,contains_whitespace,hangul;whitespace,True,
2283,merge,시대,'시대',6,2,ec 8b 9c eb 8c 80,365,390,,hangul,True,
2284,merge,함이,'함이',6,2,ed 95 a8 ec 9d b4,528,267,,hangul,True,
2285,merge,을 하,'을 하',7,3,ec 9d 84 20 ed 95 98,318,411,contains_whitespace,hangul;whitespace,True,
2286,merge, 사람이,' 사람이',10,4,20 ec 82 ac eb 9e 8c ec 9d b4,695,267,contains_whitespace,hangul;whitespace,True,
2287,merge,었다\n,'었다\n',7,3,ec 97 88 eb 8b a4 0a,405,402,contains_whitespace;control_char,control;hangul;whitespace,True,
2288,merge,\n재밌,'\n재밌',7,3,0a ec 9e ac eb b0 8c,14,783,contains_whitespace;control_char,control;hangul;whitespace,True,
2289,merge,전개,'전개',6,2,ec a0 84 ea b0 9c,434,577,,hangul,True,
2290,merge, 관객,' 관객',7,3,20 ea b4 80 ea b0 9d,1012,1587,contains_whitespace,hangul;whitespace,True,
2291,merge,기만,'기만',6,2,ea b8 b0 eb a7 8c,303,328,,hangul,True,
2292,merge, 희,' 희',4,2,20 ed 9d ac,677,176,contains_whitespace,hangul;whitespace,True,
2293,merge,징,'징',3,1,ec a7 95,273,153,,hangul,True,
2294,merge, 주연,' 주연',7,3,20 ec a3 bc ec 97 b0,563,483,contains_whitespace,hangul;whitespace,True,
2295,merge, B,' B',2,2,20 42,36,70,contains_whitespace,english;whitespace,True,
2296,merge,편이,'편이',6,2,ed 8e b8 ec 9d b4,647,267,,hangul,True,
2297,merge, 느낄,' 느낄',7,3,20 eb 8a 90 eb 82 84,823,136,contains_whitespace,hangul;whitespace,True,
2298,merge,스타,'스타',6,2,ec 8a a4 ed 83 80,371,635,,hangul,True,
2299,merge, 스토,' 스토',7,3,20 ec 8a a4 ed 86 a0,494,529,contains_whitespace,hangul;whitespace,True,
2300,merge,인간,'인간',6,2,ec 9d b8 ea b0 84,341,442,,hangul,True,
2301,merge,괴,'괴',3,1,ea b4 b4,655,184,,hangul,True,
2302,merge,싸,'싸',3,1,ec 8b b8,307,188,,hangul,True,
2303,merge,,b'\xed\x8f\xac\xeb',4,0,ed 8f ac eb,652,294,invalid_utf8,invalid_utf8,False,'utf-8' codec can't decode byte 0xeb in position 3: unexpected end of data
2304,merge, 시간이,' 시간이',10,4,20 ec 8b 9c ea b0 84 ec 9d b4,897,267,contains_whitespace,hangul;whitespace,True,
2305,merge,을 잘,'을 잘',7,3,ec 9d 84 20 ec 9e 98,318,549,contains_whitespace,hangul;whitespace,True,
2306,merge,롭,'롭',3,1,eb a1 ad,312,177,,hangul,True,
2307,merge,필요,'필요',6,2,ed 95 84 ec 9a 94,264,1071,,hangul,True,
2308,merge, 까,' 까',4,2,20 ea b9 8c,688,144,contains_whitespace,hangul;whitespace,True,
2309,merge,겐,'겐',3,1,ea b2 90,282,148,,hangul,True,
2310,merge,.\n이,'.\n이',5,3,2e 0a ec 9d b4,311,267,contains_whitespace;control_char,control;hangul;punct_symbol;whitespace,True,
2311,merge, 케,' 케',4,2,20 ec bc 80,260,1906,contains_whitespace,hangul;whitespace,True,
2312,merge,햇,'햇',3,1,ed 96 87,418,139,,hangul,True,
2313,merge,하네요,'하네요',9,3,ed 95 98 eb 84 a4 ec 9a 94,289,471,,hangul,True,
2314,merge,음..,'음..',5,3,ec 9d 8c 2e 2e,370,266,,hangul;punct_symbol,True,
2315,merge,틱,'틱',3,1,ed 8b b1,743,181,,hangul,True,
2316,merge,럭,'럭',3,1,eb 9f ad,352,177,,hangul,True,
2317,merge, 종,' 종',4,2,20 ec a2 85,383,137,contains_whitespace,hangul;whitespace,True,
2318,merge,,b'\x80\xec\x9e\xbc',4,0,80 ec 9e bc,132,850,invalid_utf8,invalid_utf8,False,'utf-8' codec can't decode byte 0x80 in position 0: invalid start byte
2319,merge, 몰입도,' 몰입도',10,4,20 eb aa b0 ec 9e 85 eb 8f 84,1212,296,contains_whitespace,hangul;whitespace,True,
2320,merge, 나도,' 나도',7,3,20 eb 82 98 eb 8f 84,408,296,contains_whitespace,hangul;whitespace,True,
2321,merge,완,'완',3,1,ec 99 84,403,136,,hangul,True,
2322,merge,안되,'안되',6,2,ec 95 88 eb 90 98,1300,468,,hangul,True,
2323,merge,라\n,'라\n',4,2,eb 9d bc 0a,330,14,contains_whitespace;control_char,control;hangul;whitespace,True,
2324,merge,,b'\x87\xbc',2,0,87 bc,139,192,invalid_utf8,invalid_utf8,False,'utf-8' codec can't decode byte 0x87 in position 0: invalid start byte
2325,merge,슷,'슷',3,1,ec 8a b7,324,187,,hangul,True,
2326,merge,알바,'알바',6,2,ec 95 8c eb b0 94,1073,805,,hangul,True,
2327,merge,유치,'유치',6,2,ec 9c a0 ec b9 98,664,516,,hangul,True,
2328,merge,점대,'점대',6,2,ec a0 90 eb 8c 80,366,390,,hangul,True,
2329,merge,을수,'을수',6,2,ec 9d 84 ec 88 98,318,415,,hangul,True,
2330,merge,나온,'나온',6,2,eb 82 98 ec 98 a8,320,926,,hangul,True,
2331,merge,삼,'삼',3,1,ec 82 bc,394,192,,hangul,True,
2332,merge,입니다,'입니다',9,3,ec 9e 85 eb 8b 88 eb 8b a4,844,268,,hangul,True,
2333,merge,꼭,'꼭',3,1,ea bc ad,1163,177,,hangul,True,
2334,merge, 니,' 니',4,2,20 eb 8b 88,372,140,contains_whitespace,hangul;whitespace,True,
2335,merge,춘,'춘',3,1,ec b6 98,524,156,,hangul,True,
2336,merge,스가,'스가',6,2,ec 8a a4 ea b0 80,371,290,,hangul,True,
2337,merge,???,'???',3,3,3f 3f 3f,611,67,repeated_run,punct_symbol,True,
2338,merge,네.,'네.',4,2,eb 84 a4 2e,379,50,,hangul;punct_symbol,True,
2339,merge, 미친,' 미친',7,3,20 eb af b8 ec b9 9c,672,1039,contains_whitespace,hangul;whitespace,True,
2340,merge, 그렇게,' 그렇게',10,4,20 ea b7 b8 eb a0 87 ea b2 8c,359,737,contains_whitespace,hangul;whitespace,True,
2341,merge,웅,'웅',3,1,ec 9b 85,398,137,,hangul,True,
2342,merge,찍,'찍',3,1,ec b0 8d,490,145,,hangul,True,
2343,merge,~~~,'~~~',3,3,7e 7e 7e,602,130,repeated_run,punct_symbol,True,
2344,merge,밀,'밀',3,1,eb b0 80,363,132,,hangul,True,
2345,merge, .,' .',2,2,20 2e,36,50,contains_whitespace,punct_symbol;whitespace,True,
2346,merge,딱,'딱',3,1,eb 94 b1,459,181,,hangul,True,
2347,merge,점이,'점이',6,2,ec a0 90 ec 9d b4,366,267,,hangul,True,
2348,merge, 개연,' 개연',7,3,20 ea b0 9c ec 97 b0,618,483,contains_whitespace,hangul;whitespace,True,
2349,merge, 우리나라,' 우리나라',13,5,20 ec 9a b0 eb a6 ac eb 82 98 eb 9d bc,1329,1390,contains_whitespace,hangul;whitespace,True,
2350,merge, 수 있는,' 수 있는',11,5,20 ec 88 98 20 ec 9e 88 eb 8a 94,970,272,contains_whitespace,hangul;whitespace,True,
2351,merge,눈,'눈',3,1,eb 88 88,1056,140,,hangul,True,
2352,merge,그런,'그런',6,2,ea b7 b8 eb 9f b0,460,451,,hangul,True,
2353,merge,그리고,'그리고',9,3,ea b7 b8 eb a6 ac ea b3 a0,460,739,,hangul,True,
2354,merge,다는게,'다는게',9,3,eb 8b a4 eb 8a 94 ea b2 8c,644,319,,hangul,True,
2355,merge,놀,'놀',3,1,eb 86 80,807,132,,hangul,True,
2356,merge, 주제,' 주제',7,3,20 ec a3 bc ec a0 9c,563,510,contains_whitespace,hangul;whitespace,True,
2357,merge,칠,'칠',3,1,ec b9 a0,419,164,,hangul,True,
2358,merge, 프로,' 프로',7,3,20 ed 94 84 eb a1 9c,902,721,contains_whitespace,hangul;whitespace,True,
2359,merge, 토,' 토',4,2,20 ed 86 a0,1246,164,contains_whitespace,hangul;whitespace,True,
2360,merge,,b'\x8c\x93',2,0,8c 93,144,151,invalid_utf8,invalid_utf8,False,'utf-8' codec can't decode byte 0x8c in position 0: invalid start byte
2361,merge,,b'\xeb\x82\x98\xec\x98',5,0,eb 82 98 ec 98,320,360,invalid_utf8,invalid_utf8,False,'utf-8' codec can't decode bytes in position 3-4: unexpected end of data
2362,merge, 탄,' 탄',4,2,20 ed 83 84,946,136,contains_whitespace,hangul;whitespace,True,
2363,merge,대박,'대박',6,2,eb 8c 80 eb b0 95,390,859,,hangul,True,
2364,merge, 터,' 터',4,2,20 ed 84 b0,297,530,contains_whitespace,hangul;whitespace,True,
2365,merge,활,'활',3,1,ed 99 9c,276,160,,hangul,True,
2366,merge,먼,'먼',3,1,eb a8 bc,698,192,,hangul,True,
2367,merge,보고싶,'보고싶',9,3,eb b3 b4 ea b3 a0 ec 8b b6,781,881,,hangul,True,
2368,merge,공포,'공포',6,2,ea b3 b5 ed 8f ac,499,815,,hangul,True,
2369,merge, 전쟁,' 전쟁',7,3,20 ec a0 84 ec 9f 81,543,1469,contains_whitespace,hangul;whitespace,True,
2370,merge, 이 영화는,' 이 영화는',14,6,20 ec 9d b4 20 ec 98 81 ed 99 94 eb 8a 94,322,1003,contains_whitespace,hangul;whitespace,True,
2371,merge,한번,'한번',6,2,ed 95 9c eb b2 88,304,711,,hangul,True,
2372,merge,채,'채',3,1,ec b1 84,240,1574,,hangul,True,
2373,merge, 임,' 임',4,2,20 ec 9e 84,293,136,contains_whitespace,hangul;whitespace,True,
2374,merge,르는,'르는',6,2,eb a5 b4 eb 8a 94,576,272,,hangul,True,
2375,merge,좋은,'좋은',6,2,ec a2 8b ec 9d 80,780,313,,hangul,True,
2376,merge,것을,'것을',6,2,ea b2 83 ec 9d 84,420,318,,hangul,True,
2377,merge, 괴,' 괴',4,2,20 ea b4 b4,633,184,contains_whitespace,hangul;whitespace,True,
2378,merge,진심,'진심',6,2,ec a7 84 ec 8b ac,422,673,,hangul,True,
2379,merge, 캐스팅,' 캐스팅',10,4,20 ec ba 90 ec 8a a4 ed 8c 85,1098,1716,contains_whitespace,hangul;whitespace,True,
2380,merge, 상황,' 상황',7,3,20 ec 83 81 ed 99 a9,814,1331,contains_whitespace,hangul;whitespace,True,
2381,merge, 청,' 청',4,2,20 ec b2 ad,606,177,contains_whitespace,hangul;whitespace,True,
2382,merge, 배우들의,' 배우들의',13,5,20 eb b0 b0 ec 9a b0 eb 93 a4 ec 9d 98,735,886,contains_whitespace,hangul;whitespace,True,
2383,merge, 도대체,' 도대체',10,4,20 eb 8f 84 eb 8c 80 ec b2 b4,997,1552,contains_whitespace,hangul;whitespace,True,
2384,merge,랬,'랬',3,1,eb 9e ac,375,176,,hangul,True,
2385,merge,하하,'하하',6,2,ed 95 98 ed 95 98,289,289,,hangul,True,
2386,merge, 팬,' 팬',4,2,20 ed 8c ac,785,176,contains_whitespace,hangul;whitespace,True,
2387,merge,버린,'버린',6,2,eb b2 84 eb a6 b0,685,757,,hangul,True,
2388,merge, 그만,' 그만',7,3,20 ea b7 b8 eb a7 8c,359,328,contains_whitespace,hangul;whitespace,True,
2389,merge,이라도,'이라도',9,3,ec 9d b4 eb 9d bc eb 8f 84,650,296,,hangul,True,
2390,merge,갔,'갔',3,1,ea b0 94,265,152,,hangul,True,
2391,merge,하고 싶,'하고 싶',10,4,ed 95 98 ea b3 a0 20 ec 8b b6,437,784,contains_whitespace,hangul;whitespace,True,
2392,merge,,b'\x9c\xec\x97\x90',4,0,9c ec 97 90,160,300,invalid_utf8,invalid_utf8,False,'utf-8' codec can't decode byte 0x9c in position 0: invalid start byte
2393,merge,보다가,'보다가',9,3,eb b3 b4 eb 8b a4 ea b0 80,691,290,,hangul,True,
2394,merge,수준,'수준',6,2,ec 88 98 ec a4 80,415,657,,hangul,True,
2395,merge,정도로,'정도로',9,3,ec a0 95 eb 8f 84 eb a1 9c,1019,325,,hangul,True,
2396,merge,랍,'랍',3,1,eb 9e 8d,375,145,,hangul,True,
2397,merge,는건,'는건',6,2,eb 8a 94 ea b1 b4,272,477,,hangul,True,
2398,merge, 마지막에,' 마지막에',13,5,20 eb a7 88 ec a7 80 eb a7 89 ec 97 90,983,300,contains_whitespace,hangul;whitespace,True,
2399,merge, 제발,' 제발',7,3,20 ec a0 9c eb b0 9c,607,867,contains_whitespace,hangul;whitespace,True,
2400,merge,곡,'곡',3,1,ea b3 a1,271,165,,hangul,True,
2401,merge, 훨씬,' 훨씬',7,3,20 ed 9b a8 ec 94 ac,1879,1274,contains_whitespace,hangul;whitespace,True,
2402,merge,깐,'깐',3,1,ea b9 90,362,148,,hangul,True,
2403,merge,돼,'돼',3,1,eb 8f bc,281,192,,hangul,True,
2404,merge, 사람들이,' 사람들이',13,5,20 ec 82 ac eb 9e 8c eb 93 a4 ec 9d b4,695,593,contains_whitespace,hangul;whitespace,True,
2405,merge, 보여주,' 보여주',10,4,20 eb b3 b4 ec 97 ac ec a3 bc,1158,428,contains_whitespace,hangul;whitespace,True,
2406,merge,이라면,'이라면',9,3,ec 9d b4 eb 9d bc eb a9 b4,650,356,,hangul,True,
2407,merge, 최악의 영화,' 최악의 영화',17,7,20 ec b5 9c ec 95 85 ec 9d 98 20 ec 98 81 ed 99 94,1036,830,contains_whitespace,hangul;whitespace,True,
2408,merge, 군,' 군',4,2,20 ea b5 b0,620,180,contains_whitespace,hangul;whitespace,True,
2409,merge,무슨,'무슨',6,2,eb ac b4 ec 8a a8,617,888,,hangul,True,
2410,merge,잔잔,'잔잔',6,2,ec 9e 94 ec 9e 94,996,996,,hangul,True,
2411,merge,ㅇㅇ,'ㅇㅇ',6,2,e3 85 87 e3 85 87,1259,1259,,hangul,True,
2412,merge,,b' \xec\x86\x8c\xec\x9e\xac\xeb',8,0,20 ec 86 8c ec 9e ac eb,658,476,invalid_utf8,invalid_utf8,False,'utf-8' codec can't decode byte 0xeb in position 7: unexpected end of data
2413,merge, 죄,' 죄',4,2,20 ec a3 84,2137,136,contains_whitespace,hangul;whitespace,True,
2414,merge,다\n이,'다\n이',7,3,eb 8b a4 0a ec 9d b4,402,267,contains_whitespace;control_char,control;hangul;whitespace,True,
2415,merge, 진부,' 진부',7,3,20 ec a7 84 eb b6 80,489,523,contains_whitespace,hangul;whitespace,True,
2416,merge, 암,' 암',4,2,20 ec 95 94,295,152,contains_whitespace,hangul;whitespace,True,
2417,merge, 취,' 취',4,2,20 ec b7 a8,260,1658,contains_whitespace,hangul;whitespace,True,
2418,merge,당시,'당시',6,2,eb 8b b9 ec 8b 9c,734,365,,hangul,True,
2419,merge, 극장에서,' 극장에서',13,5,20 ea b7 b9 ec 9e a5 ec 97 90 ec 84 9c,1468,463,contains_whitespace,hangul;whitespace,True,
2420,merge,,b'\x88\xeb\x94\xa9',4,0,88 eb 94 a9,2027,173,invalid_utf8,invalid_utf8,False,'utf-8' codec can't decode byte 0x88 in position 0: invalid start byte
2421,merge,99,'99',2,2,39 39,61,61,,digit,True,
2422,merge,에 대해,'에 대해',10,4,ec 97 90 20 eb 8c 80 ed 95 b4,1050,355,contains_whitespace,hangul;whitespace,True,
2423,merge,극장,'극장',6,2,ea b7 b9 ec 9e a5,953,425,,hangul,True,
2424,merge,끄,'끄',3,1,eb 81 84,665,136,,hangul,True,
2425,merge, 돋,' 돋',4,2,20 eb 8f 8b,495,143,contains_whitespace,hangul;whitespace,True,
2426,merge, 보고 싶,' 보고 싶',11,5,20 eb b3 b4 ea b3 a0 20 ec 8b b6,663,784,contains_whitespace,hangul;whitespace,True,
2427,merge,길래,'길래',6,2,ea b8 b8 eb 9e 98,782,525,,hangul,True,
2428,merge,도 아니고,'도 아니고',13,5,eb 8f 84 20 ec 95 84 eb 8b 88 ea b3 a0,296,1761,contains_whitespace,hangul;whitespace,True,
2429,merge, 커,' 커',4,2,20 ec bb a4,1667,168,contains_whitespace,hangul;whitespace,True,
2430,merge,스릴,'스릴',6,2,ec 8a a4 eb a6 b4,371,767,,hangul,True,
2431,merge,지말,'지말',6,2,ec a7 80 eb a7 90,286,381,,hangul,True,
2432,merge,,b'\x89\xec\x9e\xa5',4,0,89 ec 9e a5,141,425,invalid_utf8,invalid_utf8,False,'utf-8' codec can't decode byte 0x89 in position 0: invalid start byte
2433,merge, 헐,' 헐',4,2,20 ed 97 90,796,148,contains_whitespace,hangul;whitespace,True,
2434,merge,뒤,'뒤',3,1,eb 92 a4,239,1451,,hangul,True,
2435,merge,도 너무,'도 너무',10,4,eb 8f 84 20 eb 84 88 eb ac b4,296,452,contains_whitespace,hangul;whitespace,True,
2436,merge,--,'--',2,2,2d 2d,49,49,,punct_symbol,True,
2437,merge,보기,'보기',6,2,eb b3 b4 ea b8 b0,374,303,,hangul,True,
2438,merge, 어느,' 어느',7,3,20 ec 96 b4 eb 8a 90,455,981,contains_whitespace,hangul;whitespace,True,
2439,merge, 놓,' 놓',4,2,20 eb 86 93,775,151,contains_whitespace,hangul;whitespace,True,
2440,merge, 보니,' 보니',7,3,20 eb b3 b4 eb 8b 88,357,336,contains_whitespace,hangul;whitespace,True,
2441,merge, 알고,' 알고',7,3,20 ec 95 8c ea b3 a0,630,277,contains_whitespace,hangul;whitespace,True,
2442,merge,니다,'니다',6,2,eb 8b 88 eb 8b a4,336,268,,hangul,True,
2443,merge,으면서,'으면서',9,3,ec 9c bc eb a9 b4 ec 84 9c,378,694,,hangul,True,
2444,merge,지마라,'지마라',9,3,ec a7 80 eb a7 88 eb 9d bc,286,2037,,hangul,True,
2445,merge,겹,'겹',3,1,ea b2 b9,282,189,,hangul,True,
2446,merge,킨,'킨',3,1,ed 82 a8,763,172,,hangul,True,
2447,merge,젠,'젠',3,1,ec a0 a0,278,164,,hangul,True,
2448,merge, 예술,' 예술',7,3,20 ec 98 88 ec 88 a0,918,1174,contains_whitespace,hangul;whitespace,True,
2449,merge, 꿈,' 꿈',4,2,20 ea bf 88,1749,140,contains_whitespace,hangul;whitespace,True,
2450,merge,,b'\n\xec\xa4',3,0,0a ec a4,353,168,invalid_utf8,invalid_utf8,False,'utf-8' codec can't decode bytes in position 1-2: unexpected end of data
2451,merge, 왠,' 왠',4,2,20 ec 99 a0,447,164,contains_whitespace,hangul;whitespace,True,
2452,merge, 얼굴,' 얼굴',7,3,20 ec 96 bc ea b5 b4,1228,1795,contains_whitespace,hangul;whitespace,True,
2453,merge,,b'\x9c\xeb\xa1\x9c',4,0,9c eb a1 9c,160,325,invalid_utf8,invalid_utf8,False,'utf-8' codec can't decode byte 0x9c in position 0: invalid start byte
2454,merge, 블,' 블',4,2,20 eb b8 94,1634,152,contains_whitespace,hangul;whitespace,True,
2455,merge,라서,'라서',6,2,eb 9d bc ec 84 9c,330,321,,hangul,True,
2456,merge,학생,'학생',6,2,ed 95 99 ec 83 9d,961,592,,hangul,True,
2457,merge, 로맨스,' 로맨스',10,4,20 eb a1 9c eb a7 a8 ec 8a a4,1992,371,contains_whitespace,hangul;whitespace,True,
2458,merge,함.,'함.',4,2,ed 95 a8 2e,528,50,,hangul;punct_symbol,True,
2459,merge,쳤,'쳤',3,1,ec b3 a4,1132,168,,hangul,True,
2460,merge,했다.\n,'했다.\n',8,4,ed 96 88 eb 8b a4 2e 0a,526,388,contains_whitespace;control_char,control;hangul;punct_symbol;whitespace,True,
2461,merge,료,'료',3,1,eb a3 8c,486,144,,hangul,True,
2462,merge, 뛰어,' 뛰어',7,3,20 eb 9b b0 ec 96 b4,2229,327,contains_whitespace,hangul;whitespace,True,
2463,merge,봣,'봣',3,1,eb b4 a3,491,167,,hangul,True,
2464,merge,멘,'멘',3,1,eb a9 98,340,156,,hangul,True,
2465,merge, 이딴,' 이딴',7,3,20 ec 9d b4 eb 94 b4,322,1580,contains_whitespace,hangul;whitespace,True,
2466,merge, 첨,' 첨',4,2,20 ec b2 a8,606,172,contains_whitespace,hangul;whitespace,True,
2467,merge,츠,'츠',3,1,ec b8 a0,1849,164,,hangul,True,
2468,merge,낭비,'낭비',6,2,eb 82 ad eb b9 84,291,1837,,hangul,True,
2469,merge,픽,'픽',3,1,ed 94 bd,502,193,,hangul,True,
2470,merge, 위해,' 위해',7,3,20 ec 9c 84 ed 95 b4,1011,355,contains_whitespace,hangul;whitespace,True,
2471,merge, 책,' 책',4,2,20 ec b1 85,260,1389,contains_whitespace,hangul;whitespace,True,
2472,merge,듯\n,'듯\n',4,2,eb 93 af 0a,613,14,contains_whitespace;control_char,control;hangul;whitespace,True,
2473,merge, 괜찮았,' 괜찮았',10,4,20 ea b4 9c ec b0 ae ec 95 98,1119,467,contains_whitespace,hangul;whitespace,True,
2474,merge, ㅜㅜ,' ㅜㅜ',7,3,20 e3 85 9c e3 85 9c,36,1252,contains_whitespace,hangul;whitespace,True,
2475,merge,드는,'드는',6,2,eb 93 9c eb 8a 94,462,272,,hangul,True,
2476,merge, 걸작,' 걸작',7,3,20 ea b1 b8 ec 9e 91,1232,423,contains_whitespace,hangul;whitespace,True,
2477,merge, 잔인,' 잔인',7,3,20 ec 9e 94 ec 9d b8,1264,341,contains_whitespace,hangul;whitespace,True,
2478,merge,이였,'이였',6,2,ec 9d b4 ec 98 80,267,641,,hangul,True,
2479,merge,흥,'흥',3,1,ed 9d a5,799,169,,hangul,True,
2480,merge, 공포영화,' 공포영화',13,5,20 ea b3 b5 ed 8f ac ec 98 81 ed 99 94,1395,367,contains_whitespace,hangul;whitespace,True,
2481,merge,♥\n,'♥\n',4,2,e2 99 a5 0a,1035,14,contains_whitespace;control_char,control;punct_symbol;whitespace,True,
2482,merge,네..,'네..',5,3,eb 84 a4 2e 2e,379,266,,hangul;punct_symbol,True,
2483,merge, 처,' 처',4,2,20 ec b2 98,606,156,contains_whitespace,hangul;whitespace,True,
2484,merge,ㅅ,'ㅅ',3,1,e3 85 85,284,137,,hangul,True,
2485,merge, 똑,' 똑',4,2,20 eb 98 91,795,149,contains_whitespace,hangul;whitespace,True,
2486,merge,콩,'콩',3,1,ec bd a9,1225,173,,hangul,True,
2487,merge,쯤,'쯤',3,1,ec af a4,1887,168,,hangul,True,
2488,merge, 그나마,' 그나마',10,4,20 ea b7 b8 eb 82 98 eb a7 88,359,1949,contains_whitespace,hangul;whitespace,True,
2489,merge,풍,'풍',3,1,ed 92 8d,645,145,,hangul,True,
2490,merge,,b'\x93\x9c',2,0,93 9c,151,160,invalid_utf8,invalid_utf8,False,'utf-8' codec can't decode byte 0x93 in position 0: invalid start byte
2491,merge,,b'\xb8\x8c',2,0,b8 8c,188,144,invalid_utf8,invalid_utf8,False,'utf-8' codec can't decode byte 0xb8 in position 0: invalid start byte
2492,merge, 것을,' 것을',7,3,20 ea b2 83 ec 9d 84,661,318,contains_whitespace,hangul;whitespace,True,
2493,merge,1편,'1편',4,2,31 ed 8e b8,53,647,,digit;hangul,True,
2494,merge,합니다,'합니다',9,3,ed 95 a9 eb 8b 88 eb 8b a4,1027,268,,hangul,True,
2495,merge,을텐데,'을텐데',9,3,ec 9d 84 ed 85 90 eb 8d b0,318,2074,,hangul,True,
2496,merge,,b'\xbb\x90',2,0,bb 90,191,148,invalid_utf8,invalid_utf8,False,'utf-8' codec can't decode byte 0xbb in position 0: invalid start byte
2497,merge, 주는,' 주는',7,3,20 ec a3 bc eb 8a 94,563,272,contains_whitespace,hangul;whitespace,True,
2498,merge, 병,' 병',4,2,20 eb b3 91,397,149,contains_whitespace,hangul;whitespace,True,
2499,merge,요?,'요?',4,2,ec 9a 94 3f,326,67,,hangul;punct_symbol,True,
2500,merge,시절,'시절',6,2,ec 8b 9c ec a0 88,365,1000,,hangul,True,
2501,merge,으면 좋겠,'으면 좋겠',13,5,ec 9c bc eb a9 b4 20 ec a2 8b ea b2 a0,826,1874,contains_whitespace,hangul;whitespace,True,
2502,merge,지 않은,'지 않은',10,4,ec a7 80 20 ec 95 8a ec 9d 80,642,313,contains_whitespace,hangul;whitespace,True,
2503,merge,,b' \xeb\xa7\x88\xeb',5,0,20 eb a7 88 eb,323,306,invalid_utf8,invalid_utf8,False,'utf-8' codec can't decode byte 0xeb in position 4: unexpected end of data
2504,merge,TV,'TV',2,2,54 56,88,90,,english,True,
2505,merge,보면서,'보면서',9,3,eb b3 b4 eb a9 b4 ec 84 9c,374,694,,hangul,True,
2506,merge, 장난,' 장난',7,3,20 ec 9e a5 eb 82 9c,703,615,contains_whitespace,hangul;whitespace,True,
2507,merge, 똥,' 똥',4,2,20 eb 98 a5,795,169,contains_whitespace,hangul;whitespace,True,
2508,merge,픔,'픔',3,1,ed 94 94,502,152,,hangul,True,
2509,merge,아무,'아무',6,2,ec 95 84 eb ac b4,338,617,,hangul,True,
2510,merge,반전,'반전',6,2,eb b0 98 ec a0 84,878,434,,hangul,True,
2511,merge, 이후,' 이후',7,3,20 ec 9d b4 ed 9b 84,322,1009,contains_whitespace,hangul;whitespace,True,
2512,merge,한 영화.,'한 영화.',11,5,ed 95 9c 20 ec 98 81 ed 99 94 2e,725,50,contains_whitespace,hangul;punct_symbol;whitespace,True,
2513,merge, 끌,' 끌',4,2,20 eb 81 8c,627,144,contains_whitespace,hangul;whitespace,True,
2514,merge, 좋은데,' 좋은데',10,4,20 ec a2 8b ec 9d 80 eb 8d b0,969,346,contains_whitespace,hangul;whitespace,True,
2515,merge, 학,' 학',4,2,20 ed 95 99,774,157,contains_whitespace,hangul;whitespace,True,
2516,merge,됨,'됨',3,1,eb 90 a8,712,172,,hangul,True,
2517,merge,해지,'해지',6,2,ed 95 b4 ec a7 80,355,286,,hangul,True,
2518,merge,한영화,'한영화',9,3,ed 95 9c ec 98 81 ed 99 94,304,367,,hangul,True,
2519,merge,다운,'다운',6,2,eb 8b a4 ec 9a b4,268,492,,hangul,True,
2520,merge,도 안되,'도 안되',10,4,eb 8f 84 20 ec 95 88 eb 90 98,296,1352,contains_whitespace,hangul;whitespace,True,
2521,merge,중간,'중간',6,2,ec a4 91 ea b0 84,559,442,,hangul,True,
2522,merge,커,'커',3,1,ec bb a4,1290,168,,hangul,True,
2523,merge,,b'\xed\x84',2,0,ed 84,241,136,invalid_utf8,invalid_utf8,False,'utf-8' codec can't decode bytes in position 0-1: unexpected end of data
2524,merge,념,'념',3,1,eb 85 90,454,148,,hangul,True,
2525,merge, 바로,' 바로',7,3,20 eb b0 94 eb a1 9c,833,325,contains_whitespace,hangul;whitespace,True,
2526,merge, 인물,' 인물',7,3,20 ec 9d b8 eb ac bc,580,745,contains_whitespace,hangul;whitespace,True,
2527,merge, 포스터,' 포스터',10,4,20 ed 8f ac ec 8a a4 ed 84 b0,1330,1346,contains_whitespace,hangul;whitespace,True,
2528,merge,-_-,'-_-',3,3,2d 5f 2d,49,1929,,punct_symbol,True,
2529,merge, 평가,' 평가',7,3,20 ed 8f 89 ea b0 80,1026,290,contains_whitespace,hangul;whitespace,True,
2530,merge,;;;,';;;',3,3,3b 3b 3b,637,63,repeated_run,punct_symbol,True,
2531,merge,\n솔직히,'\n솔직히',10,4,0a ec 86 94 ec a7 81 ed 9e 88,1822,1381,contains_whitespace;control_char,control;hangul;whitespace,True,
2532,merge,겠지만,'겠지만',9,3,ea b2 a0 ec a7 80 eb a7 8c,551,436,,hangul,True,
2533,merge,거나,'거나',6,2,ea b1 b0 eb 82 98,385,320,,hangul,True,
2534,merge,엉,'엉',3,1,ec 97 89,270,141,,hangul,True,
2535,merge,보다는,'보다는',9,3,eb b3 b4 eb 8b a4 eb 8a 94,374,644,,hangul,True,
2536,merge, 불쌍,' 불쌍',7,3,20 eb b6 88 ec 8c 8d,1043,1916,contains_whitespace,hangul;whitespace,True,
2537,merge,느낌,'느낌',6,2,eb 8a 90 eb 82 8c,2043,144,,hangul,True,
2538,merge,될,'될',3,1,eb 90 a0,712,164,,hangul,True,
2539,merge,는 없,'는 없',7,3,eb 8a 94 20 ec 97 86,272,409,contains_whitespace,hangul;whitespace,True,
2540,merge,해주,'해주',6,2,ed 95 b4 ec a3 bc,355,428,,hangul,True,
2541,merge,,b'\xb4\x90\xeb\x8f\x84',5,0,b4 90 eb 8f 84,1960,296,invalid_utf8,invalid_utf8,False,'utf-8' codec can't decode byte 0xb4 in position 0: invalid start byte
2542,merge,앗,'앗',3,1,ec 95 97,283,155,,hangul,True,
2543,merge, 연기를,' 연기를',10,4,20 ec 97 b0 ea b8 b0 eb a5 bc,527,382,contains_whitespace,hangul;whitespace,True,
2544,merge, 20,' 20',3,3,20 32 30,809,52,contains_whitespace,digit;whitespace,True,
2545,merge, 광,' 광',4,2,20 ea b4 91,633,149,contains_whitespace,hangul;whitespace,True,
2546,merge,있네,'있네',6,2,ec 9e 88 eb 84 a4,274,990,,hangul,True,
2547,merge,괜찮,'괜찮',6,2,ea b4 9c ec b0 ae,655,986,,hangul,True,
2548,merge,성을,'성을',6,2,ec 84 b1 ec 9d 84,500,318,,hangul,True,
2549,merge,빨,'빨',3,1,eb b9 a8,676,172,,hangul,True,
2550,merge,고 있,'고 있',7,3,ea b3 a0 20 ec 9e 88,277,431,contains_whitespace,hangul;whitespace,True,
2551,merge,사가,'사가',6,2,ec 82 ac ea b0 80,544,290,,hangul,True,
2552,merge, 했는데,' 했는데',10,4,20 ed 96 88 eb 8a 94 eb 8d b0,1002,393,contains_whitespace,hangul;whitespace,True,
2553,merge,수를,'수를',6,2,ec 88 98 eb a5 bc,415,382,,hangul,True,
2554,merge,신이,'신이',6,2,ec 8b a0 ec 9d b4,545,267,,hangul,True,
2555,merge,,b'\xa3\xa8',2,0,a3 a8,167,172,invalid_utf8,invalid_utf8,False,'utf-8' codec can't decode byte 0xa3 in position 0: invalid start byte
2556,merge,,b'\xaa\xbd',2,0,aa bd,174,193,invalid_utf8,invalid_utf8,False,'utf-8' codec can't decode byte 0xaa in position 0: invalid start byte
2557,merge,보다 더,'보다 더',10,4,eb b3 b4 eb 8b a4 20 eb 8d 94,691,566,contains_whitespace,hangul;whitespace,True,
2558,merge,,b'\n\xec\x96',3,0,0a ec 96,353,154,invalid_utf8,invalid_utf8,False,'utf-8' codec can't decode bytes in position 1-2: unexpected end of data
2559,merge,어\n,'어\n',4,2,ec 96 b4 0a,327,14,contains_whitespace;control_char,control;hangul;whitespace,True,
2560,merge, 존재,' 존재',7,3,20 ec a1 b4 ec 9e ac,1239,761,contains_whitespace,hangul;whitespace,True,
2561,merge, 브,' 브',4,2,20 eb b8 8c,1634,144,contains_whitespace,hangul;whitespace,True,
2562,merge,강추,'강추',6,2,ea b0 95 ec b6 94,1164,899,,hangul,True,
2563,merge, 알게,' 알게',7,3,20 ec 95 8c ea b2 8c,630,319,contains_whitespace,hangul;whitespace,True,
2564,merge, 약간,' 약간',7,3,20 ec 95 bd ea b0 84,1577,442,contains_whitespace,hangul;whitespace,True,
2565,merge,\n쓰레기,'\n쓰레기',10,4,0a ec 93 b0 eb a0 88 ea b8 b0,353,686,contains_whitespace;control_char,control;hangul;whitespace,True,
2566,merge,으니,'으니',6,2,ec 9c bc eb 8b 88,378,336,,hangul,True,
2567,merge,)\n,')\n',2,2,29 0a,45,14,contains_whitespace;control_char,control;punct_symbol;whitespace,True,
2568,merge,가지,'가지',6,2,ea b0 80 ec a7 80,290,286,,hangul,True,
2569,merge,라니,'라니',6,2,eb 9d bc eb 8b 88,330,336,,hangul,True,
2570,merge, 사람들,' 사람들',10,4,20 ec 82 ac eb 9e 8c eb 93 a4,695,334,contains_whitespace,hangul;whitespace,True,
2571,merge,합니다.\n,'합니다.\n',11,5,ed 95 a9 eb 8b 88 eb 8b a4 2e 0a,1027,388,contains_whitespace;control_char,control;hangul;punct_symbol;whitespace,True,
2572,merge,er,'er',2,2,65 72,105,118,,english,True,
2573,merge,,b'\xac\xeb\xa6\xac\xec\x8a\xa4',7,0,ac eb a6 ac ec 8a a4,1126,371,invalid_utf8,invalid_utf8,False,'utf-8' codec can't decode byte 0xac in position 0: invalid start byte
2574,merge,잖아,'잖아',6,2,ec 9e 96 ec 95 84,2051,338,,hangul,True,
2575,merge,,b'\xea\xbd',2,0,ea bd,238,193,invalid_utf8,invalid_utf8,False,'utf-8' codec can't decode bytes in position 0-1: unexpected end of data
2576,merge,요즘,'요즘',6,2,ec 9a 94 ec a6 98,326,1354,,hangul,True,
2577,merge, 철,' 철',4,2,20 ec b2 a0,606,164,contains_whitespace,hangul;whitespace,True,
2578,merge, 같은데,' 같은데',10,4,20 ea b0 99 ec 9d 80 eb 8d b0,1195,346,contains_whitespace,hangul;whitespace,True,
2579,merge, 더빙,' 더빙',7,3,20 eb 8d 94 eb b9 99,566,1736,contains_whitespace,hangul;whitespace,True,
2580,merge, 잘봤,' 잘봤',7,3,20 ec 9e 98 eb b4 a4,549,769,contains_whitespace,hangul;whitespace,True,
2581,merge,듯한,'듯한',6,2,eb 93 af ed 95 9c,613,304,,hangul,True,
2582,merge,,b'\x88\xeb\xa0\xa4',4,0,88 eb a0 a4,1890,168,invalid_utf8,invalid_utf8,False,'utf-8' codec can't decode byte 0x88 in position 0: invalid start byte
2583,merge, 뻔한,' 뻔한',7,3,20 eb bb 94 ed 95 9c,1343,304,contains_whitespace,hangul;whitespace,True,
2584,merge,,b'\x93\xb4',2,0,93 b4,151,184,invalid_utf8,invalid_utf8,False,'utf-8' codec can't decode byte 0x93 in position 0: invalid start byte
2585,merge,에서도,'에서도',9,3,ec 97 90 ec 84 9c eb 8f 84,463,296,,hangul,True,
2586,merge,최악,'최악',6,2,ec b5 9c ec 95 85,240,1659,,hangul,True,
2587,merge, 벌,' 벌',4,2,20 eb b2 8c,684,144,contains_whitespace,hangul;whitespace,True,
2588,merge, ㅋ\n,' ㅋ\n',5,3,20 e3 85 8b 0a,36,893,contains_whitespace;control_char,control;hangul;whitespace,True,
2589,merge, 발연기,' 발연기',10,4,20 eb b0 9c ec 97 b0 ea b8 b0,1131,874,contains_whitespace,hangul;whitespace,True,
2590,merge,해라,'해라',6,2,ed 95 b4 eb 9d bc,355,330,,hangul,True,
2591,merge,보게,'보게',6,2,eb b3 b4 ea b2 8c,374,319,,hangul,True,
2592,merge, 늘,' 늘',4,2,20 eb 8a 98,560,156,contains_whitespace,hangul;whitespace,True,
2593,merge, 그대로,' 그대로',10,4,20 ea b7 b8 eb 8c 80 eb a1 9c,359,949,contains_whitespace,hangul;whitespace,True,
2594,merge, 눈물이,' 눈물이',10,4,20 eb 88 88 eb ac bc ec 9d b4,1253,267,contains_whitespace,hangul;whitespace,True,
2595,merge, 아님,' 아님',7,3,20 ec 95 84 eb 8b 98,693,156,contains_whitespace,hangul;whitespace,True,
2596,merge, t,' t',2,2,20 74,36,120,contains_whitespace,english;whitespace,True,
2597,merge, 엉성,' 엉성',7,3,20 ec 97 89 ec 84 b1,1665,500,contains_whitespace,hangul;whitespace,True,
2598,merge, 잃,' 잃',4,2,20 ec 9e 83,293,135,contains_whitespace,hangul;whitespace,True,
2599,merge,었지만,'었지만',9,3,ec 97 88 ec a7 80 eb a7 8c,405,436,,hangul,True,
2600,merge,셔,'셔',3,1,ec 85 94,553,152,,hangul,True,
2601,merge,코미디,'코미디',9,3,ec bd 94 eb af b8 eb 94 94,985,1201,,hangul,True,
2602,merge,는 영화.\n,'는 영화.\n',12,6,eb 8a 94 20 ec 98 81 ed 99 94 2e 0a,537,311,contains_whitespace;control_char,control;hangul;punct_symbol;whitespace,True,
2603,merge,자체,'자체',6,2,ec 9e 90 ec b2 b4,392,683,,hangul,True,
2604,merge, 어린,' 어린',7,3,20 ec 96 b4 eb a6 b0,455,757,contains_whitespace,hangul;whitespace,True,
2605,merge,아닌,'아닌',6,2,ec 95 84 eb 8b 8c,338,2198,,hangul,True,
2606,merge,론가,'론가',6,2,eb a1 a0 ea b0 80,1046,290,,hangul,True,
2607,merge,ㅎㅎ\n,'ㅎㅎ\n',7,3,e3 85 8e e3 85 8e 0a,793,14,contains_whitespace;control_char,control;hangul;whitespace,True,
2608,merge,막장,'막장',6,2,eb a7 89 ec 9e a5,666,425,,hangul,True,
2609,merge, 달,' 달',4,2,20 eb 8b ac,372,176,contains_whitespace,hangul;whitespace,True,
2610,merge,했다,'했다',6,2,ed 96 88 eb 8b a4,526,268,,hangul,True,
2611,merge, 풍,' 풍',4,2,20 ed 92 8d,1449,145,contains_whitespace,hangul;whitespace,True,
2612,merge,작가,'작가',6,2,ec 9e 91 ea b0 80,423,290,,hangul,True,
2613,merge,ㄱ,'ㄱ',3,1,e3 84 b1,880,181,,hangul,True,
2614,merge,,b' \xec\x8f',3,0,20 ec 8f,260,147,invalid_utf8,invalid_utf8,False,'utf-8' codec can't decode bytes in position 1-2: unexpected end of data
2615,merge, 지루한,' 지루한',10,4,20 ec a7 80 eb a3 a8 ed 95 9c,720,304,contains_whitespace,hangul;whitespace,True,
2616,merge, 후반,' 후반',7,3,20 ed 9b 84 eb b0 98,982,878,contains_whitespace,hangul;whitespace,True,
2617,merge,음...,'음...',6,4,ec 9d 8c 2e 2e 2e,370,373,repeated_run,hangul;punct_symbol,True,
2618,merge, 등장,' 등장',7,3,20 eb 93 b1 ec 9e a5,1594,425,contains_whitespace,hangul;whitespace,True,
2619,merge, 채,' 채',4,2,20 ec b1 84,260,1574,contains_whitespace,hangul;whitespace,True,
2620,merge,많은,'많은',6,2,eb a7 8e ec 9d 80,1440,313,,hangul,True,
2621,merge,싫,'싫',3,1,ec 8b ab,307,175,,hangul,True,
2622,merge,굳,'굳',3,1,ea b5 b3,354,183,,hangul,True,
2623,merge,\n처음,'\n처음',7,3,0a ec b2 98 ec 9d 8c,1754,801,contains_whitespace;control_char,control;hangul;whitespace,True,
2624,merge,자가,'자가',6,2,ec 9e 90 ea b0 80,392,290,,hangul,True,
2625,merge,,b'\xea\xb7\xb8\xeb\x9e',5,0,ea b7 b8 eb 9e,460,375,invalid_utf8,invalid_utf8,False,'utf-8' codec can't decode bytes in position 3-4: unexpected end of data
2626,merge,지...,'지...',6,4,ec a7 80 2e 2e 2e,286,373,repeated_run,hangul;punct_symbol,True,
2627,merge, 먼,' 먼',4,2,20 eb a8 bc,915,192,contains_whitespace,hangul;whitespace,True,
2628,merge,,b'\xeb\x93\x9c\xeb\x9d\xbc\xeb\xa7\x88\xeb',10,0,eb 93 9c eb 9d bc eb a7 88 eb,462,1535,invalid_utf8,invalid_utf8,False,'utf-8' codec can't decode byte 0xeb in position 9: unexpected end of data
2629,merge, 갈수록,' 갈수록',10,4,20 ea b0 88 ec 88 98 eb a1 9d,1593,1617,contains_whitespace,hangul;whitespace,True,
2630,merge,에겐,'에겐',6,2,ec 97 90 ea b2 90,300,2309,,hangul,True,
2631,merge,그래도,'그래도',9,3,ea b7 b8 eb 9e 98 eb 8f 84,1640,296,,hangul,True,
2632,merge,,b'\x8c\x93\xea\xb8\x80',5,0,8c 93 ea b8 80,2360,934,invalid_utf8,invalid_utf8,False,'utf-8' codec can't decode byte 0x8c in position 0: invalid start byte
2633,merge, 없이,' 없이',7,3,20 ec 97 86 ec 9d b4,409,267,contains_whitespace,hangul;whitespace,True,
2634,merge, 투,' 투',4,2,20 ed 88 ac,2161,176,contains_whitespace,hangul;whitespace,True,
2635,merge,필,'필',3,1,ed 95 84,264,136,,hangul,True,
2636,merge,근데,'근데',6,2,ea b7 bc eb 8d b0,1138,346,,hangul,True,
2637,merge, 재밌어요,' 재밌어요',13,5,20 ec 9e ac eb b0 8c ec 96 b4 ec 9a 94,521,540,contains_whitespace,hangul;whitespace,True,
2638,merge, 감사,' 감사',7,3,20 ea b0 90 ec 82 ac,808,544,contains_whitespace,hangul;whitespace,True,
2639,merge, 꽤,' 꽤',4,2,20 ea bd a4,1758,168,contains_whitespace,hangul;whitespace,True,
2640,merge, 최악의,' 최악의',10,4,20 ec b5 9c ec 95 85 ec 9d 98,1036,310,contains_whitespace,hangul;whitespace,True,
2641,merge,그러,'그러',6,2,ea b7 b8 eb 9f ac,460,552,,hangul,True,
2642,merge, 3류,' 3류',5,3,20 33 eb a5 98,965,989,contains_whitespace,digit;hangul;whitespace,True,
2643,merge, 은,' 은',4,2,20 ec 9d 80,302,132,contains_whitespace,hangul;whitespace,True,
2644,merge, 역사,' 역사',7,3,20 ec 97 ad ec 82 ac,843,544,contains_whitespace,hangul;whitespace,True,
2645,merge,엔딩,'엔딩',6,2,ec 97 94 eb 94 a9,876,1315,,hangul,True,
2646,merge, 쓸,' 쓸',4,2,20 ec 93 b8,260,1699,contains_whitespace,hangul;whitespace,True,
2647,merge, 묘,' 묘',4,2,20 eb ac 98,1025,156,contains_whitespace,hangul;whitespace,True,
2648,merge,니다\n,'니다\n',7,3,eb 8b 88 eb 8b a4 0a,336,402,contains_whitespace;control_char,control;hangul;whitespace,True,
2649,merge,아주,'아주',6,2,ec 95 84 ec a3 bc,338,428,,hangul,True,
2650,merge,줬,'줬',3,1,ec a4 ac,389,176,,hangul,True,
2651,merge,률,'률',3,1,eb a5 a0,337,164,,hangul,True,
2652,merge,", 그","', 그'",5,3,2c 20 ea b7 b8,48,359,contains_whitespace,hangul;punct_symbol;whitespace,True,
2653,merge,,b'\xae\xa4',2,0,ae a4,178,168,invalid_utf8,invalid_utf8,False,'utf-8' codec can't decode byte 0xae in position 0: invalid start byte
2654,merge,확,'확',3,1,ed 99 95,276,153,,hangul,True,
2655,merge,눈물,'눈물',6,2,eb 88 88 eb ac bc,1056,1057,,hangul,True,
2656,merge,어가,'어가',6,2,ec 96 b4 ea b0 80,327,290,,hangul,True,
2657,merge,거지,'거지',6,2,ea b1 b0 ec a7 80,385,286,,hangul,True,
2658,merge,,b'\x87\x8c',2,0,87 8c,139,144,invalid_utf8,invalid_utf8,False,'utf-8' codec can't decode byte 0x87 in position 0: invalid start byte
2659,merge, 기억에 남,' 기억에 남',14,6,20 ea b8 b0 ec 96 b5 ec 97 90 20 eb 82 a8,1005,2097,contains_whitespace,hangul;whitespace,True,
2660,merge, 어이,' 어이',7,3,20 ec 96 b4 ec 9d b4,455,267,contains_whitespace,hangul;whitespace,True,
2661,merge, 당시,' 당시',7,3,20 eb 8b b9 ec 8b 9c,1129,365,contains_whitespace,hangul;whitespace,True,
2662,merge, 직,' 직',4,2,20 ec a7 81,351,133,contains_whitespace,hangul;whitespace,True,
2663,merge,여서,'여서',6,2,ec 97 ac ec 84 9c,508,321,,hangul,True,
2664,merge, 허무,' 허무',7,3,20 ed 97 88 eb ac b4,796,391,contains_whitespace,hangul;whitespace,True,
2665,merge,,b' \xec\xb3',3,0,20 ec b3,260,183,invalid_utf8,invalid_utf8,False,'utf-8' codec can't decode bytes in position 1-2: unexpected end of data
2666,merge, 전부,' 전부',7,3,20 ec a0 84 eb b6 80,543,523,contains_whitespace,hangul;whitespace,True,
2667,merge, 순수,' 순수',7,3,20 ec 88 9c ec 88 98,1530,415,contains_whitespace,hangul;whitespace,True,
2668,merge,버지,'버지',6,2,eb b2 84 ec a7 80,685,286,,hangul,True,
2669,merge,홍,'홍',3,1,ed 99 8d,276,145,,hangul,True,
2670,merge,"\""\n","'""\n'",2,2,22 0a,38,14,contains_whitespace;control_char,control;punct_symbol;whitespace,True,
2671,merge, 오글,' 오글',7,3,20 ec 98 a4 ea b8 80,640,934,contains_whitespace,hangul;whitespace,True,
2672,merge,골,'골',3,1,ea b3 a8,271,172,,hangul,True,
2673,merge,뭔가,'뭔가',6,2,eb ad 94 ea b0 80,1832,290,,hangul,True,
2674,merge,할때,'할때',6,2,ed 95 a0 eb 95 8c,478,574,,hangul,True,
2675,merge, 쉽,' 쉽',4,2,20 ec 89 bd,1953,193,contains_whitespace,hangul;whitespace,True,
2676,merge, 혼자,' 혼자',7,3,20 ed 98 bc ec 9e 90,2038,392,contains_whitespace,hangul;whitespace,True,
2677,merge,옥,'옥',3,1,ec 98 a5,360,169,,hangul,True,
2678,merge,는 정말,'는 정말',10,4,eb 8a 94 20 ec a0 95 eb a7 90,272,532,contains_whitespace,hangul;whitespace,True,
2679,merge, 솔직히,' 솔직히',10,4,20 ec 86 94 ec a7 81 ed 9e 88,777,1381,contains_whitespace,hangul;whitespace,True,
2680,merge,\n그냥,'\n그냥',7,3,0a ea b7 b8 eb 83 a5,14,1034,contains_whitespace;control_char,control;hangul;whitespace,True,
2681,merge, 영상미,' 영상미',10,4,20 ec 98 81 ec 83 81 eb af b8,1467,497,contains_whitespace,hangul;whitespace,True,
2682,merge, 해서,' 해서',7,3,20 ed 95 b4 ec 84 9c,36,687,contains_whitespace,hangul;whitespace,True,
2683,merge, 클,' 클',4,2,20 ed 81 b4,1044,184,contains_whitespace,hangul;whitespace,True,
2684,merge,탕,'탕',3,1,ed 83 95,457,153,,hangul,True,
2685,merge, 대체,' 대체',7,3,20 eb 8c 80 ec b2 b4,513,683,contains_whitespace,hangul;whitespace,True,
2686,merge,볼만,'볼만',6,2,eb b3 bc eb a7 8c,1096,328,,hangul,True,
2687,merge,머니,'머니',6,2,eb a8 b8 eb 8b 88,1058,336,,hangul,True,
2688,merge,앞,'앞',3,1,ec 95 9e,283,162,,hangul,True,
2689,merge,모르,'모르',6,2,eb aa a8 eb a5 b4,789,576,,hangul,True,
2690,merge,가슴,'가슴',6,2,ea b0 80 ec 8a b4,290,1020,,hangul,True,
2691,merge,틀,'틀',3,1,ed 8b 80,743,132,,hangul,True,
2692,merge,,b'\x89\xec\x9e\xa5\xed\x9e\x88',7,0,89 ec 9e a5 ed 9e 88,2432,503,invalid_utf8,invalid_utf8,False,'utf-8' codec can't decode byte 0x89 in position 0: invalid start byte
2693,merge, 봤던,' 봤던',7,3,20 eb b4 a4 eb 8d 98,480,596,contains_whitespace,hangul;whitespace,True,
2694,merge, 태,' 태',4,2,20 ed 83 9c,946,160,contains_whitespace,hangul;whitespace,True,
2695,merge," ,","' ,'",2,2,20 2c,36,48,contains_whitespace,punct_symbol;whitespace,True,
2696,merge,한다.\n,'한다.\n',8,4,ed 95 9c eb 8b a4 2e 0a,304,388,contains_whitespace;control_char,control;hangul;punct_symbol;whitespace,True,
2697,merge,릴때,'릴때',6,2,eb a6 b4 eb 95 8c,767,574,,hangul,True,
2698,merge,십,'십',3,1,ec 8b ad,307,177,,hangul,True,
2699,merge, o,' o',2,2,20 6f,36,115,contains_whitespace,english;whitespace,True,
2700,merge,도 이,'도 이',7,3,eb 8f 84 20 ec 9d b4,296,322,contains_whitespace,hangul;whitespace,True,
2701,merge,랑스,'랑스',6,2,eb 9e 91 ec 8a a4,766,371,,hangul,True,
2702,merge,버렸,'버렸',6,2,eb b2 84 eb a0 b8,685,1030,,hangul,True,
2703,merge, 예쁘,' 예쁘',7,3,20 ec 98 88 ec 81 98,918,1220,contains_whitespace,hangul;whitespace,True,
2704,merge,연출,'연출',6,2,ec 97 b0 ec b6 9c,483,752,,hangul,True,
2705,merge,찌,'찌',3,1,ec b0 8c,240,435,,hangul,True,
2706,merge,보이,'보이',6,2,eb b3 b4 ec 9d b4,374,267,,hangul,True,
2707,merge,을 때,'을 때',7,3,ec 9d 84 20 eb 95 8c,318,905,contains_whitespace,hangul;whitespace,True,
2708,merge, 트,' 트',4,2,20 ed 8a b8,968,188,contains_whitespace,hangul;whitespace,True,
2709,merge, 딸,' 딸',4,2,20 eb 94 b8,668,188,contains_whitespace,hangul;whitespace,True,
2710,merge,졸,'졸',3,1,ec a1 b8,506,188,,hangul,True,
2711,merge, 첫,' 첫',4,2,20 ec b2 ab,606,175,contains_whitespace,hangul;whitespace,True,
2712,merge, 맘에,' 맘에',7,3,20 eb a7 98 ec 97 90,2107,300,contains_whitespace,hangul;whitespace,True,
2713,merge, 키,' 키',4,2,20 ed 82 a4,1500,168,contains_whitespace,hangul;whitespace,True,
2714,merge,말이 필요,'말이 필요',13,5,eb a7 90 ec 9d b4 20 ed 95 84 ec 9a 94,1172,1308,contains_whitespace,hangul;whitespace,True,
2715,merge,하니,'하니',6,2,ed 95 98 eb 8b 88,289,336,,hangul,True,
2716,merge, 사람들은,' 사람들은',13,5,20 ec 82 ac eb 9e 8c eb 93 a4 ec 9d 80,695,917,contains_whitespace,hangul;whitespace,True,
2717,merge,장난,'장난',6,2,ec 9e a5 eb 82 9c,425,615,,hangul,True,
2718,merge, 갖,' 갖',4,2,20 ea b0 96,344,154,contains_whitespace,hangul;whitespace,True,
2719,merge,\n조,'\n조',4,2,0a ec a1 b0,1791,180,contains_whitespace;control_char,control;hangul;whitespace,True,
2720,merge, 아무리,' 아무리',10,4,20 ec 95 84 eb ac b4 eb a6 ac,1379,332,contains_whitespace,hangul;whitespace,True,
2721,merge,내용이,'내용이',9,3,eb 82 b4 ec 9a a9 ec 9d b4,1171,267,,hangul,True,
2722,merge,구요,'구요',6,2,ea b5 ac ec 9a 94,541,326,,hangul,True,
2723,merge,ood,'ood',3,3,6f 6f 64,2217,104,,english,True,
2724,merge,임.,'임.',4,2,ec 9e 84 2e,578,50,,hangul;punct_symbol,True,
2725,merge,,b'\xa5\xb4',2,0,a5 b4,169,184,invalid_utf8,invalid_utf8,False,'utf-8' codec can't decode byte 0xa5 in position 0: invalid start byte
2726,merge,철,'철',3,1,ec b2 a0,407,164,,hangul,True,
2727,merge, 수 없는,' 수 없는',11,5,20 ec 88 98 20 ec 97 86 eb 8a 94,531,991,contains_whitespace,hangul;whitespace,True,
2728,merge, 봣,' 봣',4,2,20 eb b4 a3,410,167,contains_whitespace,hangul;whitespace,True,
2729,merge, 귀엽,' 귀엽',7,3,20 ea b7 80 ec 97 bd,1184,1967,contains_whitespace,hangul;whitespace,True,
2730,merge, 끝나,' 끝나',7,3,20 eb 81 9d eb 82 98,732,320,contains_whitespace,hangul;whitespace,True,
2731,merge,어지,'어지',6,2,ec 96 b4 ec a7 80,327,286,,hangul,True,
2732,merge, 가슴이,' 가슴이',10,4,20 ea b0 80 ec 8a b4 ec 9d b4,1367,267,contains_whitespace,hangul;whitespace,True,
2733,merge, 색,' 색',4,2,20 ec 83 89,429,141,contains_whitespace,hangul;whitespace,True,
2734,merge,했지만,'했지만',9,3,ed 96 88 ec a7 80 eb a7 8c,526,436,,hangul,True,
2735,merge, CG,' CG',3,3,20 43 47,2171,75,contains_whitespace,english;whitespace,True,
2736,merge, c,' c',2,2,20 63,36,103,contains_whitespace,english;whitespace,True,
2737,merge,\n참,'\n참',4,2,0a ec b0 b8,1928,188,contains_whitespace;control_char,control;hangul;whitespace,True,
2738,merge, 어울,' 어울',7,3,20 ec 96 b4 ec 9a b8,455,861,contains_whitespace,hangul;whitespace,True,
2739,merge,숙,'숙',3,1,ec 88 99,710,157,,hangul,True,
2740,merge, 정도로,' 정도로',10,4,20 ec a0 95 eb 8f 84 eb a1 9c,1261,325,contains_whitespace,hangul;whitespace,True,
2741,merge,,b'\x88\xeb\xb2',3,0,88 eb b2,306,182,invalid_utf8,invalid_utf8,False,'utf-8' codec can't decode byte 0x88 in position 0: invalid start byte
2742,merge, 다운,' 다운',7,3,20 eb 8b a4 ec 9a b4,416,492,contains_whitespace,hangul;whitespace,True,
2743,merge, 위한,' 위한',7,3,20 ec 9c 84 ed 95 9c,1011,304,contains_whitespace,hangul;whitespace,True,
2744,merge, 중국,' 중국',7,3,20 ec a4 91 ea b5 ad,729,538,contains_whitespace,hangul;whitespace,True,
2745,merge,입니다\n,'입니다\n',10,4,ec 9e 85 eb 8b 88 eb 8b a4 0a,844,402,contains_whitespace;control_char,control;hangul;whitespace,True,
2746,merge,메디,'메디',6,2,eb a9 94 eb 94 94,1401,608,,hangul,True,
2747,merge,가서,'가서',6,2,ea b0 80 ec 84 9c,290,321,,hangul,True,
2748,merge,에선,'에선',6,2,ec 97 90 ec 84 a0,300,731,,hangul,True,
2749,merge,곳,'곳',3,1,ea b3 b3,271,183,,hangul,True,
2750,merge, 그래서,' 그래서',10,4,20 ea b7 b8 eb 9e 98 ec 84 9c,1142,321,contains_whitespace,hangul;whitespace,True,
2751,merge,거야,'거야',6,2,ea b1 b0 ec 95 bc,385,412,,hangul,True,
2752,merge, 섹,' 섹',4,2,20 ec 84 b9,470,189,contains_whitespace,hangul;whitespace,True,
2753,merge,려서,'려서',6,2,eb a0 a4 ec 84 9c,512,321,,hangul,True,
2754,merge,,b'\xb6\x80',2,0,b6 80,186,132,invalid_utf8,invalid_utf8,False,'utf-8' codec can't decode byte 0xb6 in position 0: invalid start byte
2755,merge,점은,'점은',6,2,ec a0 90 ec 9d 80,366,313,,hangul,True,
2756,merge, 슬픈,' 슬픈',7,3,20 ec 8a ac ed 94 88,1198,1283,contains_whitespace,hangul;whitespace,True,
2757,merge,량,'량',3,1,eb 9f 89,352,141,,hangul,True,
2758,merge,만으로도,'만으로도',12,4,eb a7 8c ec 9c bc eb a1 9c eb 8f 84,328,1625,,hangul,True,
2759,merge, 교훈,' 교훈',7,3,20 ea b5 90 ed 9b 88,1614,1297,contains_whitespace,hangul;whitespace,True,
2760,merge,마음,'마음',6,2,eb a7 88 ec 9d 8c,400,370,,hangul,True,
2761,merge,??\n,'??\n',3,3,3f 3f 0a,611,14,contains_whitespace;control_char,control;punct_symbol;whitespace,True,
2762,merge, 오랜만에,' 오랜만에',13,5,20 ec 98 a4 eb 9e 9c eb a7 8c ec 97 90,640,1694,contains_whitespace,hangul;whitespace,True,
2763,merge,다.\n이,'다.\n이',8,4,eb 8b a4 2e 0a ec 9d b4,388,267,contains_whitespace;control_char,control;hangul;punct_symbol;whitespace,True,
2764,merge,을 가,'을 가',7,3,ec 9d 84 20 ea b0 80,318,485,contains_whitespace,hangul;whitespace,True,
2765,merge, 잘못,' 잘못',7,3,20 ec 9e 98 eb aa bb,549,1052,contains_whitespace,hangul;whitespace,True,
2766,merge,가족,'가족',6,2,ea b0 80 ec a1 b1,290,832,,hangul,True,
2767,merge,이 지,'이 지',7,3,ec 9d b4 20 ec a7 80,267,473,contains_whitespace,hangul;whitespace,True,
2768,merge, 이미,' 이미',7,3,20 ec 9d b4 eb af b8,322,497,contains_whitespace,hangul;whitespace,True,
2769,merge,개봉,'개봉',6,2,ea b0 9c eb b4 89,577,1182,,hangul,True,
2770,merge,,b'\xac\xeb\x8d',3,0,ac eb 8d,294,145,invalid_utf8,invalid_utf8,False,'utf-8' codec can't decode byte 0xac in position 0: invalid start byte
2771,merge, 멋있,' 멋있',7,3,20 eb a9 8b ec 9e 88,1063,421,contains_whitespace,hangul;whitespace,True,
2772,merge, 뭐야,' 뭐야',7,3,20 eb ad 90 ec 95 bc,723,412,contains_whitespace,hangul;whitespace,True,
2773,merge,,b'\xec\x95\x84\xeb\x8b\x88\xeb',7,0,ec 95 84 eb 8b 88 eb,338,1023,invalid_utf8,invalid_utf8,False,'utf-8' codec can't decode byte 0xeb in position 6: unexpected end of data
2774,merge, 티비,' 티비',7,3,20 ed 8b b0 eb b9 84,1935,624,contains_whitespace,hangul;whitespace,True,
2775,merge, 존나,' 존나',7,3,20 ec a1 b4 eb 82 98,1239,320,contains_whitespace,hangul;whitespace,True,
2776,merge,,b'\xad\xec\x83\x81',4,0,ad ec 83 81,177,433,invalid_utf8,invalid_utf8,False,'utf-8' codec can't decode byte 0xad in position 0: invalid start byte
2777,merge,지도 않고,'지도 않고',13,5,ec a7 80 eb 8f 84 20 ec 95 8a ea b3 a0,1566,277,contains_whitespace,hangul;whitespace,True,
2778,merge,,b'\xed\x81\xac\xeb',4,0,ed 81 ac eb,600,294,invalid_utf8,invalid_utf8,False,'utf-8' codec can't decode byte 0xeb in position 3: unexpected end of data
2779,merge, 사회,' 사회',7,3,20 ec 82 ac ed 9a 8c,722,884,contains_whitespace,hangul;whitespace,True,
2780,merge,배우들,'배우들',9,3,eb b0 b0 ec 9a b0 eb 93 a4,994,334,,hangul,True,
2781,merge,,b'\x88\xeb\x83\x90',4,0,88 eb 83 90,306,1685,invalid_utf8,invalid_utf8,False,'utf-8' codec can't decode byte 0x88 in position 0: invalid start byte
2782,merge," \""\""","' """"'",3,3,20 22 22,36,1188,contains_whitespace,punct_symbol;whitespace,True,
2783,merge,규,'규',3,1,ea b7 9c,610,160,,hangul,True,
2784,merge, 오늘,' 오늘',7,3,20 ec 98 a4 eb 8a 98,640,1435,contains_whitespace,hangul;whitespace,True,
2785,merge, 다들,' 다들',7,3,20 eb 8b a4 eb 93 a4,416,334,contains_whitespace,hangul;whitespace,True,
2786,merge, 비슷,' 비슷',7,3,20 eb b9 84 ec 8a b7,682,2325,contains_whitespace,hangul;whitespace,True,
2787,merge,인물,'인물',6,2,ec 9d b8 eb ac bc,341,745,,hangul,True,
2788,merge, ㅠ,' ㅠ',4,2,20 e3 85 a0,36,445,contains_whitespace,hangul;whitespace,True,
2789,merge,마디로,'마디로',9,3,eb a7 88 eb 94 94 eb a1 9c,2193,325,,hangul,True,
2790,merge, 어설픈,' 어설픈',10,4,20 ec 96 b4 ec 84 a4 ed 94 88,1841,1283,contains_whitespace,hangul;whitespace,True,
2791,merge,분들,'분들',6,2,eb b6 84 eb 93 a4,546,334,,hangul,True,
2792,merge, 흔,' 흔',4,2,20 ed 9d 94,677,152,contains_whitespace,hangul;whitespace,True,
2793,merge,연히,'연히',6,2,ec 97 b0 ed 9e 88,483,503,,hangul,True,
2794,merge, S,' S',2,2,20 53,36,87,contains_whitespace,english;whitespace,True,
2795,merge, 마음이,' 마음이',10,4,20 eb a7 88 ec 9d 8c ec 9d b4,1224,267,contains_whitespace,hangul;whitespace,True,
2796,merge, 초반,' 초반',7,3,20 ec b4 88 eb b0 98,909,1631,contains_whitespace,hangul;whitespace,True,
2797,merge,................,'................',16,16,2e 2e 2e 2e 2e 2e 2e 2e 2e 2e 2e 2e 2e 2e 2e 2e,1179,1179,long_chars;repeated_run,punct_symbol,True,
2798,merge,짜리,'짜리',6,2,ec a7 9c eb a6 ac,440,332,,hangul,True,
2799,merge,땐,'땐',3,1,eb 95 90,1479,148,,hangul,True,
2800,merge, 번,' 번',4,2,20 eb b2 88,684,140,contains_whitespace,hangul;whitespace,True,
2801,merge, 듣,' 듣',4,2,20 eb 93 a3,450,167,contains_whitespace,hangul;whitespace,True,
2802,merge, 누가,' 누가',7,3,20 eb 88 84 ea b0 80,1326,290,contains_whitespace,hangul;whitespace,True,
2803,merge,건데,'건데',6,2,ea b1 b4 eb 8d b0,477,346,,hangul,True,
2804,merge,\n전,'\n전',4,2,0a ec a0 84,14,434,contains_whitespace;control_char,control;hangul;whitespace,True,
2805,merge,\n평점,'\n평점',7,3,0a ed 8f 89 ec a0 90,14,845,contains_whitespace;control_char,control;hangul;whitespace,True,
2806,merge, 나올,' 나올',7,3,20 eb 82 98 ec 98 ac,1842,176,contains_whitespace,hangul;whitespace,True,
2807,merge,나이,'나이',6,2,eb 82 98 ec 9d b4,320,267,,hangul,True,
2808,merge, 전체,' 전체',7,3,20 ec a0 84 ec b2 b4,543,683,contains_whitespace,hangul;whitespace,True,
2809,merge, 승,' 승',4,2,20 ec 8a b9,448,189,contains_whitespace,hangul;whitespace,True,
2810,merge, 영화도,' 영화도',10,4,20 ec 98 81 ed 99 94 eb 8f 84,305,296,contains_whitespace,hangul;whitespace,True,
2811,merge,쓸,'쓸',3,1,ec 93 b8,240,1699,,hangul,True,
2812,merge,인줄,'인줄',6,2,ec 9d b8 ec a4 84,341,840,,hangul,True,
2813,merge, 방송,' 방송',7,3,20 eb b0 a9 ec 86 a1,1304,1418,contains_whitespace,hangul;whitespace,True,
2814,merge,겠다,'겠다',6,2,ea b2 a0 eb 8b a4,551,268,,hangul,True,
2815,merge, 벗,' 벗',4,2,20 eb b2 97,684,155,contains_whitespace,hangul;whitespace,True,
2816,merge,결말,'결말',6,2,ea b2 b0 eb a7 90,1089,381,,hangul,True,
2817,merge,\n예,'\n예',4,2,0a ec 98 88,1006,140,contains_whitespace;control_char,control;hangul;whitespace,True,
2818,merge, 생각하게,' 생각하게',13,5,20 ec 83 9d ea b0 81 ed 95 98 ea b2 8c,581,621,contains_whitespace,hangul;whitespace,True,
2819,merge,아야,'아야',6,2,ec 95 84 ec 95 bc,338,412,,hangul,True,
2820,merge,파이,'파이',6,2,ed 8c 8c ec 9d b4,522,922,,hangul,True,
2821,merge,,b' \xeb\x95',3,0,20 eb 95,261,153,invalid_utf8,invalid_utf8,False,'utf-8' codec can't decode bytes in position 1-2: unexpected end of data
2822,merge,,b'\x88\xeb\x81\xbc',4,0,88 eb 81 bc,2023,192,invalid_utf8,invalid_utf8,False,'utf-8' codec can't decode byte 0x88 in position 0: invalid start byte
2823,merge,\n최악,'\n최악',7,3,0a ec b5 9c ec 95 85,353,1659,contains_whitespace;control_char,control;hangul;whitespace,True,
2824,merge,.....\n,'.....\n',6,6,2e 2e 2e 2e 2e 0a,427,311,contains_whitespace;control_char;repeated_run,control;punct_symbol;whitespace,True,
2825,merge,의 모습,'의 모습',10,4,ec 9d 98 20 eb aa a8 ec 8a b5,310,1542,contains_whitespace,hangul;whitespace,True,
2826,merge,같은 영화,'같은 영화',13,5,ea b0 99 ec 9d 80 20 ec 98 81 ed 99 94,569,797,contains_whitespace,hangul;whitespace,True,
2827,merge,와서,'와서',6,2,ec 99 80 ec 84 9c,509,321,,hangul,True,
2828,merge,영화중,'영화중',9,3,ec 98 81 ed 99 94 ec a4 91,367,559,,hangul,True,
2829,merge,"하고,","'하고,'",7,3,ed 95 98 ea b3 a0 2c,437,48,,hangul;punct_symbol,True,
2830,merge, 비디오,' 비디오',10,4,20 eb b9 84 eb 94 94 ec 98 a4,682,2013,contains_whitespace,hangul;whitespace,True,
2831,merge, 여기,' 여기',7,3,20 ec 97 ac ea b8 b0,622,303,contains_whitespace,hangul;whitespace,True,
2832,merge,합니다.,'합니다.',10,4,ed 95 a9 eb 8b 88 eb 8b a4 2e,1027,369,,hangul;punct_symbol,True,
2833,merge,재밌어요,'재밌어요',12,4,ec 9e ac eb b0 8c ec 96 b4 ec 9a 94,783,540,,hangul,True,
2834,merge, 낮은,' 낮은',7,3,20 eb 82 ae ec 9d 80,1207,313,contains_whitespace,hangul;whitespace,True,
2835,merge,제가,'제가',6,2,ec a0 9c ea b0 80,510,290,,hangul,True,
2836,merge,유의,'유의',6,2,ec 9c a0 ec 9d 98,664,310,,hangul,True,
2837,merge, 재밌었,' 재밌었',10,4,20 ec 9e ac eb b0 8c ec 97 88,521,405,contains_whitespace,hangul;whitespace,True,
2838,merge, 엄마,' 엄마',7,3,20 ec 97 84 eb a7 88,1170,400,contains_whitespace,hangul;whitespace,True,
2839,merge,,b'\x88\xeb\xa1',3,0,88 eb a1,306,165,invalid_utf8,invalid_utf8,False,'utf-8' codec can't decode byte 0x88 in position 0: invalid start byte
2840,merge,듬,'듬',3,1,eb 93 ac,298,176,,hangul,True,
2841,merge, 여배우,' 여배우',10,4,20 ec 97 ac eb b0 b0 ec 9a b0,1711,2181,contains_whitespace,hangul;whitespace,True,
2842,merge, 삼류,' 삼류',7,3,20 ec 82 bc eb a5 98,1982,989,contains_whitespace,hangul;whitespace,True,
2843,merge, 개인적으로,' 개인적으로',16,6,20 ea b0 9c ec 9d b8 ec a0 81 ec 9c bc eb a1 9c,618,1828,contains_whitespace,hangul;whitespace,True,
2844,merge,하는 영화,'하는 영화',13,5,ed 95 98 eb 8a 94 20 ec 98 81 ed 99 94,504,305,contains_whitespace,hangul;whitespace,True,
2845,merge, 갑자기,' 갑자기',10,4,20 ea b0 91 ec 9e 90 ea b8 b0,1985,1782,contains_whitespace,hangul;whitespace,True,
2846,merge, 이름,' 이름',7,3,20 ec 9d b4 eb a6 84,322,636,contains_whitespace,hangul;whitespace,True,
2847,merge,개인적으로,'개인적으로',15,5,ea b0 9c ec 9d b8 ec a0 81 ec 9c bc eb a1 9c,577,1828,,hangul,True,
2848,merge,지못,'지못',6,2,ec a7 80 eb aa bb,286,1052,,hangul,True,
2849,merge,취,'취',3,1,ec b7 a8,240,1658,,hangul,True,
2850,merge,건가,'건가',6,2,ea b1 b4 ea b0 80,477,290,,hangul,True,
2851,merge,놔,'놔',3,1,eb 86 94,807,152,,hangul,True,
2852,merge, ~,' ~',2,2,20 7e,36,130,contains_whitespace,punct_symbol;whitespace,True,
2853,merge,감독이,'감독이',9,3,ea b0 90 eb 8f 85 ec 9d b4,1053,267,,hangul,True,
2854,merge,저히,'저히',6,2,ec a0 80 ed 9e 88,667,503,,hangul,True,
2855,merge, 에로,' 에로',7,3,20 ec 97 90 eb a1 9c,1151,325,contains_whitespace,hangul;whitespace,True,
2856,merge,빵,'빵',3,1,eb b9 b5,676,185,,hangul,True,
2857,merge, 거의,' 거의',7,3,20 ea b1 b0 ec 9d 98,838,310,contains_whitespace,hangul;whitespace,True,
2858,merge, 왔,' 왔',4,2,20 ec 99 94,447,152,contains_whitespace,hangul;whitespace,True,
2859,merge, 보지마,' 보지마',10,4,20 eb b3 b4 ec a7 80 eb a7 88,357,1687,contains_whitespace,hangul;whitespace,True,
2860,merge,되어,'되어',6,2,eb 90 98 ec 96 b4,700,327,,hangul,True,
2861,merge,았다.,'았다.',7,3,ec 95 98 eb 8b a4 2e,467,369,,hangul;punct_symbol,True,
2862,merge,팬,'팬',3,1,ed 8c ac,522,176,,hangul,True,
2863,merge,암,'암',3,1,ec 95 94,283,152,,hangul,True,
2864,merge,리스,'리스',6,2,eb a6 ac ec 8a a4,332,371,,hangul,True,
2865,merge,함과,'함과',6,2,ed 95 a8 ea b3 bc,528,441,,hangul,True,
2866,merge, 러,' 러',4,2,20 eb 9f ac,261,1565,contains_whitespace,hangul;whitespace,True,
2867,merge,한게,'한게',6,2,ed 95 9c ea b2 8c,304,319,,hangul,True,
2868,merge, 멍,' 멍',4,2,20 eb a9 8d,674,145,contains_whitespace,hangul;whitespace,True,
2869,merge, 쳐,' 쳐',4,2,20 ec b3 90,2665,148,contains_whitespace,hangul;whitespace,True,
2870,merge,,b'\xa5\x9c',2,0,a5 9c,169,160,invalid_utf8,invalid_utf8,False,'utf-8' codec can't decode byte 0xa5 in position 0: invalid start byte
2871,merge, 멋지,' 멋지',7,3,20 eb a9 8b ec a7 80,1063,286,contains_whitespace,hangul;whitespace,True,
2872,merge, 언,' 언',4,2,20 ec 96 b8,623,188,contains_whitespace,hangul;whitespace,True,
2873,merge,\n영,'\n영',4,2,0a ec 98 81,353,280,contains_whitespace;control_char,control;hangul;whitespace,True,
2874,merge,사를,'사를',6,2,ec 82 ac eb a5 bc,1319,829,,hangul,True,
2875,merge,추천,'추천',6,2,ec b6 94 ec b2 9c,899,976,,hangul,True,
2876,merge, 봐서,' 봐서',7,3,20 eb b4 90 ec 84 9c,816,321,contains_whitespace,hangul;whitespace,True,
2877,merge,한 영화\n,'한 영화\n',11,5,ed 95 9c 20 ec 98 81 ed 99 94 0a,725,14,contains_whitespace;control_char,control;hangul;whitespace,True,
2878,merge,령,'령',3,1,eb a0 b9,339,189,,hangul,True,
2879,merge,,b'\xeb\x8b\xa4\n\xec\x99',6,0,eb 8b a4 0a ec 99,806,157,invalid_utf8,invalid_utf8,False,'utf-8' codec can't decode bytes in position 4-5: unexpected end of data
2880,merge,요..,'요..',5,3,ec 9a 94 2e 2e,326,266,,hangul;punct_symbol,True,
2881,merge,우드,'우드',6,2,ec 9a b0 eb 93 9c,404,462,,hangul,True,
2882,merge, 즐거,' 즐거',7,3,20 ec a6 90 ea b1 b0,1543,385,contains_whitespace,hangul;whitespace,True,
2883,merge, b,' b',2,2,20 62,36,102,contains_whitespace,english;whitespace,True,
2884,merge,사람이,'사람이',9,3,ec 82 ac eb 9e 8c ec 9d b4,863,922,,hangul,True,
2885,merge,은 정말,'은 정말',10,4,ec 9d 80 20 ec a0 95 eb a7 90,313,532,contains_whitespace,hangul;whitespace,True,
2886,merge,,b'\xac\xeb\xa6\xb0',4,0,ac eb a6 b0,866,180,invalid_utf8,invalid_utf8,False,'utf-8' codec can't decode byte 0xac in position 0: invalid start byte
2887,merge, B급,' B급',5,3,20 42 ea b8 89,2295,910,contains_whitespace,english;hangul;whitespace,True,
2888,merge,,b' \xec\x8d',3,0,20 ec 8d,260,145,invalid_utf8,invalid_utf8,False,'utf-8' codec can't decode bytes in position 1-2: unexpected end of data
2889,merge, 합니,' 합니',7,3,20 ed 95 a9 eb 8b 88,774,871,contains_whitespace,hangul;whitespace,True,
2890,merge, 노잼,' 노잼',7,3,20 eb 85 b8 ec 9e bc,906,850,contains_whitespace,hangul;whitespace,True,
2891,merge,진진,'진진',6,2,ec a7 84 ec a7 84,422,422,,hangul,True,
2892,merge, 애들,' 애들',7,3,20 ec 95 a0 eb 93 a4,762,334,contains_whitespace,hangul;whitespace,True,
2893,merge,,b'\xac\xec\x98\x81',4,0,ac ec 98 81,176,791,invalid_utf8,invalid_utf8,False,'utf-8' codec can't decode byte 0xac in position 0: invalid start byte
2894,merge, 요소,' 요소',7,3,20 ec 9a 94 ec 86 8c,1190,595,contains_whitespace,hangul;whitespace,True,
2895,merge,,b'\x88\xeb\xa1\x9c\xec\x9a\xb4',7,0,88 eb a1 9c ec 9a b4,1690,492,invalid_utf8,invalid_utf8,False,'utf-8' codec can't decode byte 0x88 in position 0: invalid start byte
2896,merge,는데..,'는데..',8,4,eb 8a 94 eb 8d b0 2e 2e,393,266,,hangul;punct_symbol,True,
2897,merge,씩,'씩',3,1,ec 94 a9,692,173,,hangul,True,
2898,merge,도없고,'도없고',9,3,eb 8f 84 ec 97 86 ea b3 a0,296,1677,,hangul,True,
2899,merge, 실화,' 실화',7,3,20 ec 8b a4 ed 99 94,851,279,contains_whitespace,hangul;whitespace,True,
2900,merge,,b' \xec\xbd',3,0,20 ec bd,260,193,invalid_utf8,invalid_utf8,False,'utf-8' codec can't decode bytes in position 1-2: unexpected end of data
2901,merge, 자기,' 자기',7,3,20 ec 9e 90 ea b8 b0,612,303,contains_whitespace,hangul;whitespace,True,
2902,merge, 굳,' 굳',4,2,20 ea b5 b3,620,183,contains_whitespace,hangul;whitespace,True,
2903,merge, 구성,' 구성',7,3,20 ea b5 ac ec 84 b1,1237,500,contains_whitespace,hangul;whitespace,True,
2904,merge,북,'북',3,1,eb b6 81,386,133,,hangul,True,
2905,merge,콜,'콜',3,1,ec bd 9c,1225,160,,hangul,True,
2906,merge, 나와서,' 나와서',10,4,20 eb 82 98 ec 99 80 ec 84 9c,1780,321,contains_whitespace,hangul;whitespace,True,
2907,merge, 아까움,' 아까움',10,4,20 ec 95 84 ea b9 8c ec 9b 80,1087,894,contains_whitespace,hangul;whitespace,True,
2908,merge,가 더,'가 더',7,3,ea b0 80 20 eb 8d 94,290,566,contains_whitespace,hangul;whitespace,True,
2909,merge, 만족,' 만족',7,3,20 eb a7 8c ec a1 b1,458,832,contains_whitespace,hangul;whitespace,True,
2910,merge, 향,' 향',4,2,20 ed 96 a5,714,169,contains_whitespace,hangul;whitespace,True,
2911,merge,이라니,'이라니',9,3,ec 9d b4 eb 9d bc eb 8b 88,650,336,,hangul,True,
2912,merge,보는내내,'보는내내',12,4,eb b3 b4 eb 8a 94 eb 82 b4 eb 82 b4,1156,1636,,hangul,True,
2913,merge,,b'\xb4\xa4',2,0,b4 a4,184,168,invalid_utf8,invalid_utf8,False,'utf-8' codec can't decode byte 0xb4 in position 0: invalid start byte
2914,merge, 잘 봤,' 잘 봤',8,4,20 ec 9e 98 20 eb b4 a4,549,480,contains_whitespace,hangul;whitespace,True,
2915,merge,,b'\xec\x96\xb4\xeb\x96',5,0,ec 96 b4 eb 96,327,849,invalid_utf8,invalid_utf8,False,'utf-8' codec can't decode bytes in position 3-4: unexpected end of data
2916,merge,수가,'수가',6,2,ec 88 98 ea b0 80,415,290,,hangul,True,
2917,merge,\n원작,'\n원작',7,3,0a ec 9b 90 ec 9e 91,2199,423,contains_whitespace;control_char,control;hangul;whitespace,True,
2918,merge,들어,'들어',6,2,eb 93 a4 ec 96 b4,334,327,,hangul,True,
2919,merge,땜에,'땜에',6,2,eb 95 9c ec 97 90,1479,2392,,hangul,True,
2920,merge, 괜찮은,' 괜찮은',10,4,20 ea b4 9c ec b0 ae ec 9d 80,1119,313,contains_whitespace,hangul;whitespace,True,
2921,merge, 써,' 써',4,2,20 ec 8d a8,260,1374,contains_whitespace,hangul;whitespace,True,
2922,merge, 얘기,' 얘기',7,3,20 ec 96 98 ea b8 b0,1991,303,contains_whitespace,hangul;whitespace,True,
2923,merge, s,' s',2,2,20 73,36,119,contains_whitespace,english;whitespace,True,
2924,merge,미국,'미국',6,2,eb af b8 ea b5 ad,497,538,,hangul,True,
2925,merge, 봤지만,' 봤지만',10,4,20 eb b4 a4 ec a7 80 eb a7 8c,480,436,contains_whitespace,hangul;whitespace,True,
2926,merge, 흑,' 흑',4,2,20 ed 9d 91,677,149,contains_whitespace,hangul;whitespace,True,
2927,merge,기억,'기억',6,2,ea b8 b0 ec 96 b5,303,738,,hangul,True,
2928,merge,깨,'깨',3,1,ea b9 a8,362,172,,hangul,True,
2929,merge, 절,' 절',4,2,20 ec a0 88,331,140,contains_whitespace,hangul;whitespace,True,
2930,merge,로운,'로운',6,2,eb a1 9c ec 9a b4,325,492,,hangul,True,
2931,merge, 보여준,' 보여준',10,4,20 eb b3 b4 ec 97 ac ec a4 80,1158,657,contains_whitespace,hangul;whitespace,True,
2932,merge,,b'\xed\x91',2,0,ed 91,241,149,invalid_utf8,invalid_utf8,False,'utf-8' codec can't decode bytes in position 0-1: unexpected end of data
2933,merge,\n중,'\n중',4,2,0a ec a4 91,2450,149,contains_whitespace;control_char,control;hangul;whitespace,True,
2934,merge, 생각해,' 생각해',10,4,20 ec 83 9d ea b0 81 ed 95 b4,581,355,contains_whitespace,hangul;whitespace,True,
2935,merge, 찌,' 찌',4,2,20 ec b0 8c,260,435,contains_whitespace,hangul;whitespace,True,
2936,merge, 능,' 능',4,2,20 eb 8a a5,560,169,contains_whitespace,hangul;whitespace,True,
2937,merge,20,'20',2,2,32 30,54,52,,digit,True,
2938,merge,적인 영화,'적인 영화',13,5,ec a0 81 ec 9d b8 20 ec 98 81 ed 99 94,724,305,contains_whitespace,hangul;whitespace,True,
2939,merge, 재밌고,' 재밌고',10,4,20 ec 9e ac eb b0 8c ea b3 a0,521,277,contains_whitespace,hangul;whitespace,True,
2940,merge,이네요,'이네요',9,3,ec 9d b4 eb 84 a4 ec 9a 94,267,471,,hangul,True,
2941,merge,정신,'정신',6,2,ec a0 95 ec 8b a0,395,545,,hangul,True,
2942,merge, 평범,' 평범',7,3,20 ed 8f 89 eb b2 94,1026,1512,contains_whitespace,hangul;whitespace,True,
2943,merge,번째,'번째',6,2,eb b2 88 ec a7 b8,711,1927,,hangul,True,
2944,merge,어진,'어진',6,2,ec 96 b4 ec a7 84,327,422,,hangul,True,
2945,merge,스의,'스의',6,2,ec 8a a4 ec 9d 98,371,310,,hangul,True,
2946,merge, 압,' 압',4,2,20 ec 95 95,295,153,contains_whitespace,hangul;whitespace,True,
2947,merge, 못한,' 못한',7,3,20 eb aa bb ed 95 9c,588,304,contains_whitespace,hangul;whitespace,True,
2948,merge,전쟁,'전쟁',6,2,ec a0 84 ec 9f 81,434,1469,,hangul,True,
2949,merge, 테,' 테',4,2,20 ed 85 8c,2226,144,contains_whitespace,hangul;whitespace,True,
2950,merge,틴,'틴',3,1,ed 8b b4,743,184,,hangul,True,
2951,merge,제발,'제발',6,2,ec a0 9c eb b0 9c,510,867,,hangul,True,
2952,merge,,b'\x91\xec\x97\x90',4,0,91 ec 97 90,149,300,invalid_utf8,invalid_utf8,False,'utf-8' codec can't decode byte 0x91 in position 0: invalid start byte
2953,merge,이팅,'이팅',6,2,ec 9d b4 ed 8c 85,267,1266,,hangul,True,
2954,merge, 빵,' 빵',4,2,20 eb b9 b5,671,185,contains_whitespace,hangul;whitespace,True,
2955,merge,조차,'조차',6,2,ec a1 b0 ec b0 a8,862,1077,,hangul,True,
2956,merge,실망,'실망',6,2,ec 8b a4 eb a7 9d,604,727,,hangul,True,
2957,merge, 배우들이,' 배우들이',13,5,20 eb b0 b0 ec 9a b0 eb 93 a4 ec 9d b4,735,593,contains_whitespace,hangul;whitespace,True,
2958,merge,실히,'실히',6,2,ec 8b a4 ed 9e 88,604,503,,hangul,True,
2959,merge,사회,'사회',6,2,ec 82 ac ed 9a 8c,544,884,,hangul,True,
2960,merge, 세계,' 세계',7,3,20 ec 84 b8 ea b3 84,1018,728,contains_whitespace,hangul;whitespace,True,
2961,merge,것은,'것은',6,2,ea b2 83 ec 9d 80,420,313,,hangul,True,
2962,merge, 개연성,' 개연성',10,4,20 ea b0 9c ec 97 b0 ec 84 b1,2348,500,contains_whitespace,hangul;whitespace,True,
2963,merge, 보는내내,' 보는내내',13,5,20 eb b3 b4 eb 8a 94 eb 82 b4 eb 82 b4,847,1636,contains_whitespace,hangul;whitespace,True,
2964,merge, 이번,' 이번',7,3,20 ec 9d b4 eb b2 88,322,711,contains_whitespace,hangul;whitespace,True,
2965,merge, 상영,' 상영',7,3,20 ec 83 81 ec 98 81,814,791,contains_whitespace,hangul;whitespace,True,
2966,merge, 마이,' 마이',7,3,20 eb a7 88 ec 9d b4,589,267,contains_whitespace,hangul;whitespace,True,
2967,merge,편은,'편은',6,2,ed 8e b8 ec 9d 80,647,313,,hangul,True,
2968,merge,고\n,'고\n',4,2,ea b3 a0 0a,277,14,contains_whitespace;control_char,control;hangul;whitespace,True,
2969,merge, 장르,' 장르',7,3,20 ec 9e a5 eb a5 b4,703,576,contains_whitespace,hangul;whitespace,True,
2970,merge,. 그,'. 그',5,3,2e 20 ea b7 b8,50,359,contains_whitespace,hangul;punct_symbol;whitespace,True,
2971,merge, 안된,' 안된',7,3,20 ec 95 88 eb 90 9c,1748,160,contains_whitespace,hangul;whitespace,True,
2972,merge,나오는,'나오는',9,3,eb 82 98 ec 98 a4 eb 8a 94,1368,272,,hangul,True,
2973,merge, 묻,' 묻',4,2,20 eb ac bb,1025,191,contains_whitespace,hangul;whitespace,True,
2974,merge, 해야,' 해야',7,3,20 ed 95 b4 ec 95 bc,753,412,contains_whitespace,hangul;whitespace,True,
2975,merge,조건,'조건',6,2,ec a1 b0 ea b1 b4,862,477,,hangul,True,
2976,merge, 몰랐,' 몰랐',7,3,20 eb aa b0 eb 9e 90,921,1905,contains_whitespace,hangul;whitespace,True,
2977,merge,프로,'프로',6,2,ed 94 84 eb a1 9c,502,721,,hangul,True,
2978,merge, 독특,' 독특',7,3,20 eb 8f 85 ed 8a b9,1670,1442,contains_whitespace,hangul;whitespace,True,
2979,merge, 물론,' 물론',7,3,20 eb ac bc eb a1 a0,1548,1046,contains_whitespace,hangul;whitespace,True,
2980,merge,세상,'세상',6,2,ec 84 b8 ec 83 81,564,433,,hangul,True,
2981,merge, 소중,' 소중',7,3,20 ec 86 8c ec a4 91,658,559,contains_whitespace,hangul;whitespace,True,
2982,merge, 히,' 히',4,2,20 ed 9e 88,963,140,contains_whitespace,hangul;whitespace,True,
2983,merge, 연기는,' 연기는',10,4,20 ec 97 b0 ea b8 b0 eb 8a 94,527,272,contains_whitespace,hangul;whitespace,True,
2984,merge,도 없는,'도 없는',10,4,eb 8f 84 20 ec 97 86 eb 8a 94,895,272,contains_whitespace,hangul;whitespace,True,
2985,merge,이 더,'이 더',7,3,ec 9d b4 20 eb 8d 94,267,566,contains_whitespace,hangul;whitespace,True,
2986,merge,만의,'만의',6,2,eb a7 8c ec 9d 98,328,310,,hangul,True,
2987,merge,익,'익',3,1,ec 9d b5,262,185,,hangul,True,
2988,merge, 시즌,' 시즌',7,3,20 ec 8b 9c ec a6 8c,472,1902,contains_whitespace,hangul;whitespace,True,
2989,merge,영화에,'영화에',9,3,ec 98 81 ed 99 94 ec 97 90,367,300,,hangul,True,
2990,merge,육,'육',3,1,ec 9c a1,342,165,,hangul,True,
2991,merge, 크,' 크',4,2,20 ed 81 ac,1044,176,contains_whitespace,hangul;whitespace,True,
2992,merge,웃음,'웃음',6,2,ec 9b 83 ec 9d 8c,1229,370,,hangul,True,
2993,merge, 겁,' 겁',4,2,20 ea b2 81,587,133,contains_whitespace,hangul;whitespace,True,
2994,merge, 2점,' 2점',5,3,20 32 ec a0 90,809,366,contains_whitespace,digit;hangul;whitespace,True,
2995,merge, 괜,' 괜',4,2,20 ea b4 9c,633,160,contains_whitespace,hangul;whitespace,True,
2996,merge, 다음,' 다음',7,3,20 eb 8b a4 ec 9d 8c,416,370,contains_whitespace,hangul;whitespace,True,
2997,merge,도대체,'도대체',9,3,eb 8f 84 eb 8c 80 ec b2 b4,296,1552,,hangul,True,
2998,merge, 킬링타임용,' 킬링타임용',16,6,20 ed 82 ac eb a7 81 ed 83 80 ec 9e 84 ec 9a a9,1500,2278,contains_whitespace,hangul;whitespace,True,
2999,merge, 되는,' 되는',7,3,20 eb 90 98 eb 8a 94,746,272,contains_whitespace,hangul;whitespace,True,
3000,merge,낮,'낮',3,1,eb 82 ae,291,178,,hangul,True,
3001,merge, 짝,' 짝',4,2,20 ec a7 9d,351,161,contains_whitespace,hangul;whitespace,True,
3002,merge, 가는,' 가는',7,3,20 ea b0 80 eb 8a 94,485,272,contains_whitespace,hangul;whitespace,True,
3003,merge,들아,'들아',6,2,eb 93 a4 ec 95 84,334,338,,hangul,True,
3004,merge,포스터,'포스터',9,3,ed 8f ac ec 8a a4 ed 84 b0,815,1346,,hangul,True,
3005,merge, ㅉㅉ,' ㅉㅉ',7,3,20 e3 85 89 e3 85 89,36,1756,contains_whitespace,hangul;whitespace,True,
3006,merge,하자,'하자',6,2,ed 95 98 ec 9e 90,289,392,,hangul,True,
3007,merge,\n내가,'\n내가',7,3,0a eb 82 b4 ea b0 80,14,1194,contains_whitespace;control_char,control;hangul;whitespace,True,
3008,merge,뜨,'뜨',3,1,eb 9c a8,1128,172,,hangul,True,
3009,merge, 풀어,' 풀어',7,3,20 ed 92 80 ec 96 b4,1449,1978,contains_whitespace,hangul;whitespace,True,
3010,merge,손,'손',3,1,ec 86 90,625,148,,hangul,True,
3011,merge, 왕,' 왕',4,2,20 ec 99 95,447,153,contains_whitespace,hangul;whitespace,True,
3012,merge, 좋아요,' 좋아요',10,4,20 ec a2 8b ec 95 84 ec 9a 94,803,326,contains_whitespace,hangul;whitespace,True,
3013,merge,스를,'스를',6,2,ec 8a a4 eb a5 bc,371,382,,hangul,True,
3014,merge,지 말,'지 말',7,3,ec a7 80 20 eb a7 90,286,597,contains_whitespace,hangul;whitespace,True,
3015,merge,협,'협',3,1,ed 98 91,439,149,,hangul,True,
3016,merge, 사람은,' 사람은',10,4,20 ec 82 ac eb 9e 8c ec 9d 80,695,313,contains_whitespace,hangul;whitespace,True,
3017,merge,되고,'되고',6,2,eb 90 98 ea b3 a0,700,277,,hangul,True,
3018,merge,하긴,'하긴',6,2,ed 95 98 ea b8 b4,289,669,,hangul,True,
3019,merge,,b'\xeb\x8e',2,0,eb 8e,239,146,invalid_utf8,invalid_utf8,False,'utf-8' codec can't decode bytes in position 0-1: unexpected end of data
3020,merge, 높은,' 높은',7,3,20 eb 86 92 ec 9d 80,1324,313,contains_whitespace,hangul;whitespace,True,
3021,merge,영화로,'영화로',9,3,ec 98 81 ed 99 94 eb a1 9c,367,325,,hangul,True,
3022,merge,없다,'없다',6,2,ec 97 86 eb 8b a4,401,268,,hangul,True,
3023,merge, 기다,' 기다',7,3,20 ea b8 b0 eb 8b a4,511,268,contains_whitespace,hangul;whitespace,True,
3024,merge,"는데,","'는데,'",7,3,eb 8a 94 eb 8d b0 2c,393,48,,hangul;punct_symbol,True,
3025,merge,던가,'던가',6,2,eb 8d 98 ea b0 80,596,290,,hangul,True,
3026,merge,탁,'탁',3,1,ed 83 81,457,133,,hangul,True,
3027,merge,,b'\xeb\x9a',2,0,eb 9a,239,158,invalid_utf8,invalid_utf8,False,'utf-8' codec can't decode bytes in position 0-1: unexpected end of data
3028,merge, 회,' 회',4,2,20 ed 9a 8c,2062,144,contains_whitespace,hangul;whitespace,True,
3029,merge, 맨,' 맨',4,2,20 eb a7 a8,323,172,contains_whitespace,hangul;whitespace,True,
3030,merge,해지는,'해지는',9,3,ed 95 b4 ec a7 80 eb 8a 94,355,959,,hangul,True,
3031,merge,\n나,'\n나',4,2,0a eb 82 98,14,320,contains_whitespace;control_char,control;hangul;whitespace,True,
3032,merge,합니다\n,'합니다\n',10,4,ed 95 a9 eb 8b 88 eb 8b a4 0a,1027,402,contains_whitespace;control_char,control;hangul;whitespace,True,
3033,merge,,b'\xeb\x8b\xa4\n\xec\x98',6,0,eb 8b a4 0a ec 98,806,156,invalid_utf8,invalid_utf8,False,'utf-8' codec can't decode bytes in position 4-5: unexpected end of data
3034,merge,.\n아,'.\n아',5,3,2e 0a ec 95 84,311,338,contains_whitespace;control_char,control;hangul;punct_symbol;whitespace,True,
3035,merge, 든,' 든',4,2,20 eb 93 a0,450,164,contains_whitespace,hangul;whitespace,True,
3036,merge,었고,'었고',6,2,ec 97 88 ea b3 a0,405,277,,hangul,True,
3037,merge,시리즈,'시리즈',9,3,ec 8b 9c eb a6 ac ec a6 88,365,1438,,hangul,True,
3038,merge, 지나,' 지나',7,3,20 ec a7 80 eb 82 98,473,320,contains_whitespace,hangul;whitespace,True,
3039,merge, 참고,' 참고',7,3,20 ec b0 b8 ea b3 a0,802,277,contains_whitespace,hangul;whitespace,True,
3040,merge, 판타,' 판타',7,3,20 ed 8c 90 ed 83 80,2083,635,contains_whitespace,hangul;whitespace,True,
3041,merge, 별점,' 별점',7,3,20 eb b3 84 ec a0 90,1095,366,contains_whitespace,hangul;whitespace,True,
3042,merge,님의,'님의',6,2,eb 8b 98 ec 9d 98,852,310,,hangul,True,
3043,merge, 개그,' 개그',7,3,20 ea b0 9c ea b7 b8,618,460,contains_whitespace,hangul;whitespace,True,
3044,merge,널,'널',3,1,eb 84 90,348,148,,hangul,True,
3045,merge,으며,'으며',6,2,ec 9c bc eb a9 b0,378,955,,hangul,True,
3046,merge, 여주인공,' 여주인공',13,5,20 ec 97 ac ec a3 bc ec 9d b8 ea b3 b5,622,1405,contains_whitespace,hangul;whitespace,True,
3047,merge, 재미있게 봤,' 재미있게 봤',17,7,20 ec 9e ac eb af b8 ec 9e 88 ea b2 8c 20 eb b4 a4,771,1629,contains_whitespace,hangul;whitespace,True,
3048,merge,,b'\xb7\xb0',2,0,b7 b0,187,180,invalid_utf8,invalid_utf8,False,'utf-8' codec can't decode byte 0xb7 in position 0: invalid start byte
3049,merge,당한,'당한',6,2,eb 8b b9 ed 95 9c,734,304,,hangul,True,
3050,merge, ㅡ,' ㅡ',4,2,20 e3 85 a1,36,575,contains_whitespace,hangul;whitespace,True,
3051,merge, 사라,' 사라',7,3,20 ec 82 ac eb 9d bc,387,1206,contains_whitespace,hangul;whitespace,True,
3052,merge,똥,'똥',3,1,eb 98 a5,1507,169,,hangul,True,
3053,merge,힘,'힘',3,1,ed 9e 98,465,156,,hangul,True,
3054,merge, 나이,' 나이',7,3,20 eb 82 98 ec 9d b4,408,267,contains_whitespace,hangul;whitespace,True,
3055,merge,속에,'속에',6,2,ec 86 8d ec 97 90,788,300,,hangul,True,
3056,merge, 성우,' 성우',7,3,20 ec 84 b1 ec 9a b0,979,404,contains_whitespace,hangul;whitespace,True,
3057,merge, 결말이,' 결말이',10,4,20 ea b2 b0 eb a7 90 ec 9d b4,836,1172,contains_whitespace,hangul;whitespace,True,
3058,merge,최고의,'최고의',9,3,ec b5 9c ea b3 a0 ec 9d 98,1376,310,,hangul,True,
3059,merge,을까?,'을까?',7,3,ec 9d 84 ea b9 8c 3f,1091,67,,hangul;punct_symbol,True,
3060,merge, 만든 영화,' 만든 영화',14,6,20 eb a7 8c eb 93 a0 20 ec 98 81 ed 99 94,1083,305,contains_whitespace,hangul;whitespace,True,
3061,merge,여운,'여운',6,2,ec 97 ac ec 9a b4,508,492,,hangul,True,
3062,merge,몰입,'몰입',6,2,eb aa b0 ec 9e 85,2042,583,,hangul,True,
3063,merge,흐,'흐',3,1,ed 9d 90,799,148,,hangul,True,
3064,merge, 겨,' 겨',4,2,20 ea b2 a8,587,172,contains_whitespace,hangul;whitespace,True,
3065,merge, 그리,' 그리',7,3,20 ea b7 b8 eb a6 ac,359,332,contains_whitespace,hangul;whitespace,True,
3066,merge, 관계,' 관계',7,3,20 ea b4 80 ea b3 84,1012,728,contains_whitespace,hangul;whitespace,True,
3067,merge, 충분히,' 충분히',10,4,20 ec b6 a9 eb b6 84 ed 9e 88,2128,503,contains_whitespace,hangul;whitespace,True,
3068,merge,할 수 있,'할 수 있',11,5,ed 95 a0 20 ec 88 98 20 ec 9e 88,478,970,contains_whitespace,hangul;whitespace,True,
3069,merge, 중요,' 중요',7,3,20 ec a4 91 ec 9a 94,729,326,contains_whitespace,hangul;whitespace,True,
3070,merge,간만에,'간만에',9,3,ea b0 84 eb a7 8c ec 97 90,442,1065,,hangul,True,
3071,merge,아도,'아도',6,2,ec 95 84 eb 8f 84,338,296,,hangul,True,
3072,merge,,b'\xac\xeb\xa6\xac\xeb',5,0,ac eb a6 ac eb,866,294,invalid_utf8,invalid_utf8,False,'utf-8' codec can't decode byte 0xac in position 0: invalid start byte
3073,merge,네...,'네...',6,4,eb 84 a4 2e 2e 2e,379,373,repeated_run,hangul;punct_symbol,True,
3074,merge, 보이,' 보이',7,3,20 eb b3 b4 ec 9d b4,357,267,contains_whitespace,hangul;whitespace,True,
3075,merge, 초딩,' 초딩',7,3,20 ec b4 88 eb 94 a9,909,2420,contains_whitespace,hangul;whitespace,True,
3076,merge, 내용은,' 내용은',10,4,20 eb 82 b4 ec 9a a9 ec 9d 80,773,313,contains_whitespace,hangul;whitespace,True,
3077,merge,많이,'많이',6,2,eb a7 8e ec 9d b4,1440,267,,hangul,True,
3078,merge,,b'\n\xec\xb9',3,0,0a ec b9,353,189,invalid_utf8,invalid_utf8,False,'utf-8' codec can't decode bytes in position 1-2: unexpected end of data
3079,merge,",.","',.'",2,2,2c 2e,48,50,,punct_symbol,True,
3080,merge,\n난,'\n난',4,2,0a eb 82 9c,14,615,contains_whitespace;control_char,control;hangul;whitespace,True,
3081,merge,지 않고,'지 않고',10,4,ec a7 80 20 ec 95 8a ea b3 a0,642,277,contains_whitespace,hangul;whitespace,True,
3082,merge,정이,'정이',6,2,ec a0 95 ec 9d b4,395,267,,hangul,True,
3083,merge,펑,'펑',3,1,ed 8e 91,570,149,,hangul,True,
3084,merge,티비,'티비',6,2,ed 8b b0 eb b9 84,993,624,,hangul,True,
3085,merge,헐,'헐',3,1,ed 97 90,858,148,,hangul,True,
3086,merge, 것은,' 것은',7,3,20 ea b2 83 ec 9d 80,661,313,contains_whitespace,hangul;whitespace,True,
3087,merge, 0점,' 0점',5,3,20 30 ec a0 90,36,749,contains_whitespace,digit;hangul;whitespace,True,
3088,merge,인가?,'인가?',7,3,ec 9d b8 ea b0 80 3f,1243,67,,hangul;punct_symbol,True,
3089,merge,좋았,'좋았',6,2,ec a2 8b ec 95 98,780,467,,hangul,True,
3090,merge,엘,'엘',3,1,ec 97 98,270,156,,hangul,True,
3091,merge, 믿고,' 믿고',7,3,20 eb af bf ea b3 a0,1473,277,contains_whitespace,hangul;whitespace,True,
3092,merge, 한국영화,' 한국영화',13,5,20 ed 95 9c ea b5 ad ec 98 81 ed 99 94,1024,367,contains_whitespace,hangul;whitespace,True,
3093,merge,이 아니,'이 아니',10,4,ec 9d b4 20 ec 95 84 eb 8b 88,267,770,contains_whitespace,hangul;whitespace,True,
3094,merge,이코,'이코',6,2,ec 9d b4 ec bd 94,267,985,,hangul,True,
3095,merge, 의도,' 의도',7,3,20 ec 9d 98 eb 8f 84,942,296,contains_whitespace,hangul;whitespace,True,
3096,merge, 안타까,' 안타까',10,4,20 ec 95 88 ed 83 80 ea b9 8c,2085,399,contains_whitespace,hangul;whitespace,True,
3097,merge, 자연,' 자연',7,3,20 ec 9e 90 ec 97 b0,612,483,contains_whitespace,hangul;whitespace,True,
3098,merge, 미화,' 미화',7,3,20 eb af b8 ed 99 94,672,279,contains_whitespace,hangul;whitespace,True,
3099,merge, 착,' 착',4,2,20 ec b0 a9,496,173,contains_whitespace,hangul;whitespace,True,
3100,merge,재밌게,'재밌게',9,3,ec 9e ac eb b0 8c ea b2 8c,783,319,,hangul,True,
3101,merge,,b'\n\xec\xb6',3,0,0a ec b6,353,186,invalid_utf8,invalid_utf8,False,'utf-8' codec can't decode bytes in position 1-2: unexpected end of data
3102,merge,",,,,","',,,,'",4,4,2c 2c 2c 2c,764,764,repeated_run,punct_symbol,True,
3103,merge, 화면,' 화면',7,3,20 ed 99 94 eb a9 b4,1118,356,contains_whitespace,hangul;whitespace,True,
3104,merge,히려,'히려',6,2,ed 9e 88 eb a0 a4,465,2582,,hangul,True,
3105,merge, 재밌다,' 재밌다',10,4,20 ec 9e ac eb b0 8c eb 8b a4,521,268,contains_whitespace,hangul;whitespace,True,
3106,merge,잼있,'잼있',6,2,ec 9e bc ec 9e 88,850,421,,hangul,True,
3107,merge, 멜로,' 멜로',7,3,20 eb a9 9c eb a1 9c,674,2453,contains_whitespace,hangul;whitespace,True,
3108,merge, 친구,' 친구',7,3,20 ec b9 9c ea b5 ac,1734,541,contains_whitespace,hangul;whitespace,True,
3109,merge, 영화관에서,' 영화관에서',16,6,20 ec 98 81 ed 99 94 ea b4 80 ec 97 90 ec 84 9c,305,2142,contains_whitespace,hangul;whitespace,True,
3110,merge,였다.,'였다.',7,3,ec 98 80 eb 8b a4 2e,641,369,,hangul;punct_symbol,True,
3111,merge,..\n이,'..\n이',6,4,2e 2e 0a ec 9d b4,487,267,contains_whitespace;control_char,control;hangul;punct_symbol;whitespace,True,
3112,merge, 숨,' 숨',4,2,20 ec 88 a8,1107,172,contains_whitespace,hangul;whitespace,True,
3113,merge, 검,' 검',4,2,20 ea b2 80,587,132,contains_whitespace,hangul;whitespace,True,
3114,merge, 다르,' 다르',7,3,20 eb 8b a4 eb a5 b4,416,576,contains_whitespace,hangul;whitespace,True,
3115,merge, 자체가,' 자체가',10,4,20 ec 9e 90 ec b2 b4 ea b0 80,1619,290,contains_whitespace,hangul;whitespace,True,
3116,merge,엄청,'엄청',6,2,ec 97 84 ec b2 ad,1576,857,,hangul,True,
3117,merge, 짧,' 짧',4,2,20 ec a7 a7,351,171,contains_whitespace,hangul;whitespace,True,
3118,merge, 이런 영화,' 이런 영화',14,6,20 ec 9d b4 eb 9f b0 20 ec 98 81 ed 99 94,631,305,contains_whitespace,hangul;whitespace,True,
3119,merge, 남는,' 남는',7,3,20 eb 82 a8 eb 8a 94,649,272,contains_whitespace,hangul;whitespace,True,
3120,merge,,b'\xeb\xb2\x88\xeb',4,0,eb b2 88 eb,413,306,invalid_utf8,invalid_utf8,False,'utf-8' codec can't decode byte 0xeb in position 3: unexpected end of data
3121,merge,을 받,'을 받',7,3,ec 9d 84 20 eb b0 9b,318,1337,contains_whitespace,hangul;whitespace,True,
3122,merge,쿠,'쿠',3,1,ec bf a0,2073,164,,hangul,True,
3123,merge,없음,'없음',6,2,ec 97 86 ec 9d 8c,401,370,,hangul,True,
3124,merge, 극장판,' 극장판',10,4,20 ea b7 b9 ec 9e a5 ed 8c 90,1468,941,contains_whitespace,hangul;whitespace,True,
3125,merge,하는게,'하는게',9,3,ed 95 98 eb 8a 94 ea b2 8c,504,319,,hangul,True,
3126,merge,\n내,'\n내',4,2,0a eb 82 b4,14,453,contains_whitespace;control_char,control;hangul;whitespace,True,
3127,merge,에서는,'에서는',9,3,ec 97 90 ec 84 9c eb 8a 94,463,272,,hangul,True,
3128,merge, 뭐냐,' 뭐냐',7,3,20 eb ad 90 eb 83 90,723,719,contains_whitespace,hangul;whitespace,True,
3129,merge,나..,'나..',5,3,eb 82 98 2e 2e,320,266,,hangul;punct_symbol,True,
3130,merge, 가능,' 가능',7,3,20 ea b0 80 eb 8a a5,485,1306,contains_whitespace,hangul;whitespace,True,
3131,merge, 머리,' 머리',7,3,20 eb a8 b8 eb a6 ac,1482,332,contains_whitespace,hangul;whitespace,True,
3132,merge,어로,'어로',6,2,ec 96 b4 eb a1 9c,327,325,,hangul,True,
3133,merge, 끝내,' 끝내',7,3,20 eb 81 9d eb 82 b4,732,453,contains_whitespace,hangul;whitespace,True,
3134,merge,\n사,'\n사',4,2,0a ec 82 ac,1453,176,contains_whitespace;control_char,control;hangul;whitespace,True,
3135,merge, 끼,' 끼',4,2,20 eb 81 bc,627,192,contains_whitespace,hangul;whitespace,True,
3136,merge,고는,'고는',6,2,ea b3 a0 eb 8a 94,277,272,,hangul,True,
3137,merge,한다\n,'한다\n',7,3,ed 95 9c eb 8b a4 0a,304,402,contains_whitespace;control_char,control;hangul;whitespace,True,
3138,merge, 지루함,' 지루함',10,4,20 ec a7 80 eb a3 a8 ed 95 a8,720,528,contains_whitespace,hangul;whitespace,True,
3139,merge,영화..,'영화..',8,4,ec 98 81 ed 99 94 2e 2e,367,266,,hangul;punct_symbol,True,
3140,merge, 메시,' 메시',7,3,20 eb a9 94 ec 8b 9c,1666,365,contains_whitespace,hangul;whitespace,True,
3141,merge, 분위기,' 분위기',10,4,20 eb b6 84 ec 9c 84 ea b8 b0,2152,303,contains_whitespace,hangul;whitespace,True,
3142,merge, 온,' 온',4,2,20 ec 98 a8,456,172,contains_whitespace,hangul;whitespace,True,
3143,merge,안하고,'안하고',9,3,ec 95 88 ed 95 98 ea b3 a0,699,437,,hangul,True,
3144,merge,어나,'어나',6,2,ec 96 b4 eb 82 98,327,320,,hangul,True,
3145,merge, 유명,' 유명',7,3,20 ec 9c a0 eb aa 85,679,713,contains_whitespace,hangul;whitespace,True,
3146,merge, 훈,' 훈',4,2,20 ed 9b 88,1042,140,contains_whitespace,hangul;whitespace,True,
3147,merge, 관람,' 관람',7,3,20 ea b4 80 eb 9e 8c,1012,1575,contains_whitespace,hangul;whitespace,True,
3148,merge, 빨리,' 빨리',7,3,20 eb b9 a8 eb a6 ac,1934,332,contains_whitespace,hangul;whitespace,True,
3149,merge,는데...,'는데...',9,5,eb 8a 94 eb 8d b0 2e 2e 2e,393,373,repeated_run,hangul;punct_symbol,True,
3150,merge,기엔,'기엔',6,2,ea b8 b0 ec 97 94,303,876,,hangul,True,
3151,merge, 예상,' 예상',7,3,20 ec 98 88 ec 83 81,918,433,contains_whitespace,hangul;whitespace,True,
3152,merge,최,'최',3,1,ec b5 9c,240,424,,hangul,True,
3153,merge,도 좋고,'도 좋고',10,4,eb 8f 84 20 ec a2 8b ea b3 a0,296,1888,contains_whitespace,hangul;whitespace,True,
3154,merge,렵,'렵',3,1,eb a0 b5,339,185,,hangul,True,
3155,merge, 어이없,' 어이없',10,4,20 ec 96 b4 ec 9d b4 ec 97 86,455,1750,contains_whitespace,hangul;whitespace,True,
3156,merge, 인정,' 인정',7,3,20 ec 9d b8 ec a0 95,580,395,contains_whitespace,hangul;whitespace,True,
3157,merge,었네,'었네',6,2,ec 97 88 eb 84 a4,270,990,,hangul,True,
3158,merge,리티,'리티',6,2,eb a6 ac ed 8b b0,332,993,,hangul,True,
3159,merge, 100,' 100',4,4,20 31 30 30,505,1070,contains_whitespace,digit;whitespace,True,
3160,merge,시는,'시는',6,2,ec 8b 9c eb 8a 94,365,272,,hangul,True,
3161,merge,만화,'만화',6,2,eb a7 8c ed 99 94,328,279,,hangul,True,
3162,merge,세가,'세가',6,2,ec 84 b8 ea b0 80,564,290,,hangul,True,
3163,merge, 마음에,' 마음에',10,4,20 eb a7 88 ec 9d 8c ec 97 90,1224,300,contains_whitespace,hangul;whitespace,True,
3164,merge,에 비해,'에 비해',10,4,ec 97 90 20 eb b9 84 ed 95 b4,2162,355,contains_whitespace,hangul;whitespace,True,
3165,merge,세계,'세계',6,2,ec 84 b8 ea b3 84,564,728,,hangul,True,
3166,merge,힌,'힌',3,1,ed 9e 8c,465,144,,hangul,True,
3167,merge, 됐,' 됐',4,2,20 eb 90 90,903,148,contains_whitespace,hangul;whitespace,True,
3168,merge,였다.\n,'였다.\n',8,4,ec 98 80 eb 8b a4 2e 0a,641,388,contains_whitespace;control_char,control;hangul;punct_symbol;whitespace,True,
3169,merge, 너,' 너',4,2,20 eb 84 88,396,140,contains_whitespace,hangul;whitespace,True,
3170,merge,야지,'야지',6,2,ec 95 bc ec a7 80,412,286,,hangul,True,
3171,merge,민국,'민국',6,2,eb af bc ea b5 ad,947,538,,hangul,True,
3172,merge,모든,'모든',6,2,eb aa a8 eb 93 a0,789,598,,hangul,True,
3173,merge,in,'in',2,2,69 6e,109,114,,english,True,
3174,merge, 범죄,' 범죄',7,3,20 eb b2 94 ec a3 84,2046,2025,contains_whitespace,hangul;whitespace,True,
3175,merge, 상당히,' 상당히',10,4,20 ec 83 81 eb 8b b9 ed 9e 88,814,2108,contains_whitespace,hangul;whitespace,True,
3176,merge, 여전,' 여전',7,3,20 ec 97 ac ec a0 84,622,434,contains_whitespace,hangul;whitespace,True,
3177,merge,숨,'숨',3,1,ec 88 a8,710,172,,hangul,True,
3178,merge,라.,'라.',4,2,eb 9d bc 2e,330,50,,hangul;punct_symbol,True,
3179,merge,그램,'그램',6,2,ea b7 b8 eb 9e a8,2625,172,,hangul,True,
3180,merge,ㅂ,'ㅂ',3,1,e3 85 82,284,134,,hangul,True,
3181,merge,,b' \xec\xab',3,0,20 ec ab,260,175,invalid_utf8,invalid_utf8,False,'utf-8' codec can't decode bytes in position 1-2: unexpected end of data
3182,merge, 가득,' 가득',7,3,20 ea b0 80 eb 93 9d,485,1776,contains_whitespace,hangul;whitespace,True,
3183,merge,ㄴ,'ㄴ',3,1,e3 84 b4,880,184,,hangul,True,
3184,merge,만하면,'만하면',9,3,eb a7 8c ed 95 98 eb a9 b4,328,1168,,hangul,True,
3185,merge,12,'12',2,2,31 32,53,54,,digit,True,
3186,merge,하다고,'하다고',9,3,ed 95 98 eb 8b a4 ea b3 a0,289,778,,hangul,True,
3187,merge,하냐,'하냐',6,2,ed 95 98 eb 83 90,289,719,,hangul,True,
3188,merge, 죽는,' 죽는',7,3,20 ec a3 bd eb 8a 94,932,272,contains_whitespace,hangul;whitespace,True,
3189,merge,부터 끝까지,'부터 끝까지',16,6,eb b6 80 ed 84 b0 20 eb 81 9d ea b9 8c ec a7 80,960,1432,contains_whitespace,hangul;whitespace,True,
3190,merge,인은,'인은',6,2,ec 9d b8 ec 9d 80,341,313,,hangul,True,
3191,merge,헤,'헤',3,1,ed 97 a4,858,168,,hangul,True,
3192,merge, 해도,' 해도',7,3,20 ed 95 b4 eb 8f 84,753,296,contains_whitespace,hangul;whitespace,True,
3193,merge,,b' \xeb\xbd',3,0,20 eb bd,261,193,invalid_utf8,invalid_utf8,False,'utf-8' codec can't decode bytes in position 1-2: unexpected end of data
3194,merge, ^^,' ^^',3,3,20 5e 5e,36,759,contains_whitespace,punct_symbol;whitespace,True,
3195,merge,릿,'릿',3,1,eb a6 bf,301,195,,hangul,True,
3196,merge, 9점,' 9점',5,3,20 39 ec a0 90,1557,366,contains_whitespace,digit;hangul;whitespace,True,
3197,merge,소한,'소한',6,2,ec 86 8c ed 95 9c,595,304,,hangul,True,
3198,merge, 꼬,' 꼬',4,2,20 ea bc ac,1013,176,contains_whitespace,hangul;whitespace,True,
3199,merge, 빛,' 빛',4,2,20 eb b9 9b,671,159,contains_whitespace,hangul;whitespace,True,
3200,merge, 혹,' 혹',4,2,20 ed 98 b9,646,189,contains_whitespace,hangul;whitespace,True,
3201,merge,때마다,'때마다',9,3,eb 95 8c eb a7 88 eb 8b a4,574,1977,,hangul,True,
3202,merge, 탄탄,' 탄탄',7,3,20 ed 83 84 ed 83 84,2362,1403,contains_whitespace,hangul;whitespace,True,
3203,merge,절대,'절대',6,2,ec a0 88 eb 8c 80,278,1359,,hangul,True,
3204,merge, 어디서,' 어디서',10,4,20 ec 96 b4 eb 94 94 ec 84 9c,1657,321,contains_whitespace,hangul;whitespace,True,
3205,merge, 알겠,' 알겠',7,3,20 ec 95 8c ea b2 a0,630,551,contains_whitespace,hangul;whitespace,True,
3206,merge,~!,'~!',2,2,7e 21,130,37,,punct_symbol,True,
3207,merge,,b' \xec\x82\xac\xeb',5,0,20 ec 82 ac eb,387,294,invalid_utf8,invalid_utf8,False,'utf-8' codec can't decode byte 0xeb in position 4: unexpected end of data
3208,merge, 볼 수 있,' 볼 수 있',12,6,20 eb b3 bc 20 ec 88 98 20 ec 9e 88,670,970,contains_whitespace,hangul;whitespace,True,
3209,merge,잠,'잠',3,1,ec 9e a0,274,164,,hangul,True,
3210,merge, 보고있,' 보고있',10,4,20 eb b3 b4 ea b3 a0 ec 9e 88,663,421,contains_whitespace,hangul;whitespace,True,
3211,merge, 젊,' 젊',4,2,20 ec a0 8a,331,142,contains_whitespace,hangul;whitespace,True,
3212,merge, 네이버,' 네이버',10,4,20 eb 84 a4 ec 9d b4 eb b2 84,2096,2075,contains_whitespace,hangul;whitespace,True,
3213,merge, 재밌는,' 재밌는',10,4,20 ec 9e ac eb b0 8c eb 8a 94,521,272,contains_whitespace,hangul;whitespace,True,
3214,merge, !,' !',2,2,20 21,36,37,contains_whitespace,punct_symbol;whitespace,True,
3215,merge,이 아깝,'이 아깝',10,4,ec 9d b4 20 ec 95 84 ea b9 9d,267,938,contains_whitespace,hangul;whitespace,True,
3216,merge, 소리,' 소리',7,3,20 ec 86 8c eb a6 ac,658,332,contains_whitespace,hangul;whitespace,True,
3217,merge, 단순,' 단순',7,3,20 eb 8b a8 ec 88 9c,1276,1204,contains_whitespace,hangul;whitespace,True,
3218,merge,감이,'감이',6,2,ea b0 90 ec 9d b4,586,267,,hangul,True,
3219,merge, 전기,' 전기',7,3,20 ec a0 84 ea b8 b0,543,303,contains_whitespace,hangul;whitespace,True,
3220,merge,......,'......',6,6,2e 2e 2e 2e 2e 2e,427,266,repeated_run,punct_symbol,True,
3221,merge,리의,'리의',6,2,eb a6 ac ec 9d 98,332,310,,hangul,True,
3222,merge, 자꾸,' 자꾸',7,3,20 ec 9e 90 ea be b8,612,1811,contains_whitespace,hangul;whitespace,True,
3223,merge, 그러나,' 그러나',10,4,20 ea b7 b8 eb 9f ac eb 82 98,2012,320,contains_whitespace,hangul;whitespace,True,
3224,merge,...이,'...이',6,4,2e 2e 2e ec 9d b4,373,267,repeated_run,hangul;punct_symbol,True,
3225,merge,턴,'턴',3,1,ed 84 b4,2523,184,,hangul,True,
3226,merge, 리얼,' 리얼',7,3,20 eb a6 ac ec 96 bc,1852,1498,contains_whitespace,hangul;whitespace,True,
3227,merge,도록,'도록',6,2,eb 8f 84 eb a1 9d,296,1037,,hangul,True,
3228,merge,닿,'닿',3,1,eb 8b bf,263,195,,hangul,True,
3229,merge,스럽고,'스럽고',9,3,ec 8a a4 eb 9f bd ea b3 a0,1257,277,,hangul,True,
3230,merge,찾,'찾',3,1,ec b0 be,490,194,,hangul,True,
3231,merge, 진행,' 진행',7,3,20 ec a7 84 ed 96 89,489,967,contains_whitespace,hangul;whitespace,True,
3232,merge,렬,'렬',3,1,eb a0 ac,339,176,,hangul,True,
3233,merge,돋,'돋',3,1,eb 8f 8b,281,143,,hangul,True,
3234,merge,. 이,'. 이',5,3,2e 20 ec 9d b4,50,322,contains_whitespace,hangul;punct_symbol;whitespace,True,
3235,merge,아니고,'아니고',9,3,ec 95 84 eb 8b 88 ea b3 a0,1589,277,,hangul,True,
3236,merge,개도,'개도',6,2,ea b0 9c eb 8f 84,577,296,,hangul,True,
3237,merge, ...\n,' ...\n',5,5,20 2e 2e 2e 0a,36,475,contains_whitespace;control_char;repeated_run,control;punct_symbol;whitespace,True,
3238,merge, 중간에,' 중간에',10,4,20 ec a4 91 ea b0 84 ec 97 90,1872,300,contains_whitespace,hangul;whitespace,True,
3239,merge,\n오랜만에,'\n오랜만에',13,5,0a ec 98 a4 eb 9e 9c eb a7 8c ec 97 90,1364,1694,contains_whitespace;control_char,control;hangul;whitespace,True,
3240,merge, 시절,' 시절',7,3,20 ec 8b 9c ec a0 88,472,1000,contains_whitespace,hangul;whitespace,True,
3241,merge, 깔,' 깔',4,2,20 ea b9 94,688,152,contains_whitespace,hangul;whitespace,True,
3242,merge,하지않,'하지않',9,3,ed 95 98 ec a7 80 ec 95 8a,1144,951,,hangul,True,
3243,merge,번을,'번을',6,2,eb b2 88 ec 9d 84,711,318,,hangul,True,
3244,merge, 참신,' 참신',7,3,20 ec b0 b8 ec 8b a0,802,545,contains_whitespace,hangul;whitespace,True,
3245,merge, 빌,' 빌',4,2,20 eb b9 8c,671,144,contains_whitespace,hangul;whitespace,True,
3246,merge,했음,'했음',6,2,ed 96 88 ec 9d 8c,526,370,,hangul,True,
3247,merge,,b' \xec\x95\x88\xeb\xb3',6,0,20 ec 95 88 eb b3,733,183,invalid_utf8,invalid_utf8,False,'utf-8' codec can't decode bytes in position 4-5: unexpected end of data
3248,merge, 너무나,' 너무나',10,4,20 eb 84 88 eb ac b4 eb 82 98,452,320,contains_whitespace,hangul;whitespace,True,
3249,merge,,b'\xe2\x98',2,0,e2 98,230,156,invalid_utf8,invalid_utf8,False,'utf-8' codec can't decode bytes in position 0-1: unexpected end of data
3250,merge, 편집,' 편집',7,3,20 ed 8e b8 ec a7 91,1353,1176,contains_whitespace,hangul;whitespace,True,
3251,merge,,b' \xed\x91',3,0,20 ed 91,297,149,invalid_utf8,invalid_utf8,False,'utf-8' codec can't decode bytes in position 1-2: unexpected end of data
3252,merge,율,'율',3,1,ec 9c a8,342,172,,hangul,True,
3253,merge, 라는,' 라는',7,3,20 eb 9d bc eb 8a 94,1517,272,contains_whitespace,hangul;whitespace,True,
3254,merge,,b'\xed\x80',2,0,ed 80,241,132,invalid_utf8,invalid_utf8,False,'utf-8' codec can't decode bytes in position 0-1: unexpected end of data
3255,merge, m,' m',2,2,20 6d,36,113,contains_whitespace,english;whitespace,True,
3256,merge, 아닐,' 아닐',7,3,20 ec 95 84 eb 8b 90,693,148,contains_whitespace,hangul;whitespace,True,
3257,merge, 보여주는,' 보여주는',13,5,20 eb b3 b4 ec 97 ac ec a3 bc eb 8a 94,1158,1278,contains_whitespace,hangul;whitespace,True,
3258,merge,"다,","'다,'",4,2,eb 8b a4 2c,268,48,,hangul;punct_symbol,True,
3259,merge,,b'\xec\xa5',2,0,ec a5,240,169,invalid_utf8,invalid_utf8,False,'utf-8' codec can't decode bytes in position 0-1: unexpected end of data
3260,merge, 1편,' 1편',5,3,20 31 ed 8e b8,505,647,contains_whitespace,digit;hangul;whitespace,True,
3261,merge, 꺼,' 꺼',4,2,20 ea ba bc,299,1466,contains_whitespace,hangul;whitespace,True,
3262,merge,작이,'작이',6,2,ec 9e 91 ec 9d b4,423,267,,hangul,True,
3263,merge,저씨,'저씨',6,2,ec a0 80 ec 94 a8,667,998,,hangul,True,
3264,merge,good,'good',4,4,67 6f 6f 64,107,2723,,english,True,
3265,merge, 소설,' 소설',7,3,20 ec 86 8c ec 84 a4,658,877,contains_whitespace,hangul;whitespace,True,
3266,merge,을 이,'을 이',7,3,ec 9d 84 20 ec 9d b4,318,322,contains_whitespace,hangul;whitespace,True,
3267,merge, 점점,' 점점',7,3,20 ec a0 90 ec a0 90,1247,366,contains_whitespace,hangul;whitespace,True,
3268,merge, 어른,' 어른',7,3,20 ec 96 b4 eb a5 b8,455,792,contains_whitespace,hangul;whitespace,True,
3269,merge,의 아,'의 아',7,3,ec 9d 98 20 ec 95 84,310,349,contains_whitespace,hangul;whitespace,True,
3270,merge,,b'\x87\xb4',2,0,87 b4,139,184,invalid_utf8,invalid_utf8,False,'utf-8' codec can't decode byte 0x87 in position 0: invalid start byte
3271,merge,해진,'해진',6,2,ed 95 b4 ec a7 84,355,422,,hangul,True,
3272,merge, 못보,' 못보',7,3,20 eb aa bb eb b3 b4,588,374,contains_whitespace,hangul;whitespace,True,
3273,merge, 이 영화가,' 이 영화가',14,6,20 ec 9d b4 20 ec 98 81 ed 99 94 ea b0 80,322,964,contains_whitespace,hangul;whitespace,True,
3274,merge,꼈,'꼈',3,1,ea bc 88,1163,140,,hangul,True,
3275,merge, 감동이,' 감동이',10,4,20 ea b0 90 eb 8f 99 ec 9d b4,680,267,contains_whitespace,hangul;whitespace,True,
3276,merge,님이,'님이',6,2,eb 8b 98 ec 9d b4,852,267,,hangul,True,
3277,merge,꿀잼,'꿀잼',6,2,ea bf 80 ec 9e bc,1767,2318,,hangul,True,
3278,merge,//,'//',2,2,2f 2f,51,51,,punct_symbol,True,
3279,merge,어요.\n,'어요.\n',8,4,ec 96 b4 ec 9a 94 2e 0a,540,311,contains_whitespace;control_char,control;hangul;punct_symbol;whitespace,True,
3280,merge,쇼,'쇼',3,1,ec 87 bc,240,2324,,hangul,True,
3281,merge, 억지로,' 억지로',10,4,20 ec 96 b5 ec a7 80 eb a1 9c,1461,325,contains_whitespace,hangul;whitespace,True,
3282,merge, 바라,' 바라',7,3,20 eb b0 94 eb 9d bc,833,330,contains_whitespace,hangul;whitespace,True,
3283,merge, 훈훈,' 훈훈',7,3,20 ed 9b 88 ed 9b 88,3146,1297,contains_whitespace,hangul;whitespace,True,
3284,merge,평가,'평가',6,2,ed 8f 89 ea b0 80,1221,290,,hangul,True,
3285,merge,지 모르겠,'지 모르겠',13,5,ec a7 80 20 eb aa a8 eb a5 b4 ea b2 a0,286,1268,contains_whitespace,hangul;whitespace,True,
3286,merge, 가치,' 가치',7,3,20 ea b0 80 ec b9 98,485,516,contains_whitespace,hangul;whitespace,True,
3287,merge,\n이 영화,'\n이 영화',11,5,0a ec 9d b4 20 ec 98 81 ed 99 94,558,305,contains_whitespace;control_char,control;hangul;whitespace,True,
3288,merge, 진지,' 진지',7,3,20 ec a7 84 ec a7 80,489,286,contains_whitespace,hangul;whitespace,True,
3289,merge,스릴러,'스릴러',9,3,ec 8a a4 eb a6 b4 eb 9f ac,2430,552,,hangul,True,
3290,merge, 굉장히,' 굉장히',10,4,20 ea b5 89 ec 9e a5 ed 9e 88,620,2692,contains_whitespace,hangul;whitespace,True,
3291,merge, 항상,' 항상',7,3,20 ed 95 ad ec 83 81,774,2776,contains_whitespace,hangul;whitespace,True,
3292,merge, 저런,' 저런',7,3,20 ec a0 80 eb 9f b0,810,451,contains_whitespace,hangul;whitespace,True,
3293,merge,됐,'됐',3,1,eb 90 90,712,148,,hangul,True,
3294,merge,. .,'. .',3,3,2e 20 2e,1199,50,contains_whitespace,punct_symbol;whitespace,True,
3295,merge, 돈주고,' 돈주고',10,4,20 eb 8f 88 ec a3 bc ea b3 a0,1080,1610,contains_whitespace,hangul;whitespace,True,
3296,merge, 그녀,' 그녀',7,3,20 ea b7 b8 eb 85 80,359,1140,contains_whitespace,hangul;whitespace,True,
3297,merge,특히,'특히',6,2,ed 8a b9 ed 9e 88,1442,503,,hangul,True,
3298,merge, 자극,' 자극',7,3,20 ec 9e 90 ea b7 b9,612,953,contains_whitespace,hangul;whitespace,True,
3299,merge, 잘생,' 잘생',7,3,20 ec 9e 98 ec 83 9d,549,592,contains_whitespace,hangul;whitespace,True,
3300,merge, 봄,' 봄',4,2,20 eb b4 84,410,136,contains_whitespace,hangul;whitespace,True,
3301,merge,년도,'년도',6,2,eb 85 84 eb 8f 84,629,296,,hangul,True,
3302,merge,하다는,'하다는',9,3,ed 95 98 eb 8b a4 eb 8a 94,289,644,,hangul,True,
3303,merge, 중에,' 중에',7,3,20 ec a4 91 ec 97 90,729,300,contains_whitespace,hangul;whitespace,True,
3304,merge, 불편,' 불편',7,3,20 eb b6 88 ed 8e b8,1043,647,contains_whitespace,hangul;whitespace,True,
3305,merge, 선택,' 선택',7,3,20 ec 84 a0 ed 83 9d,1262,2010,contains_whitespace,hangul;whitespace,True,
3306,merge, 힘든,' 힘든',7,3,20 ed 9e 98 eb 93 a0,1157,598,contains_whitespace,hangul;whitespace,True,
3307,merge,하여,'하여',6,2,ed 95 98 ec 97 ac,289,508,,hangul,True,
3308,merge, 좀비,' 좀비',7,3,20 ec a2 80 eb b9 84,765,624,contains_whitespace,hangul;whitespace,True,
3309,merge,일이,'일이',6,2,ec 9d bc ec 9d b4,518,267,,hangul,True,
3310,merge,,b'\xec\x8d',2,0,ec 8d,240,145,invalid_utf8,invalid_utf8,False,'utf-8' codec can't decode bytes in position 0-1: unexpected end of data
3311,merge, 알려,' 알려',7,3,20 ec 95 8c eb a0 a4,630,512,contains_whitespace,hangul;whitespace,True,
3312,merge, 권,' 권',4,2,20 ea b6 8c,1544,144,contains_whitespace,hangul;whitespace,True,
3313,merge,명이,'명이',6,2,eb aa 85 ec 9d b4,713,267,,hangul,True,
3314,merge,고...,'고...',6,4,ea b3 a0 2e 2e 2e,277,373,repeated_run,hangul;punct_symbol,True,
3315,merge,볍,'볍',3,1,eb b3 8d,414,145,,hangul,True,
3316,merge, 스토리는,' 스토리는',13,5,20 ec 8a a4 ed 86 a0 eb a6 ac eb 8a 94,689,272,contains_whitespace,hangul;whitespace,True,
3317,merge,있네요,'있네요',9,3,ec 9e 88 eb 84 a4 ec 9a 94,274,1755,,hangul,True,
3318,merge,진 않,'진 않',7,3,ec a7 84 20 ec 95 8a,422,550,contains_whitespace,hangul;whitespace,True,
3319,merge,높,'높',3,1,eb 86 92,807,150,,hangul,True,
3320,merge,.5,'.5',2,2,2e 35,50,57,,digit;punct_symbol,True,
3321,merge,렸을때,'렸을때',9,3,eb a0 b8 ec 9d 84 eb 95 8c,1030,1446,,hangul,True,
3322,merge, M,' M',2,2,20 4d,36,81,contains_whitespace,english;whitespace,True,
3323,merge,,b' \xec\x95\x84\xeb\x8b\x88\xeb',8,0,20 ec 95 84 eb 8b 88 eb,693,306,invalid_utf8,invalid_utf8,False,'utf-8' codec can't decode byte 0xeb in position 7: unexpected end of data
3324,merge, 한편,' 한편',7,3,20 ed 95 9c ed 8e b8,469,647,contains_whitespace,hangul;whitespace,True,
3325,merge, 으,' 으',4,2,20 ec 9c bc,536,192,contains_whitespace,hangul;whitespace,True,
3326,merge,,b'\xeb\xa0\x88\xeb',4,0,eb a0 88 eb,339,306,invalid_utf8,invalid_utf8,False,'utf-8' codec can't decode byte 0xeb in position 3: unexpected end of data
3327,merge, 씨,' 씨',4,2,20 ec 94 a8,1668,172,contains_whitespace,hangul;whitespace,True,
3328,merge, 뭐가,' 뭐가',7,3,20 eb ad 90 ea b0 80,723,290,contains_whitespace,hangul;whitespace,True,
3329,merge,렌,'렌',3,1,eb a0 8c,339,144,,hangul,True,
3330,merge, 필,' 필',4,2,20 ed 95 84,774,136,contains_whitespace,hangul;whitespace,True,
3331,merge, 장면이,' 장면이',10,4,20 ec 9e a5 eb a9 b4 ec 9d b4,1008,267,contains_whitespace,hangul;whitespace,True,
3332,merge, 더욱,' 더욱',7,3,20 eb 8d 94 ec 9a b1,566,1981,contains_whitespace,hangul;whitespace,True,
3333,merge,과 함께,'과 함께',10,4,ea b3 bc 20 ed 95 a8 ea bb 98,441,1875,contains_whitespace,hangul;whitespace,True,
3334,merge,굿굿,'굿굿',6,2,ea b5 bf ea b5 bf,1335,1335,,hangul,True,
3335,merge, 이해가 안,' 이해가 안',14,6,20 ec 9d b4 ed 95 b4 ea b0 80 20 ec 95 88,1959,568,contains_whitespace,hangul;whitespace,True,
3336,merge,다\n영화,'다\n영화',10,4,eb 8b a4 0a ec 98 81 ed 99 94,806,285,contains_whitespace;control_char,control;hangul;whitespace,True,
3337,merge, 재밌음,' 재밌음',10,4,20 ec 9e ac eb b0 8c ec 9d 8c,521,370,contains_whitespace,hangul;whitespace,True,
3338,merge,방송,'방송',6,2,eb b0 a9 ec 86 a1,1032,1418,,hangul,True,
3339,merge,~~~\n,'~~~\n',4,4,7e 7e 7e 0a,602,943,contains_whitespace;control_char;repeated_run,control;punct_symbol;whitespace,True,
3340,merge, 휴,' 휴',4,2,20 ed 9c b4,297,1509,contains_whitespace,hangul;whitespace,True,
3341,merge, 가지고,' 가지고',10,4,20 ea b0 80 ec a7 80 ea b3 a0,485,1347,contains_whitespace,hangul;whitespace,True,
3342,merge,or,'or',2,2,6f 72,115,118,,english,True,
3343,merge,OOO,'OOO',3,3,4f 4f 4f,824,83,repeated_run,english,True,
3344,merge, 특유의,' 특유의',10,4,20 ed 8a b9 ec 9c a0 ec 9d 98,1121,2836,contains_whitespace,hangul;whitespace,True,
3345,merge,리게,'리게',6,2,eb a6 ac ea b2 8c,332,319,,hangul,True,
3346,merge,져서,'져서',6,2,ec a0 b8 ec 84 9c,952,321,,hangul,True,
3347,merge, 모르는,' 모르는',10,4,20 eb aa a8 eb a5 b4 eb 8a 94,937,272,contains_whitespace,hangul;whitespace,True,
3348,merge,염,'염',3,1,ec 97 bc,270,192,,hangul,True,
3349,merge, 잘만들,' 잘만들',10,4,20 ec 9e 98 eb a7 8c eb 93 a4,549,1431,contains_whitespace,hangul;whitespace,True,
3350,merge, 감독은,' 감독은',10,4,20 ea b0 90 eb 8f 85 ec 9d 80,741,313,contains_whitespace,hangul;whitespace,True,
3351,merge, 웃긴,' 웃긴',7,3,20 ec 9b 83 ea b8 b4,800,669,contains_whitespace,hangul;whitespace,True,
3352,merge,리우드,'리우드',9,3,eb a6 ac ec 9a b0 eb 93 9c,332,2881,,hangul,True,
3353,merge,배우들의,'배우들의',12,4,eb b0 b0 ec 9a b0 eb 93 a4 ec 9d 98,994,886,,hangul,True,
3354,merge,감독의,'감독의',9,3,ea b0 90 eb 8f 85 ec 9d 98,1053,310,,hangul,True,
3355,merge, 예고,' 예고',7,3,20 ec 98 88 ea b3 a0,918,277,contains_whitespace,hangul;whitespace,True,
3356,merge,컬,'컬',3,1,ec bb ac,1290,176,,hangul,True,
3357,merge,시작,'시작',6,2,ec 8b 9c ec 9e 91,365,423,,hangul,True,
3358,merge,그라,'그라',6,2,ea b7 b8 eb 9d bc,460,330,,hangul,True,
3359,merge, ㅎ,' ㅎ',4,2,20 e3 85 8e,36,555,contains_whitespace,hangul;whitespace,True,
3360,merge,,b' \xeb\x88\x88\xeb',5,0,20 eb 88 88 eb,697,306,invalid_utf8,invalid_utf8,False,'utf-8' codec can't decode byte 0xeb in position 4: unexpected end of data
3361,merge, 낭비,' 낭비',7,3,20 eb 82 ad eb b9 84,329,1837,contains_whitespace,hangul;whitespace,True,
3362,merge, 접,' 접',4,2,20 ec a0 91,331,149,contains_whitespace,hangul;whitespace,True,
3363,merge, 노력,' 노력',7,3,20 eb 85 b8 eb a0 a5,906,591,contains_whitespace,hangul;whitespace,True,
3364,merge,상을,'상을',6,2,ec 83 81 ec 9d 84,433,318,,hangul,True,
3365,merge,맹,'맹',3,1,eb a7 b9,275,189,,hangul,True,
3366,merge, 흥행,' 흥행',7,3,20 ed 9d a5 ed 96 89,1298,967,contains_whitespace,hangul;whitespace,True,
3367,merge, 안타깝,' 안타깝',10,4,20 ec 95 88 ed 83 80 ea b9 9d,2085,758,contains_whitespace,hangul;whitespace,True,
3368,merge,,b'\xb3\xb4\xeb\x8b\xa4',5,0,b3 b4 eb 8b a4,309,268,invalid_utf8,invalid_utf8,False,'utf-8' codec can't decode byte 0xb3 in position 0: invalid start byte
3369,merge,려면,'려면',6,2,eb a0 a4 eb a9 b4,512,356,,hangul,True,
3370,merge,,b'\xec\xa6\x88\xeb',4,0,ec a6 88 eb,539,306,invalid_utf8,invalid_utf8,False,'utf-8' codec can't decode byte 0xeb in position 3: unexpected end of data
3371,merge,답답,'답답',6,2,eb 8b b5 eb 8b b5,901,901,,hangul,True,
3372,merge,\n사랑,'\n사랑',7,3,0a ec 82 ac eb 9e 91,1453,2058,contains_whitespace;control_char,control;hangul;whitespace,True,
3373,merge,,b' \xec\xa5',3,0,20 ec a5,260,169,invalid_utf8,invalid_utf8,False,'utf-8' codec can't decode bytes in position 1-2: unexpected end of data
3374,merge, 촬영,' 촬영',7,3,20 ec b4 ac ec 98 81,909,2893,contains_whitespace,hangul;whitespace,True,
3375,merge, 이정도,' 이정도',10,4,20 ec 9d b4 ec a0 95 eb 8f 84,322,1019,contains_whitespace,hangul;whitespace,True,
3376,merge,\n재미,'\n재미',7,3,0a ec 9e ac eb af b8,14,678,contains_whitespace;control_char,control;hangul;whitespace,True,
3377,merge,도 있고,'도 있고',10,4,eb 8f 84 20 ec 9e 88 ea b3 a0,1325,277,contains_whitespace,hangul;whitespace,True,
3378,merge,지 마,'지 마',7,3,ec a7 80 20 eb a7 88,286,589,contains_whitespace,hangul;whitespace,True,
3379,merge,콤,'콤',3,1,ec bd a4,1225,168,,hangul,True,
3380,merge, 재미도,' 재미도',10,4,20 ec 9e ac eb af b8 eb 8f 84,461,296,contains_whitespace,hangul;whitespace,True,
3381,merge, 여주,' 여주',7,3,20 ec 97 ac ec a3 bc,622,428,contains_whitespace,hangul;whitespace,True,
3382,merge,큰,'큰',3,1,ed 81 b0,600,180,,hangul,True,
3383,merge, 아쉬움,' 아쉬움',10,4,20 ec 95 84 ec 89 ac ec 9b 80,1615,894,contains_whitespace,hangul;whitespace,True,
3384,merge,,b'\xeb\x8c',2,0,eb 8c,239,144,invalid_utf8,invalid_utf8,False,'utf-8' codec can't decode bytes in position 0-1: unexpected end of data
3385,merge, 만점,' 만점',7,3,20 eb a7 8c ec a0 90,458,366,contains_whitespace,hangul;whitespace,True,
3386,merge,하세요,'하세요',9,3,ed 95 98 ec 84 b8 ec 9a 94,289,928,,hangul,True,
3387,merge,,b' \xeb\x83',3,0,20 eb 83,261,135,invalid_utf8,invalid_utf8,False,'utf-8' codec can't decode bytes in position 1-2: unexpected end of data
3388,merge,화를,'화를',6,2,ed 99 94 eb a5 bc,279,382,,hangul,True,
3389,merge,도 아닌,'도 아닌',10,4,eb 8f 84 20 ec 95 84 eb 8b 8c,296,1111,contains_whitespace,hangul;whitespace,True,
3390,merge,다\n아,'다\n아',7,3,eb 8b a4 0a ec 95 84,402,338,contains_whitespace;control_char,control;hangul;whitespace,True,
3391,merge, 당신,' 당신',7,3,20 eb 8b b9 ec 8b a0,1129,545,contains_whitespace,hangul;whitespace,True,
3392,merge,ㅡㅡ\n,'ㅡㅡ\n',7,3,e3 85 a1 e3 85 a1 0a,916,14,contains_whitespace;control_char,control;hangul;whitespace,True,
3393,merge, 화려,' 화려',7,3,20 ed 99 94 eb a0 a4,1118,512,contains_whitespace,hangul;whitespace,True,
3394,merge, 하면,' 하면',7,3,20 ed 95 98 eb a9 b4,411,356,contains_whitespace,hangul;whitespace,True,
3395,merge,콘,'콘',3,1,ec bd 98,1225,156,,hangul,True,
3396,merge, 맥,' 맥',4,2,20 eb a7 a5,323,169,contains_whitespace,hangul;whitespace,True,
3397,merge,같은데,'같은데',9,3,ea b0 99 ec 9d 80 eb 8d b0,948,346,,hangul,True,
3398,merge,,b'\xeb\x80',2,0,eb 80,239,132,invalid_utf8,invalid_utf8,False,'utf-8' codec can't decode bytes in position 0-1: unexpected end of data
3399,merge,지 못한,'지 못한',10,4,ec a7 80 20 eb aa bb ed 95 9c,1515,304,contains_whitespace,hangul;whitespace,True,
3400,merge, 엉망,' 엉망',7,3,20 ec 97 89 eb a7 9d,1665,727,contains_whitespace,hangul;whitespace,True,
3401,merge, 감상,' 감상',7,3,20 ea b0 90 ec 83 81,808,433,contains_whitespace,hangul;whitespace,True,
3402,merge,하는거,'하는거',9,3,ed 95 98 eb 8a 94 ea b1 b0,504,385,,hangul,True,
3403,merge,벌,'벌',3,1,eb b2 8c,413,144,,hangul,True,
3404,merge,센,'센',3,1,ec 84 bc,292,192,,hangul,True,
3405,merge, ^^\n,' ^^\n',4,4,20 5e 5e 0a,36,1165,contains_whitespace;control_char,control;punct_symbol;whitespace,True,
3406,merge,,b'\xac\xea\xb8\x88',4,0,ac ea b8 88,176,638,invalid_utf8,invalid_utf8,False,'utf-8' codec can't decode byte 0xac in position 0: invalid start byte
3407,merge,겠지,'겠지',6,2,ea b2 a0 ec a7 80,551,286,,hangul,True,
3408,merge, 평점을,' 평점을',10,4,20 ed 8f 89 ec a0 90 ec 9d 84,648,318,contains_whitespace,hangul;whitespace,True,
3409,merge, 창,' 창',4,2,20 ec b0 bd,496,193,contains_whitespace,hangul;whitespace,True,
3410,merge, 하루,' 하루',7,3,20 ed 95 98 eb a3 a8,411,533,contains_whitespace,hangul;whitespace,True,
3411,merge, 분명,' 분명',7,3,20 eb b6 84 eb aa 85,995,713,contains_whitespace,hangul;whitespace,True,
3412,merge,,b'\xaa\xa8',2,0,aa a8,174,172,invalid_utf8,invalid_utf8,False,'utf-8' codec can't decode byte 0xaa in position 0: invalid start byte
3413,merge, 작품이,' 작품이',10,4,20 ec 9e 91 ed 92 88 ec 9d b4,885,267,contains_whitespace,hangul;whitespace,True,
3414,merge, 이영화를,' 이영화를',13,5,20 ec 9d b4 ec 98 81 ed 99 94 eb a5 bc,322,1332,contains_whitespace,hangul;whitespace,True,
3415,merge, 이야기를,' 이야기를',13,5,20 ec 9d b4 ec 95 bc ea b8 b0 eb a5 bc,1049,382,contains_whitespace,hangul;whitespace,True,
3416,merge, 흥미진진,' 흥미진진',13,5,20 ed 9d a5 eb af b8 ec a7 84 ec a7 84,1684,2891,contains_whitespace,hangul;whitespace,True,
3417,merge,형적인,'형적인',9,3,ed 98 95 ec a0 81 ec 9d b8,1116,724,,hangul,True,
3418,merge,보세요,'보세요',9,3,eb b3 b4 ec 84 b8 ec 9a 94,374,928,,hangul,True,
3419,merge,나요?,'나요?',7,3,eb 82 98 ec 9a 94 3f,1792,67,,hangul;punct_symbol,True,
3420,merge,순간,'순간',6,2,ec 88 9c ea b0 84,1204,442,,hangul,True,
3421,merge,제로,'제로',6,2,ec a0 9c eb a1 9c,510,325,,hangul,True,
3422,merge,끌,'끌',3,1,eb 81 8c,665,144,,hangul,True,
3423,merge,ㄹ,'ㄹ',3,1,e3 84 b9,880,189,,hangul,True,
3424,merge, 평점은,' 평점은',10,4,20 ed 8f 89 ec a0 90 ec 9d 80,648,313,contains_whitespace,hangul;whitespace,True,
3425,merge,마지막에,'마지막에',12,4,eb a7 88 ec a7 80 eb a7 89 ec 97 90,1415,300,,hangul,True,
3426,merge,의 매력,'의 매력',10,4,ec 9d 98 20 eb a7 a4 eb a0 a5,310,1269,contains_whitespace,hangul;whitespace,True,
3427,merge, 갔,' 갔',4,2,20 ea b0 94,344,152,contains_whitespace,hangul;whitespace,True,
3428,merge, 독립,' 독립',7,3,20 eb 8f 85 eb a6 bd,1670,1305,contains_whitespace,hangul;whitespace,True,
3429,merge,", 그리고","', 그리고'",11,5,2c 20 ea b7 b8 eb a6 ac ea b3 a0,48,1060,contains_whitespace,hangul;punct_symbol;whitespace,True,
3430,merge, 진정한,' 진정한',10,4,20 ec a7 84 ec a0 95 ed 95 9c,489,2257,contains_whitespace,hangul;whitespace,True,
3431,merge, 그때,' 그때',7,3,20 ea b7 b8 eb 95 8c,359,574,contains_whitespace,hangul;whitespace,True,
3432,merge, 새,' 새',4,2,20 ec 83 88,429,140,contains_whitespace,hangul;whitespace,True,
3433,merge,앙,'앙',3,1,ec 95 99,283,157,,hangul,True,
3434,merge,없다.,'없다.',7,3,ec 97 86 eb 8b a4 2e,401,369,,hangul;punct_symbol,True,
3435,merge, 빈,' 빈',4,2,20 eb b9 88,671,140,contains_whitespace,hangul;whitespace,True,
3436,merge, 만큼,' 만큼',7,3,20 eb a7 8c ed 81 bc,458,1363,contains_whitespace,hangul;whitespace,True,
3437,merge, 틀,' 틀',4,2,20 ed 8b 80,1392,132,contains_whitespace,hangul;whitespace,True,
3438,merge, 코메디,' 코메디',10,4,20 ec bd 94 eb a9 94 eb 94 94,925,2746,contains_whitespace,hangul;whitespace,True,
3439,merge,...\n이,'...\n이',7,5,2e 2e 2e 0a ec 9d b4,475,267,contains_whitespace;control_char;repeated_run,control;hangul;punct_symbol;whitespace,True,
3440,merge, 한심,' 한심',7,3,20 ed 95 9c ec 8b ac,469,673,contains_whitespace,hangul;whitespace,True,
3441,merge, 덕,' 덕',4,2,20 eb 8d 95,507,153,contains_whitespace,hangul;whitespace,True,
3442,merge,기고,'기고',6,2,ea b8 b0 ea b3 a0,303,277,,hangul,True,
3443,merge, 오히려,' 오히려',10,4,20 ec 98 a4 ed 9e 88 eb a0 a4,640,3104,contains_whitespace,hangul;whitespace,True,
3444,merge,보는데,'보는데',9,3,eb b3 b4 eb 8a 94 eb 8d b0,374,393,,hangul,True,
3445,merge,요.\n,'요.\n',5,3,ec 9a 94 2e 0a,326,311,contains_whitespace;control_char,control;hangul;punct_symbol;whitespace,True,
3446,merge,솔직히,'솔직히',9,3,ec 86 94 ec a7 81 ed 9e 88,625,1381,,hangul,True,
3447,merge,우리나라,'우리나라',12,4,ec 9a b0 eb a6 ac eb 82 98 eb 9d bc,2169,1390,,hangul,True,
3448,merge, 어쩔,' 어쩔',7,3,20 ec 96 b4 ec a9 94,2040,152,contains_whitespace,hangul;whitespace,True,
3449,merge, ㅎㅎ\n,' ㅎㅎ\n',8,4,20 e3 85 8e e3 85 8e 0a,1460,14,contains_whitespace;control_char,control;hangul;whitespace,True,
3450,merge,폐,'폐',3,1,ed 8f 90,652,148,,hangul,True,
3451,merge, 순간,' 순간',7,3,20 ec 88 9c ea b0 84,1530,442,contains_whitespace,hangul;whitespace,True,
3452,merge, 플,' 플',4,2,20 ed 94 8c,902,144,contains_whitespace,hangul;whitespace,True,
3453,merge, 쓰레기 영화,' 쓰레기 영화',17,7,20 ec 93 b0 eb a0 88 ea b8 b0 20 ec 98 81 ed 99 94,839,305,contains_whitespace,hangul;whitespace,True,
3454,merge, 면,' 면',4,2,20 eb a9 b4,674,184,contains_whitespace,hangul;whitespace,True,
3455,merge,했고,'했고',6,2,ed 96 88 ea b3 a0,526,277,,hangul,True,
3456,merge,랙,'랙',3,1,eb 9e 99,375,157,,hangul,True,
3457,merge,싱,'싱',3,1,ec 8b b1,307,181,,hangul,True,
3458,merge, 이영화는,' 이영화는',13,5,20 ec 9d b4 ec 98 81 ed 99 94 eb 8a 94,322,1180,contains_whitespace,hangul;whitespace,True,
3459,merge,함.\n,'함.\n',5,3,ed 95 a8 2e 0a,528,311,contains_whitespace;control_char,control;hangul;punct_symbol;whitespace,True,
3460,merge, 아깝다,' 아깝다',10,4,20 ec 95 84 ea b9 9d eb 8b a4,938,268,contains_whitespace,hangul;whitespace,True,
3461,merge,을 못,'을 못',7,3,ec 9d 84 20 eb aa bb,318,588,contains_whitespace,hangul;whitespace,True,
3462,merge,랄까,'랄까',6,2,eb 9e 84 ea b9 8c,2081,399,,hangul,True,
3463,merge, 바보,' 바보',7,3,20 eb b0 94 eb b3 b4,833,374,contains_whitespace,hangul;whitespace,True,
3464,merge,일뿐,'일뿐',6,2,ec 9d bc eb bf 90,518,1444,,hangul,True,
3465,merge,,b' \xec\x98\x88\xeb',5,0,20 ec 98 88 eb,456,306,invalid_utf8,invalid_utf8,False,'utf-8' codec can't decode byte 0xeb in position 4: unexpected end of data
3466,merge, ㅋㅋㅋㅋㅋㅋㅋㅋ,' ㅋㅋㅋㅋㅋㅋㅋㅋ',25,9,20 e3 85 8b e3 85 8b e3 85 8b e3 85 8b e3 85 8b e3 85 8b e3 85 8b e3 85 8b,36,1282,contains_whitespace;repeated_run,hangul;whitespace,True,
3467,merge,라고 생각,'라고 생각',13,5,eb 9d bc ea b3 a0 20 ec 83 9d ea b0 81,873,581,contains_whitespace,hangul;whitespace,True,
3468,merge,응,'응',3,1,ec 9d 91,262,149,,hangul,True,
3469,merge,닝타임,'닝타임',9,3,eb 8b 9d ed 83 80 ec 9e 84,2119,1484,,hangul,True,
3470,merge,랫,'랫',3,1,eb 9e ab,375,175,,hangul,True,
3471,merge, 골,' 골',4,2,20 ea b3 a8,1635,172,contains_whitespace,hangul;whitespace,True,
3472,merge, 법,' 법',4,2,20 eb b2 95,684,153,contains_whitespace,hangul;whitespace,True,
3473,merge,착,'착',3,1,ec b0 a9,490,173,,hangul,True,
3474,merge,이면,'이면',6,2,ec 9d b4 eb a9 b4,267,356,,hangul,True,
3475,merge,리라,'리라',6,2,eb a6 ac eb 9d bc,748,317,,hangul,True,
3476,merge, 웃겨,' 웃겨',7,3,20 ec 9b 83 ea b2 a8,800,974,contains_whitespace,hangul;whitespace,True,
3477,merge,혀지,'혀지',6,2,ed 98 80 ec a7 80,1064,286,,hangul,True,
3478,merge, 노출,' 노출',7,3,20 eb 85 b8 ec b6 9c,906,752,contains_whitespace,hangul;whitespace,True,
3479,merge, 각본,' 각본',7,3,20 ea b0 81 eb b3 b8,1998,626,contains_whitespace,hangul;whitespace,True,
3480,merge,이블,'이블',6,2,ec 9d b4 eb b8 94,267,1813,,hangul,True,
3481,merge, 아쉬운,' 아쉬운',10,4,20 ec 95 84 ec 89 ac ec 9a b4,1615,492,contains_whitespace,hangul;whitespace,True,
3482,merge, 어쩌,' 어쩌',7,3,20 ec 96 b4 ec a9 8c,2040,144,contains_whitespace,hangul;whitespace,True,
3483,merge,리로,'리로',6,2,eb a6 ac eb a1 9c,748,702,,hangul,True,
3484,merge, (,' (',2,2,20 28,36,44,contains_whitespace,punct_symbol;whitespace,True,
3485,merge, 왜 이,' 왜 이',8,4,20 ec 99 9c 20 ec 9d b4,628,322,contains_whitespace,hangul;whitespace,True,
3486,merge,일까,'일까',6,2,ec 9d bc ea b9 8c,518,399,,hangul,True,
3487,merge,등학교,'등학교',9,3,eb 93 b1 ed 95 99 ea b5 90,1189,2076,,hangul,True,
3488,merge,았는데,'았는데',9,3,ec 95 98 eb 8a 94 eb 8d b0,467,393,,hangul,True,
3489,merge, 옛날,' 옛날',7,3,20 ec 98 9b eb 82 a0,456,2143,contains_whitespace,hangul;whitespace,True,
3490,merge,,b' \xec\xa7\x80\xea\xb8\x88\xeb',8,0,20 ec a7 80 ea b8 88 eb,473,2069,invalid_utf8,invalid_utf8,False,'utf-8' codec can't decode byte 0xeb in position 7: unexpected end of data
3491,merge, 잔잔한,' 잔잔한',10,4,20 ec 9e 94 ec 9e 94 ed 95 9c,1956,304,contains_whitespace,hangul;whitespace,True,
3492,merge,셈,'셈',3,1,ec 85 88,553,140,,hangul,True,
3493,merge,했어요,'했어요',9,3,ed 96 88 ec 96 b4 ec 9a 94,526,540,,hangul,True,
3494,merge,스런,'스런',6,2,ec 8a a4 eb 9f b0,371,451,,hangul,True,
3495,merge,스토리가,'스토리가',12,4,ec 8a a4 ed 86 a0 eb a6 ac ea b0 80,1216,290,,hangul,True,
3496,merge,쉽,'쉽',3,1,ec 89 bd,868,193,,hangul,True,
3497,merge, 즐겁,' 즐겁',7,3,20 ec a6 90 ea b2 81,1543,1765,contains_whitespace,hangul;whitespace,True,
3498,merge, 시청률,' 시청률',10,4,20 ec 8b 9c ec b2 ad eb a5 a0,1917,2651,contains_whitespace,hangul;whitespace,True,
3499,merge,껏,'껏',3,1,ea bb 8f,812,147,,hangul,True,
3500,merge, 그런지,' 그런지',10,4,20 ea b7 b8 eb 9f b0 ec a7 80,1110,286,contains_whitespace,hangul;whitespace,True,
3501,merge, 뮤,' 뮤',4,2,20 eb ae a4,261,2653,contains_whitespace,hangul;whitespace,True,
3502,merge, 엄청난,' 엄청난',10,4,20 ec 97 84 ec b2 ad eb 82 9c,1590,615,contains_whitespace,hangul;whitespace,True,
3503,merge,캐스팅,'캐스팅',9,3,ec ba 90 ec 8a a4 ed 8c 85,1948,1716,,hangul,True,
3504,merge,,b' \xea\xbe',3,0,20 ea be,299,194,invalid_utf8,invalid_utf8,False,'utf-8' codec can't decode bytes in position 1-2: unexpected end of data
3505,merge,얘,'얘',3,1,ec 96 98,519,156,,hangul,True,
3506,merge,꼬,'꼬',3,1,ea bc ac,1163,176,,hangul,True,
3507,merge,균,'균',3,1,ea b7 a0,610,164,,hangul,True,
3508,merge,네요...,'네요...',9,5,eb 84 a4 ec 9a 94 2e 2e 2e,471,373,repeated_run,hangul;punct_symbol,True,
3509,merge,주세요,'주세요',9,3,ec a3 bc ec 84 b8 ec 9a 94,428,928,,hangul,True,
3510,merge,을 다,'을 다',7,3,ec 9d 84 20 eb 8b a4,318,416,contains_whitespace,hangul;whitespace,True,
3511,merge,사들,'사들',6,2,ec 82 ac eb 93 a4,1319,1551,,hangul,True,
3512,merge,는 영화였,'는 영화였',13,5,eb 8a 94 20 ec 98 81 ed 99 94 ec 98 80,537,641,contains_whitespace,hangul;whitespace,True,
3513,merge,,b'\xeb\xb6\x88\xeb',4,0,eb b6 88 eb,386,306,invalid_utf8,invalid_utf8,False,'utf-8' codec can't decode byte 0xeb in position 3: unexpected end of data
3514,merge, 중 하나,' 중 하나',11,5,20 ec a4 91 20 ed 95 98 eb 82 98,729,912,contains_whitespace,hangul;whitespace,True,
3515,merge,어지는,'어지는',9,3,ec 96 b4 ec a7 80 eb 8a 94,327,959,,hangul,True,
3516,merge, 급,' 급',4,2,20 ea b8 89,36,910,contains_whitespace,hangul;whitespace,True,
3517,merge, 새로운,' 새로운',10,4,20 ec 83 88 eb a1 9c ec 9a b4,429,2895,contains_whitespace,hangul;whitespace,True,
3518,merge,했다\n,'했다\n',7,3,ed 96 88 eb 8b a4 0a,526,402,contains_whitespace;control_char,control;hangul;whitespace,True,
3519,merge, 짜증나,' 짜증나',10,4,20 ec a7 9c ec a6 9d eb 82 98,1293,320,contains_whitespace,hangul;whitespace,True,
3520,merge,노래,'노래',6,2,eb 85 b8 eb 9e 98,820,525,,hangul,True,
3521,merge,봇,'봇',3,1,eb b4 87,491,139,,hangul,True,
3522,merge,예산,'예산',6,2,ec 98 88 ec 82 b0,1086,1426,,hangul,True,
3523,merge, 먹먹,' 먹먹',7,3,20 eb a8 b9 eb a8 b9,1480,1099,contains_whitespace,hangul;whitespace,True,
3524,merge, 수가 없,' 수가 없',11,5,20 ec 88 98 ea b0 80 20 ec 97 86,531,1161,contains_whitespace,hangul;whitespace,True,
3525,merge, 서로,' 서로',7,3,20 ec 84 9c eb a1 9c,1310,325,contains_whitespace,hangul;whitespace,True,
3526,merge,말로,'말로',6,2,eb a7 90 eb a1 9c,381,325,,hangul,True,
3527,merge, 마무,' 마무',7,3,20 eb a7 88 eb ac b4,323,391,contains_whitespace,hangul;whitespace,True,
3528,merge,,b'\xac\xeb\x95\x8c',4,0,ac eb 95 8c,294,481,invalid_utf8,invalid_utf8,False,'utf-8' codec can't decode byte 0xac in position 0: invalid start byte
3529,merge, 크리스,' 크리스',10,4,20 ed 81 ac eb a6 ac ec 8a a4,1044,2573,contains_whitespace,hangul;whitespace,True,
3530,merge, 재미가,' 재미가',10,4,20 ec 9e ac eb af b8 ea b0 80,461,290,contains_whitespace,hangul;whitespace,True,
3531,merge,나름,'나름',6,2,eb 82 98 eb a6 84,320,636,,hangul,True,
3532,merge, 또한,' 또한',7,3,20 eb 98 90 ed 95 9c,962,304,contains_whitespace,hangul;whitespace,True,
3533,merge,것만,'것만',6,2,ea b2 83 eb a7 8c,420,328,,hangul,True,
3534,merge, 감동을,' 감동을',10,4,20 ea b0 90 eb 8f 99 ec 9d 84,680,318,contains_whitespace,hangul;whitespace,True,
3535,merge,한다는,'한다는',9,3,ed 95 9c eb 8b a4 eb 8a 94,304,644,,hangul,True,
3536,merge, 죽음,' 죽음',7,3,20 ec a3 bd ec 9d 8c,932,370,contains_whitespace,hangul;whitespace,True,
3537,merge, 그런데,' 그런데',10,4,20 ea b7 b8 eb 9f b0 eb 8d b0,1110,346,contains_whitespace,hangul;whitespace,True,
3538,merge, ?,' ?',2,2,20 3f,36,67,contains_whitespace,punct_symbol;whitespace,True,
3539,merge,영상,'영상',6,2,ec 98 81 ec 83 81,791,433,,hangul,True,
3540,merge,에 가,'에 가',7,3,ec 97 90 20 ea b0 80,300,485,contains_whitespace,hangul;whitespace,True,
3541,merge,의 한,'의 한',7,3,ec 9d 98 20 ed 95 9c,310,469,contains_whitespace,hangul;whitespace,True,
3542,merge, 와닿,' 와닿',7,3,20 ec 99 80 eb 8b bf,1633,3228,contains_whitespace,hangul;whitespace,True,
3543,merge,해준,'해준',6,2,ed 95 b4 ec a4 80,355,657,,hangul,True,
3544,merge,웠던,'웠던',6,2,ec 9b a0 eb 8d 98,1117,596,,hangul,True,
3545,merge, 식상,' 식상',7,3,20 ec 8b 9d ec 83 81,2247,433,contains_whitespace,hangul;whitespace,True,
3546,merge, 그 자체,' 그 자체',11,5,20 ea b7 b8 20 ec 9e 90 ec b2 b4,359,1619,contains_whitespace,hangul;whitespace,True,
3547,merge,,b' \xeb\x9f\xac\xeb',5,0,20 eb 9f ac eb,261,2032,invalid_utf8,invalid_utf8,False,'utf-8' codec can't decode byte 0xeb in position 4: unexpected end of data
3548,merge, 결혼,' 결혼',7,3,20 ea b2 b0 ed 98 bc,836,1622,contains_whitespace,hangul;whitespace,True,
3549,merge,지도않,'지도않',9,3,ec a7 80 eb 8f 84 ec 95 8a,973,951,,hangul,True,
3550,merge,보는 내내,'보는 내내',13,5,eb b3 b4 eb 8a 94 20 eb 82 b4 eb 82 b4,1156,1550,contains_whitespace,hangul;whitespace,True,
3551,merge, 2편,' 2편',5,3,20 32 ed 8e b8,809,647,contains_whitespace,digit;hangul;whitespace,True,
3552,merge,\n코,'\n코',4,2,0a ec bd 94,353,654,contains_whitespace;control_char,control;hangul;whitespace,True,
3553,merge,엿,'엿',3,1,ec 97 bf,270,195,,hangul,True,
3554,merge, 어려,' 어려',7,3,20 ec 96 b4 eb a0 a4,455,512,contains_whitespace,hangul;whitespace,True,
3555,merge,지않는,'지않는',9,3,ec a7 80 ec 95 8a eb 8a 94,1289,272,,hangul,True,
3556,merge,네이버,'네이버',9,3,eb 84 a4 ec 9d b4 eb b2 84,379,2075,,hangul,True,
3557,merge,멘터,'멘터',6,2,eb a9 98 ed 84 b0,2464,547,,hangul,True,
3558,merge,우는,'우는',6,2,ec 9a b0 eb 8a 94,404,272,,hangul,True,
3559,merge,네요~,'네요~',7,3,eb 84 a4 ec 9a 94 7e,471,130,,hangul;punct_symbol,True,
3560,merge,ㅜ\n,'ㅜ\n',4,2,e3 85 9c 0a,742,14,contains_whitespace;control_char,control;hangul;whitespace,True,
3561,merge, 살인,' 살인',7,3,20 ec 82 b4 ec 9d b8,887,341,contains_whitespace,hangul;whitespace,True,
3562,merge,자의,'자의',6,2,ec 9e 90 ec 9d 98,392,310,,hangul,True,
3563,merge,의 연,'의 연',7,3,ec 9d 98 20 ec 97 b0,310,446,contains_whitespace,hangul;whitespace,True,
3564,merge, 재미는,' 재미는',10,4,20 ec 9e ac eb af b8 eb 8a 94,461,272,contains_whitespace,hangul;whitespace,True,
3565,merge,몽,'몽',3,1,eb aa bd,426,193,,hangul,True,
3566,merge, 보는데,' 보는데',10,4,20 eb b3 b4 eb 8a 94 eb 8d b0,357,393,contains_whitespace,hangul;whitespace,True,
3567,merge,!!!!\n,'!!!!\n',5,5,21 21 21 21 0a,891,14,contains_whitespace;control_char;repeated_run,control;punct_symbol;whitespace,True,
3568,merge, 오글거,' 오글거',10,4,20 ec 98 a4 ea b8 80 ea b1 b0,2671,385,contains_whitespace,hangul;whitespace,True,
3569,merge, 찬,' 찬',4,2,20 ec b0 ac,496,176,contains_whitespace,hangul;whitespace,True,
3570,merge,이며,'이며',6,2,ec 9d b4 eb a9 b0,267,955,,hangul,True,
3571,merge,러운,'러운',6,2,eb 9f ac ec 9a b4,552,492,,hangul,True,
3572,merge,둘,'둘',3,1,eb 91 98,1569,156,,hangul,True,
3573,merge, 댓글,' 댓글',7,3,20 eb 8c 93 ea b8 80,261,2632,contains_whitespace,hangul;whitespace,True,
3574,merge,수없,'수없',6,2,ec 88 98 ec 97 86,415,401,,hangul,True,
3575,merge,스로,'스로',6,2,ec 8a a4 eb a1 9c,371,325,,hangul,True,
3576,merge, 미안,' 미안',7,3,20 eb af b8 ec 95 88,672,699,contains_whitespace,hangul;whitespace,True,
3577,merge, 봐라,' 봐라',7,3,20 eb b4 90 eb 9d bc,816,330,contains_whitespace,hangul;whitespace,True,
3578,merge, 전개가,' 전개가',10,4,20 ec a0 84 ea b0 9c ea b0 80,1342,290,contains_whitespace,hangul;whitespace,True,
3579,merge, 운,' 운',4,2,20 ec 9a b4,488,184,contains_whitespace,hangul;whitespace,True,
3580,merge,밥,'밥',3,1,eb b0 a5,363,169,,hangul,True,
3581,merge,만드,'만드',6,2,eb a7 8c eb 93 9c,328,462,,hangul,True,
3582,merge, 멍청,' 멍청',7,3,20 eb a9 8d ec b2 ad,2868,857,contains_whitespace,hangul;whitespace,True,
3583,merge,시켜,'시켜',6,2,ec 8b 9c ec bc 9c,365,2127,,hangul,True,
3584,merge, 안됨,' 안됨',7,3,20 ec 95 88 eb 90 a8,1748,172,contains_whitespace,hangul;whitespace,True,
3585,merge,수있는,'수있는',9,3,ec 88 98 ec 9e 88 eb 8a 94,415,1120,,hangul,True,
3586,merge, 헤,' 헤',4,2,20 ed 97 a4,796,168,contains_whitespace,hangul;whitespace,True,
3587,merge,도 그,'도 그',7,3,eb 8f 84 20 ea b7 b8,296,359,contains_whitespace,hangul;whitespace,True,
3588,merge, 쓴,' 쓴',4,2,20 ec 93 b4,260,2584,contains_whitespace,hangul;whitespace,True,
3589,merge, 였,' 였',4,2,20 ec 98 80,456,132,contains_whitespace,hangul;whitespace,True,
3590,merge,쪽,'쪽',3,1,ec aa bd,240,2556,,hangul,True,
3591,merge,지?\n,'지?\n',5,3,ec a7 80 3f 0a,286,709,contains_whitespace;control_char,control;hangul;punct_symbol;whitespace,True,
3592,merge,소년,'소년',6,2,ec 86 8c eb 85 84,595,629,,hangul,True,
3593,merge, 모르고,' 모르고',10,4,20 eb aa a8 eb a5 b4 ea b3 a0,937,277,contains_whitespace,hangul;whitespace,True,
3594,merge,ㅠㅠㅠㅠㅠㅠㅠㅠ,'ㅠㅠㅠㅠㅠㅠㅠㅠ',24,8,e3 85 a0 e3 85 a0 e3 85 a0 e3 85 a0 e3 85 a0 e3 85 a0 e3 85 a0 e3 85 a0,1797,1797,repeated_run,hangul,True,
3595,merge,자\n,'자\n',4,2,ec 9e 90 0a,392,14,contains_whitespace;control_char,control;hangul;whitespace,True,
3596,merge,젤,'젤',3,1,ec a0 a4,278,168,,hangul,True,
3597,merge,ST,'ST',2,2,53 54,87,88,,english,True,
3598,merge,발이,'발이',6,2,eb b0 9c ec 9d b4,867,267,,hangul,True,
3599,merge,줄알,'줄알',6,2,ec a4 84 ec 95 8c,840,1073,,hangul,True,
3600,merge,제작,'제작',6,2,ec a0 9c ec 9e 91,510,423,,hangul,True,
3601,merge, 이런거,' 이런거',10,4,20 ec 9d b4 eb 9f b0 ea b1 b0,631,385,contains_whitespace,hangul;whitespace,True,
3602,merge,의미,'의미',6,2,ec 9d 98 eb af b8,310,497,,hangul,True,
3603,merge, 러브,' 러브',7,3,20 eb 9f ac eb b8 8c,3547,2491,contains_whitespace,hangul;whitespace,True,
3604,merge,봐라,'봐라',6,2,eb b4 90 eb 9d bc,898,330,,hangul,True,
3605,merge,ㅜㅜ\n,'ㅜㅜ\n',7,3,e3 85 9c e3 85 9c 0a,1252,14,contains_whitespace;control_char,control;hangul;whitespace,True,
3606,merge,겠다\n,'겠다\n',7,3,ea b2 a0 eb 8b a4 0a,551,402,contains_whitespace;control_char,control;hangul;whitespace,True,
3607,merge,봐서,'봐서',6,2,eb b4 90 ec 84 9c,898,321,,hangul,True,
3608,merge, 돋보,' 돋보',7,3,20 eb 8f 8b eb b3 b4,2425,374,contains_whitespace,hangul;whitespace,True,
3609,merge, 다운받,' 다운받',10,4,20 eb 8b a4 ec 9a b4 eb b0 9b,2742,1285,contains_whitespace,hangul;whitespace,True,
3610,merge,봐야,'봐야',6,2,eb b4 90 ec 95 bc,898,412,,hangul,True,
3611,merge, 놀라,' 놀라',7,3,20 eb 86 80 eb 9d bc,1454,330,contains_whitespace,hangul;whitespace,True,
3612,merge, 복수,' 복수',7,3,20 eb b3 b5 ec 88 98,1915,415,contains_whitespace,hangul;whitespace,True,
3613,merge,나가,'나가',6,2,eb 82 98 ea b0 80,320,290,,hangul,True,
3614,merge,어울,'어울',6,2,ec 96 b4 ec 9a b8,327,861,,hangul,True,
3615,merge,한건,'한건',6,2,ed 95 9c ea b1 b4,304,477,,hangul,True,
3616,merge, 긴,' 긴',4,2,20 ea b8 b4,36,669,contains_whitespace,hangul;whitespace,True,
3617,merge,도 별로,'도 별로',10,4,eb 8f 84 20 eb b3 84 eb a1 9c,296,1122,contains_whitespace,hangul;whitespace,True,
3618,merge,,b'\xb2\x84',2,0,b2 84,182,136,invalid_utf8,invalid_utf8,False,'utf-8' codec can't decode byte 0xb2 in position 0: invalid start byte
3619,merge, 나머,' 나머',7,3,20 eb 82 98 eb a8 b8,408,1058,contains_whitespace,hangul;whitespace,True,
3620,merge,재미있게,'재미있게',12,4,ec 9e ac eb af b8 ec 9e 88 ea b2 8c,1272,319,,hangul,True,
3621,merge, 나라,' 나라',7,3,20 eb 82 98 eb 9d bc,408,330,contains_whitespace,hangul;whitespace,True,
3622,merge,애니,'애니',6,2,ec 95 a0 eb 8b 88,798,336,,hangul,True,
3623,merge,총,'총',3,1,ec b4 9d,1205,161,,hangul,True,
3624,merge, 후반부,' 후반부',10,4,20 ed 9b 84 eb b0 98 eb b6 80,2616,523,contains_whitespace,hangul;whitespace,True,
3625,merge, 아닌가,' 아닌가',10,4,20 ec 95 84 eb 8b 8c ea b0 80,1111,290,contains_whitespace,hangul;whitespace,True,
3626,merge,★,'★',3,1,e2 98 85,3249,137,,punct_symbol,True,
3627,merge,라스,'라스',6,2,eb 9d bc ec 8a a4,330,371,,hangul,True,
3628,merge, 15,' 15',3,3,20 31 35,505,57,contains_whitespace,digit;whitespace,True,
3629,merge, :,' :',2,2,20 3a,36,62,contains_whitespace,punct_symbol;whitespace,True,
3630,merge, 아름다움,' 아름다움',13,5,20 ec 95 84 eb a6 84 eb 8b a4 ec 9b 80,1327,894,contains_whitespace,hangul;whitespace,True,
3631,merge, 줘,' 줘',4,2,20 ec a4 98,548,156,contains_whitespace,hangul;whitespace,True,
3632,merge, 소재를,' 소재를',10,4,20 ec 86 8c ec 9e ac eb a5 bc,2412,829,contains_whitespace,hangul;whitespace,True,
3633,merge, 설명,' 설명',7,3,20 ec 84 a4 eb aa 85,1130,713,contains_whitespace,hangul;whitespace,True,
3634,merge, 망작,' 망작',7,3,20 eb a7 9d ec 9e 91,1200,423,contains_whitespace,hangul;whitespace,True,
3635,merge,..\n아,'..\n아',6,4,2e 2e 0a ec 95 84,487,338,contains_whitespace;control_char,control;hangul;punct_symbol;whitespace,True,
3636,merge, 생각보다,' 생각보다',13,5,20 ec 83 9d ea b0 81 eb b3 b4 eb 8b a4,581,691,contains_whitespace,hangul;whitespace,True,
3637,merge, 좋았다.,' 좋았다.',11,5,20 ec a2 8b ec 95 98 eb 8b a4 2e,860,369,contains_whitespace,hangul;punct_symbol;whitespace,True,
3638,merge,식으로,'식으로',9,3,ec 8b 9d ec 9c bc eb a1 9c,882,432,,hangul,True,
3639,merge,애들,'애들',6,2,ec 95 a0 eb 93 a4,798,334,,hangul,True,
3640,merge,인거,'인거',6,2,ec 9d b8 ea b1 b0,341,385,,hangul,True,
3641,merge,걍,'걍',3,1,ea b1 8d,335,145,,hangul,True,
3642,merge,,b'\xec\x8e',2,0,ec 8e,240,146,invalid_utf8,invalid_utf8,False,'utf-8' codec can't decode bytes in position 0-1: unexpected end of data
3643,merge, 말이 필요,' 말이 필요',14,6,20 eb a7 90 ec 9d b4 20 ed 95 84 ec 9a 94,1626,1308,contains_whitespace,hangul;whitespace,True,
3644,merge,습니다 ,'습니다 ',10,4,ec 8a b5 eb 8b 88 eb 8b a4 20,557,896,contains_whitespace,hangul;whitespace,True,
3645,merge,자들,'자들',6,2,ec 9e 90 eb 93 a4,392,334,,hangul,True,
3646,merge, 다행,' 다행',7,3,20 eb 8b a4 ed 96 89,416,967,contains_whitespace,hangul;whitespace,True,
3647,merge, 판타지,' 판타지',10,4,20 ed 8c 90 ed 83 80 ec a7 80,3040,286,contains_whitespace,hangul;whitespace,True,
3648,merge, 대한,' 대한',7,3,20 eb 8c 80 ed 95 9c,513,304,contains_whitespace,hangul;whitespace,True,
3649,merge,,b'\x80\xeb\xa1\x9c',4,0,80 eb a1 9c,132,325,invalid_utf8,invalid_utf8,False,'utf-8' codec can't decode byte 0x80 in position 0: invalid start byte
3650,merge,지...\n,'지...\n',7,5,ec a7 80 2e 2e 2e 0a,286,475,contains_whitespace;control_char;repeated_run,control;hangul;punct_symbol;whitespace,True,
3651,merge, 역대,' 역대',7,3,20 ec 97 ad eb 8c 80,843,390,contains_whitespace,hangul;whitespace,True,
3652,merge,한 액션,'한 액션',10,4,ed 95 9c 20 ec 95 a1 ec 85 98,304,936,contains_whitespace,hangul;whitespace,True,
3653,merge,았던,'았던',6,2,ec 95 98 eb 8d 98,467,596,,hangul,True,
3654,merge, 제가,' 제가',7,3,20 ec a0 9c ea b0 80,607,290,contains_whitespace,hangul;whitespace,True,
3655,merge, 무조건,' 무조건',10,4,20 eb ac b4 ec a1 b0 ea b1 b4,554,2975,contains_whitespace,hangul;whitespace,True,
3656,merge,아니라,'아니라',9,3,ec 95 84 eb 8b 88 eb 9d bc,2773,317,,hangul,True,
3657,merge,냐?\n,'냐?\n',5,3,eb 83 90 3f 0a,719,709,contains_whitespace;control_char,control;hangul;punct_symbol;whitespace,True,
3658,merge,뭐야,'뭐야',6,2,eb ad 90 ec 95 bc,1112,412,,hangul,True,
3659,merge,킹,'킹',3,1,ed 82 b9,763,189,,hangul,True,
3660,merge, 놈,' 놈',4,2,20 eb 86 88,775,140,contains_whitespace,hangul;whitespace,True,
3661,merge,리네,'리네',6,2,eb a6 ac eb 84 a4,748,865,,hangul,True,
3662,merge, 것도,' 것도',7,3,20 ea b2 83 eb 8f 84,661,296,contains_whitespace,hangul;whitespace,True,
3663,merge, 병맛,' 병맛',7,3,20 eb b3 91 eb a7 9b,2498,2077,contains_whitespace,hangul;whitespace,True,
3664,merge, 곳,' 곳',4,2,20 ea b3 b3,1635,183,contains_whitespace,hangul;whitespace,True,
3665,merge,,b' \xec\xbf',3,0,20 ec bf,260,195,invalid_utf8,invalid_utf8,False,'utf-8' codec can't decode bytes in position 1-2: unexpected end of data
3666,merge,리면,'리면',6,2,eb a6 ac eb a9 b4,748,1621,,hangul,True,
3667,merge,이 안,'이 안',7,3,ec 9d b4 20 ec 95 88,267,568,contains_whitespace,hangul;whitespace,True,
3668,merge,나면,'나면',6,2,eb 82 98 eb a9 b4,320,356,,hangul,True,
3669,merge, 이기,' 이기',7,3,20 ec 9d b4 ea b8 b0,322,303,contains_whitespace,hangul;whitespace,True,
3670,merge, 얻,' 얻',4,2,20 ec 96 bb,623,191,contains_whitespace,hangul;whitespace,True,
3671,merge,춰,'춰',3,1,ec b6 b0,524,180,,hangul,True,
3672,merge,\n최고의,'\n최고의',10,4,0a ec b5 9c ea b3 a0 ec 9d 98,1675,310,contains_whitespace;control_char,control;hangul;whitespace,True,
3673,merge, 악역,' 악역',7,3,20 ec 95 85 ec 97 ad,1595,822,contains_whitespace,hangul;whitespace,True,
3674,merge,자를,'자를',6,2,ec 9e 90 eb a5 bc,392,382,,hangul,True,
3675,merge, 넣,' 넣',4,2,20 eb 84 a3,396,167,contains_whitespace,hangul;whitespace,True,
3676,merge,리아,'리아',6,2,eb a6 ac ec 95 84,332,338,,hangul,True,
3677,merge,관객,'관객',6,2,ea b4 80 ea b0 9d,825,1587,,hangul,True,
3678,merge, 용서,' 용서',7,3,20 ec 9a a9 ec 84 9c,1869,321,contains_whitespace,hangul;whitespace,True,
3679,merge,..이,'..이',5,3,2e 2e ec 9d b4,266,267,,hangul;punct_symbol,True,
3680,merge,,b'\xeb\xbf',2,0,eb bf,239,195,invalid_utf8,invalid_utf8,False,'utf-8' codec can't decode bytes in position 0-1: unexpected end of data
3681,merge, ㅅ,' ㅅ',4,2,20 e3 85 85,1786,137,contains_whitespace,hangul;whitespace,True,
3682,merge,,b'\xa9\x94\xec\x9d\xb4\xed\x81\xac',8,0,a9 94 ec 9d b4 ed 81 ac,1489,1219,invalid_utf8,invalid_utf8,False,'utf-8' codec can't decode byte 0xa9 in position 0: invalid start byte
3683,merge,한듯,'한듯',6,2,ed 95 9c eb 93 af,304,613,,hangul,True,
3684,merge, 나쁘,' 나쁘',7,3,20 eb 82 98 ec 81 98,408,1220,contains_whitespace,hangul;whitespace,True,
3685,merge, 재미있어요,' 재미있어요',16,6,20 ec 9e ac eb af b8 ec 9e 88 ec 96 b4 ec 9a 94,771,540,contains_whitespace,hangul;whitespace,True,
3686,merge,치게,'치게',6,2,ec b9 98 ea b2 8c,516,319,,hangul,True,
3687,merge,리웃,'리웃',6,2,eb a6 ac ec 9b 83,332,1229,,hangul,True,
3688,merge, 그래픽,' 그래픽',10,4,20 ea b7 b8 eb 9e 98 ed 94 bd,1142,2469,contains_whitespace,hangul;whitespace,True,
3689,merge, 감독님,' 감독님',10,4,20 ea b0 90 eb 8f 85 eb 8b 98,741,852,contains_whitespace,hangul;whitespace,True,
3690,merge,냈,'냈',3,1,eb 83 88,474,140,,hangul,True,
3691,merge,걸로,'걸로',6,2,ea b1 b8 eb a1 9c,643,325,,hangul,True,
3692,merge,\n아이,'\n아이',7,3,0a ec 95 84 ec 9d b4,872,267,contains_whitespace;control_char,control;hangul;whitespace,True,
3693,merge,,b'\x92\xb7',2,0,92 b7,150,187,invalid_utf8,invalid_utf8,False,'utf-8' codec can't decode byte 0x92 in position 0: invalid start byte
3694,merge, 희망,' 희망',7,3,20 ed 9d ac eb a7 9d,2292,727,contains_whitespace,hangul;whitespace,True,
3695,merge, 재미있는,' 재미있는',13,5,20 ec 9e ac eb af b8 ec 9e 88 eb 8a 94,771,272,contains_whitespace,hangul;whitespace,True,
3696,merge,뇌,'뇌',3,1,eb 87 8c,239,2658,,hangul,True,
3697,merge,200,'200',3,3,32 30 30,54,1070,,digit,True,
3698,merge, 뜨,' 뜨',4,2,20 eb 9c a8,1912,172,contains_whitespace,hangul;whitespace,True,
3699,merge, 취향,' 취향',7,3,20 ec b7 a8 ed 96 a5,2417,1532,contains_whitespace,hangul;whitespace,True,
3700,merge,풀,'풀',3,1,ed 92 80,645,132,,hangul,True,
3701,merge,과는,'과는',6,2,ea b3 bc eb 8a 94,441,272,,hangul,True,
3702,merge, 송,' 송',4,2,20 ec 86 a1,777,165,contains_whitespace,hangul;whitespace,True,
3703,merge, 사랑을,' 사랑을',10,4,20 ec 82 ac eb 9e 91 ec 9d 84,819,318,contains_whitespace,hangul;whitespace,True,
3704,merge, 재미 없,' 재미 없',11,5,20 ec 9e ac eb af b8 20 ec 97 86,461,409,contains_whitespace,hangul;whitespace,True,
3705,merge, SF,' SF',3,3,20 53 46,2794,74,contains_whitespace,english;whitespace,True,
3706,merge, 딴,' 딴',4,2,20 eb 94 b4,668,184,contains_whitespace,hangul;whitespace,True,
3707,merge, 10년,' 10년',6,4,20 31 30 eb 85 84,505,1115,contains_whitespace,digit;hangul;whitespace,True,
3708,merge,마이,'마이',6,2,eb a7 88 ec 9d b4,400,267,,hangul,True,
3709,merge, 신기,' 신기',7,3,20 ec 8b a0 ea b8 b0,889,303,contains_whitespace,hangul;whitespace,True,
3710,merge,도는,'도는',6,2,eb 8f 84 eb 8a 94,296,272,,hangul,True,
3711,merge,롯,'롯',3,1,eb a1 af,312,179,,hangul,True,
3712,merge, 3점,' 3점',5,3,20 33 ec a0 90,965,366,contains_whitespace,digit;hangul;whitespace,True,
3713,merge,tv,'tv',2,2,74 76,120,122,,english,True,
3714,merge,,b' \xed\x80',3,0,20 ed 80,297,132,invalid_utf8,invalid_utf8,False,'utf-8' codec can't decode bytes in position 1-2: unexpected end of data
3715,merge, 200,' 200',4,4,20 32 30 30,809,1070,contains_whitespace,digit;whitespace,True,
3716,merge,려다,'려다',6,2,eb a0 a4 eb 8b a4,512,268,,hangul,True,
3717,merge,여기,'여기',6,2,ec 97 ac ea b8 b0,508,303,,hangul,True,
3718,merge,슬프,'슬프',6,2,ec 8a ac ed 94 84,1790,837,,hangul,True,
3719,merge,마스,'마스',6,2,eb a7 88 ec 8a a4,400,371,,hangul,True,
3720,merge, 북,' 북',4,2,20 eb b6 81,479,133,contains_whitespace,hangul;whitespace,True,
3721,merge, 피해,' 피해',7,3,20 ed 94 bc ed 95 b4,1383,355,contains_whitespace,hangul;whitespace,True,
3722,merge,연걸,'연걸',6,2,ec 97 b0 ea b1 b8,483,643,,hangul,True,
3723,merge, 흘러,' 흘러',7,3,20 ed 9d 98 eb 9f ac,2136,552,contains_whitespace,hangul;whitespace,True,
3724,merge,장이,'장이',6,2,ec 9e a5 ec 9d b4,425,267,,hangul,True,
3725,merge,,b'\xe2\x80',2,0,e2 80,230,132,invalid_utf8,invalid_utf8,False,'utf-8' codec can't decode bytes in position 0-1: unexpected end of data
3726,merge,쁨,'쁨',3,1,ec 81 a8,919,172,,hangul,True,
3727,merge, 아까운 영화,' 아까운 영화',17,7,20 ec 95 84 ea b9 8c ec 9a b4 20 ec 98 81 ed 99 94,1087,1588,contains_whitespace,hangul;whitespace,True,
3728,merge,공감,'공감',6,2,ea b3 b5 ea b0 90,499,586,,hangul,True,
3729,merge,\n1,'\n1',2,2,0a 31,14,53,contains_whitespace;control_char,control;digit;whitespace,True,
3730,merge,은영화,'은영화',9,3,ec 9d 80 ec 98 81 ed 99 94,313,367,,hangul,True,
3731,merge,내는,'내는',6,2,eb 82 b4 eb 8a 94,453,272,,hangul,True,
3732,merge,\n웃,'\n웃',4,2,0a ec 9b 83,1564,135,contains_whitespace;control_char,control;hangul;whitespace,True,
3733,merge, 홍콩,' 홍콩',7,3,20 ed 99 8d ec bd a9,1970,2486,contains_whitespace,hangul;whitespace,True,
3734,merge,원작,'원작',6,2,ec 9b 90 ec 9e 91,736,423,,hangul,True,
3735,merge,하면서도,'하면서도',12,4,ed 95 98 eb a9 b4 ec 84 9c eb 8f 84,1570,296,,hangul,True,
3736,merge, 스타일,' 스타일',10,4,20 ec 8a a4 ed 83 80 ec 9d bc,2259,518,contains_whitespace,hangul;whitespace,True,
3737,merge,정을,'정을',6,2,ec a0 95 ec 9d 84,395,318,,hangul,True,
3738,merge,밋,'밋',3,1,eb b0 8b,363,143,,hangul,True,
3739,merge,좋고,'좋고',6,2,ec a2 8b ea b3 a0,780,277,,hangul,True,
3740,merge, 쓰레기영화,' 쓰레기영화',16,6,20 ec 93 b0 eb a0 88 ea b8 b0 ec 98 81 ed 99 94,839,367,contains_whitespace,hangul;whitespace,True,
3741,merge,중 하나,'중 하나',10,4,ec a4 91 20 ed 95 98 eb 82 98,559,912,contains_whitespace,hangul;whitespace,True,
3742,merge,소재,'소재',6,2,ec 86 8c ec 9e ac,595,761,,hangul,True,
3743,merge,끈,'끈',3,1,eb 81 88,665,140,,hangul,True,
3744,merge, 워,' 워',4,2,20 ec 9b 8c,565,144,contains_whitespace,hangul;whitespace,True,
3745,merge, 견,' 견',4,2,20 ea b2 ac,587,176,contains_whitespace,hangul;whitespace,True,
3746,merge, 하는데,' 하는데',10,4,20 ed 95 98 eb 8a 94 eb 8d b0,411,393,contains_whitespace,hangul;whitespace,True,
3747,merge, 있었,' 있었',7,3,20 ec 9e 88 ec 97 88,431,405,contains_whitespace,hangul;whitespace,True,
3748,merge,있게,'있게',6,2,ec 9e 88 ea b2 8c,421,319,,hangul,True,
3749,merge, 그게,' 그게',7,3,20 ea b7 b8 ea b2 8c,359,319,contains_whitespace,hangul;whitespace,True,
3750,merge,였는데,'였는데',9,3,ec 98 80 eb 8a 94 eb 8d b0,641,393,,hangul,True,
3751,merge,,b'\xac\xeb\x93\x9c',4,0,ac eb 93 9c,294,2490,invalid_utf8,invalid_utf8,False,'utf-8' codec can't decode byte 0xac in position 0: invalid start byte
3752,merge,,b'\xeb\xbd',2,0,eb bd,239,193,invalid_utf8,invalid_utf8,False,'utf-8' codec can't decode bytes in position 0-1: unexpected end of data
3753,merge,심히,'심히',6,2,ec 8b ac ed 9e 88,673,503,,hangul,True,
3754,merge, 좋은영화,' 좋은영화',13,5,20 ec a2 8b ec 9d 80 ec 98 81 ed 99 94,969,367,contains_whitespace,hangul;whitespace,True,
3755,merge,낼,'낼',3,1,eb 82 bc,291,192,,hangul,True,
3756,merge, 메세,' 메세',7,3,20 eb a9 94 ec 84 b8,1666,564,contains_whitespace,hangul;whitespace,True,
3757,merge, 다가,' 다가',7,3,20 eb 8b a4 ea b0 80,416,290,contains_whitespace,hangul;whitespace,True,
3758,merge, 원작을,' 원작을',10,4,20 ec 9b 90 ec 9e 91 ec 9d 84,1533,318,contains_whitespace,hangul;whitespace,True,
3759,merge,분에,'분에',6,2,eb b6 84 ec 97 90,546,300,,hangul,True,
3760,merge, 넘어,' 넘어',7,3,20 eb 84 98 ec 96 b4,908,327,contains_whitespace,hangul;whitespace,True,
3761,merge, 인상깊,' 인상깊',10,4,20 ec 9d b8 ec 83 81 ea b9 8a,1853,2047,contains_whitespace,hangul;whitespace,True,
3762,merge, 올,' 올',4,2,20 ec 98 ac,456,176,contains_whitespace,hangul;whitespace,True,
3763,merge,지만..,'지만..',8,4,ec a7 80 eb a7 8c 2e 2e,436,266,,hangul;punct_symbol,True,
3764,merge,뻔한,'뻔한',6,2,eb bb 94 ed 95 9c,1436,304,,hangul,True,
3765,merge,,b' \xeb\x9e',3,0,20 eb 9e,261,162,invalid_utf8,invalid_utf8,False,'utf-8' codec can't decode bytes in position 1-2: unexpected end of data
3766,merge, 기대하고,' 기대하고',13,5,20 ea b8 b0 eb 8c 80 ed 95 98 ea b3 a0,977,437,contains_whitespace,hangul;whitespace,True,
3767,merge,..그,'..그',5,3,2e 2e ea b7 b8,266,460,,hangul;punct_symbol,True,
3768,merge,에 속,'에 속',7,3,ec 97 90 20 ec 86 8d,300,1279,contains_whitespace,hangul;whitespace,True,
3769,merge,\n초반,'\n초반',7,3,0a ec b4 88 eb b0 98,2195,1631,contains_whitespace;control_char,control;hangul;whitespace,True,
3770,merge,리들,'리들',6,2,eb a6 ac eb 93 a4,748,1551,,hangul,True,
3771,merge,는지 모르겠,'는지 모르겠',16,6,eb 8a 94 ec a7 80 20 eb aa a8 eb a5 b4 ea b2 a0,945,1268,contains_whitespace,hangul;whitespace,True,
3772,merge,구려,'구려',6,2,ea b5 ac eb a0 a4,354,1941,,hangul,True,
3773,merge,아아,'아아',6,2,ec 95 84 ec 95 84,338,338,,hangul,True,
3774,merge, 아까워,' 아까워',10,4,20 ec 95 84 ea b9 8c ec 9b 8c,1087,754,contains_whitespace,hangul;whitespace,True,
3775,merge, 나가,' 나가',7,3,20 eb 82 98 ea b0 80,408,290,contains_whitespace,hangul;whitespace,True,
3776,merge,,b'\xac\xeb\x93\xa4',4,0,ac eb 93 a4,294,1551,invalid_utf8,invalid_utf8,False,'utf-8' codec can't decode byte 0xac in position 0: invalid start byte
3777,merge,떨어,'떨어',6,2,eb 96 a8 ec 96 b4,849,1150,,hangul,True,
3778,merge, 전기세가,' 전기세가',13,5,20 ec a0 84 ea b8 b0 ec 84 b8 ea b0 80,3219,3162,contains_whitespace,hangul;whitespace,True,
3779,merge,뭘,'뭘',3,1,eb ad 98,853,156,,hangul,True,
3780,merge, 여성,' 여성',7,3,20 ec 97 ac ec 84 b1,622,500,contains_whitespace,hangul;whitespace,True,
3781,merge,하고싶,'하고싶',9,3,ed 95 98 ea b3 a0 ec 8b b6,437,881,,hangul,True,
3782,merge,,b'\x9c\x98',2,0,9c 98,160,156,invalid_utf8,invalid_utf8,False,'utf-8' codec can't decode byte 0x9c in position 0: invalid start byte
3783,merge, 프랑스,' 프랑스',10,4,20 ed 94 84 eb 9e 91 ec 8a a4,2196,2701,contains_whitespace,hangul;whitespace,True,
3784,merge, 작품\n,' 작품\n',8,4,20 ec 9e 91 ed 92 88 0a,885,14,contains_whitespace;control_char,control;hangul;whitespace,True,
3785,merge, 생각나,' 생각나',10,4,20 ec 83 9d ea b0 81 eb 82 98,581,320,contains_whitespace,hangul;whitespace,True,
3786,merge,\n이렇게,'\n이렇게',10,4,0a ec 9d b4 eb a0 87 ea b2 8c,558,737,contains_whitespace;control_char,control;hangul;whitespace,True,
3787,merge, 봤다.,' 봤다.',8,4,20 eb b4 a4 eb 8b a4 2e,480,369,contains_whitespace,hangul;punct_symbol;whitespace,True,
3788,merge,등학생,'등학생',9,3,eb 93 b1 ed 95 99 ec 83 9d,1189,2456,,hangul,True,
3789,merge, 사람을,' 사람을',10,4,20 ec 82 ac eb 9e 8c ec 9d 84,695,318,contains_whitespace,hangul;whitespace,True,
3790,merge,궁,'궁',3,1,ea b6 81,1420,133,,hangul,True,
3791,merge, 현대,' 현대',7,3,20 ed 98 84 eb 8c 80,984,390,contains_whitespace,hangul;whitespace,True,
3792,merge,화가,'화가',6,2,ed 99 94 ea b0 80,279,290,,hangul,True,
3793,merge,나\n,'나\n',4,2,eb 82 98 0a,320,14,contains_whitespace;control_char,control;hangul;whitespace,True,
3794,merge,보지마,'보지마',9,3,eb b3 b4 ec a7 80 eb a7 88,374,1687,,hangul,True,
3795,merge, 했던,' 했던',7,3,20 ed 96 88 eb 8d 98,714,811,contains_whitespace,hangul;whitespace,True,
3796,merge,도가,'도가',6,2,eb 8f 84 ea b0 80,296,290,,hangul,True,
3797,merge,하다..,'하다..',8,4,ed 95 98 eb 8b a4 2e 2e,289,717,,hangul;punct_symbol,True,
3798,merge,OST,'OST',3,3,4f 53 54,83,3597,,english,True,
3799,merge,을 잃,'을 잃',7,3,ec 9d 84 20 ec 9e 83,318,2598,contains_whitespace,hangul;whitespace,True,
3800,merge, ..\n,' ..\n',4,4,20 2e 2e 0a,36,487,contains_whitespace;control_char,control;punct_symbol;whitespace,True,
3801,merge, 주인공의,' 주인공의',13,5,20 ec a3 bc ec 9d b8 ea b3 b5 ec 9d 98,1209,310,contains_whitespace,hangul;whitespace,True,
3802,merge, 맞는,' 맞는',7,3,20 eb a7 9e eb 8a 94,1186,272,contains_whitespace,hangul;whitespace,True,
3803,merge,흠,'흠',3,1,ed 9d a0,799,164,,hangul,True,
3804,merge,오늘,'오늘',6,2,ec 98 a4 eb 8a 98,466,1435,,hangul,True,
3805,merge, 주고,' 주고',7,3,20 ec a3 bc ea b3 a0,563,277,contains_whitespace,hangul;whitespace,True,
3806,merge, 재미있었,' 재미있었',13,5,20 ec 9e ac eb af b8 ec 9e 88 ec 97 88,771,405,contains_whitespace,hangul;whitespace,True,
3807,merge, 정치,' 정치',7,3,20 ec a0 95 ec b9 98,430,516,contains_whitespace,hangul;whitespace,True,
3808,merge, 지금도,' 지금도',10,4,20 ec a7 80 ea b8 88 eb 8f 84,1227,296,contains_whitespace,hangul;whitespace,True,
3809,merge,an,'an',2,2,61 6e,101,114,,english,True,
3810,merge,\n별,'\n별',4,2,0a eb b3 84,14,1093,contains_whitespace;control_char,control;hangul;whitespace,True,
3811,merge,게 해준,'게 해준',10,4,ea b2 8c 20 ed 95 b4 ec a4 80,2267,657,contains_whitespace,hangul;whitespace,True,
3812,merge,만이,'만이',6,2,eb a7 8c ec 9d b4,328,267,,hangul,True,
3813,merge,속에서,'속에서',9,3,ec 86 8d ec 97 90 ec 84 9c,788,463,,hangul,True,
3814,merge,수 있는,'수 있는',10,4,ec 88 98 20 ec 9e 88 eb 8a 94,415,1178,contains_whitespace,hangul;whitespace,True,
3815,merge, 간만에,' 간만에',10,4,20 ea b0 84 eb a7 8c ec 97 90,1519,1065,contains_whitespace,hangul;whitespace,True,
3816,merge, 평론가,' 평론가',10,4,20 ed 8f 89 eb a1 a0 ea b0 80,1026,2606,contains_whitespace,hangul;whitespace,True,
3817,merge, 누군,' 누군',7,3,20 eb 88 84 ea b5 b0,1326,856,contains_whitespace,hangul;whitespace,True,
3818,merge, 밀,' 밀',4,2,20 eb b0 80,376,132,contains_whitespace,hangul;whitespace,True,
3819,merge,푸,'푸',3,1,ed 91 b8,2932,188,,hangul,True,
3820,merge,기분,'기분',6,2,ea b8 b0 eb b6 84,303,546,,hangul,True,
3821,merge, 중반,' 중반',7,3,20 ec a4 91 eb b0 98,729,878,contains_whitespace,hangul;whitespace,True,
3822,merge, 이런영화,' 이런영화',13,5,20 ec 9d b4 eb 9f b0 ec 98 81 ed 99 94,631,367,contains_whitespace,hangul;whitespace,True,
3823,merge, 돌려,' 돌려',7,3,20 eb 8f 8c eb a0 a4,1360,512,contains_whitespace,hangul;whitespace,True,
3824,merge, 천재,' 천재',7,3,20 ec b2 9c ec 9e ac,1857,761,contains_whitespace,hangul;whitespace,True,
3825,merge,,b'\xec\x8f',2,0,ec 8f,240,147,invalid_utf8,invalid_utf8,False,'utf-8' codec can't decode bytes in position 0-1: unexpected end of data
3826,merge, 재미가 없,' 재미가 없',14,6,20 ec 9e ac eb af b8 ea b0 80 20 ec 97 86,461,1161,contains_whitespace,hangul;whitespace,True,
3827,merge, 무서운,' 무서운',10,4,20 eb ac b4 ec 84 9c ec 9a b4,1881,492,contains_whitespace,hangul;whitespace,True,
3828,merge,???\n,'???\n',4,4,3f 3f 3f 0a,611,709,contains_whitespace;control_char;repeated_run,control;punct_symbol;whitespace,True,
3829,merge,판에,'판에',6,2,ed 8c 90 ec 97 90,941,300,,hangul,True,
3830,merge,말고,'말고',6,2,eb a7 90 ea b3 a0,381,277,,hangul,True,
3831,merge, TV,' TV',3,3,20 54 56,36,2504,contains_whitespace,english;whitespace,True,
3832,merge,;;;\n,';;;\n',4,4,3b 3b 3b 0a,637,1865,contains_whitespace;control_char;repeated_run,control;punct_symbol;whitespace,True,
3833,merge, 완성도,' 완성도',10,4,20 ec 99 84 ec 84 b1 eb 8f 84,1522,2163,contains_whitespace,hangul;whitespace,True,
3834,merge,\n최,'\n최',4,2,0a ec b5 9c,353,424,contains_whitespace;control_char,control;hangul;whitespace,True,
3835,merge,하기만,'하기만',9,3,ed 95 98 ea b8 b0 eb a7 8c,1106,328,,hangul,True,
3836,merge,다 진짜,'다 진짜',10,4,eb 8b a4 20 ec a7 84 ec a7 9c,268,601,contains_whitespace,hangul;whitespace,True,
3837,merge, 깜,' 깜',4,2,20 ea b9 9c,688,160,contains_whitespace,hangul;whitespace,True,
3838,merge, 감명,' 감명',7,3,20 ea b0 90 eb aa 85,808,713,contains_whitespace,hangul;whitespace,True,
3839,merge,,b' \xec\x83\x88\xeb\xa1',6,0,20 ec 83 88 eb a1,429,2839,invalid_utf8,invalid_utf8,False,'utf-8' codec can't decode bytes in position 4-5: unexpected end of data
3840,merge, 이런 영화가,' 이런 영화가',17,7,20 ec 9d b4 eb 9f b0 20 ec 98 81 ed 99 94 ea b0 80,631,964,contains_whitespace,hangul;whitespace,True,
3841,merge,깔,'깔',3,1,ea b9 94,362,152,,hangul,True,
3842,merge,시간이,'시간이',9,3,ec 8b 9c ea b0 84 ec 9d b4,966,267,,hangul,True,
3843,merge,오는,'오는',6,2,ec 98 a4 eb 8a 94,466,272,,hangul,True,
3844,merge,내고,'내고',6,2,eb 82 b4 ea b3 a0,453,277,,hangul,True,
3845,merge, 웬,' 웬',4,2,20 ec 9b ac,565,176,contains_whitespace,hangul;whitespace,True,
3846,merge, 아마,' 아마',7,3,20 ec 95 84 eb a7 88,349,400,contains_whitespace,hangul;whitespace,True,
3847,merge,릴적,'릴적',6,2,eb a6 b4 ec a0 81,767,417,,hangul,True,
3848,merge,????????,'????????',8,8,3f 3f 3f 3f 3f 3f 3f 3f,1680,1680,repeated_run,punct_symbol,True,
3849,merge, 경찰,' 경찰',7,3,20 ea b2 bd ec b0 b0,1525,2281,contains_whitespace,hangul;whitespace,True,
3850,merge,어디,'어디',6,2,ec 96 b4 eb 94 94,327,608,,hangul,True,
3851,merge,은 왜,'은 왜',7,3,ec 9d 80 20 ec 99 9c,313,628,contains_whitespace,hangul;whitespace,True,
3852,merge,,b' \xeb\xb0\x94\xeb\x80',6,0,20 eb b0 94 eb 80,833,3398,invalid_utf8,invalid_utf8,False,'utf-8' codec can't decode bytes in position 4-5: unexpected end of data
3853,merge,~!!,'~!!',3,3,7e 21 21,130,384,,punct_symbol,True,
3854,merge,하려는,'하려는',9,3,ed 95 98 eb a0 a4 eb 8a 94,289,2168,,hangul,True,
3855,merge,는 영화는,'는 영화는',13,5,eb 8a 94 20 ec 98 81 ed 99 94 eb 8a 94,537,272,contains_whitespace,hangul;whitespace,True,
3856,merge,배경,'배경',6,2,eb b0 b0 ea b2 bd,1294,870,,hangul,True,
3857,merge, 어렵,' 어렵',7,3,20 ec 96 b4 eb a0 b5,455,3154,contains_whitespace,hangul;whitespace,True,
3858,merge,이렇게,'이렇게',9,3,ec 9d b4 eb a0 87 ea b2 8c,267,737,,hangul,True,
3859,merge, 무시,' 무시',7,3,20 eb ac b4 ec 8b 9c,554,365,contains_whitespace,hangul;whitespace,True,
3860,merge, 재미없고,' 재미없고',13,5,20 ec 9e ac eb af b8 ec 97 86 ea b3 a0,818,277,contains_whitespace,hangul;whitespace,True,
3861,merge, 아프,' 아프',7,3,20 ec 95 84 ed 94 84,349,837,contains_whitespace,hangul;whitespace,True,
3862,merge,맘,'맘',3,1,eb a7 98,275,156,,hangul,True,
3863,merge,\n소재,'\n소재',7,3,0a ec 86 8c ec 9e ac,2104,761,contains_whitespace;control_char,control;hangul;whitespace,True,
3864,merge, 감성,' 감성',7,3,20 ea b0 90 ec 84 b1,808,500,contains_whitespace,hangul;whitespace,True,
3865,merge,새끼,'새끼',6,2,ec 83 88 eb 81 bc,361,2822,,hangul,True,
3866,merge, 배우가,' 배우가',10,4,20 eb b0 b0 ec 9a b0 ea b0 80,735,290,contains_whitespace,hangul;whitespace,True,
3867,merge,하던,'하던',6,2,ed 95 98 eb 8d 98,289,596,,hangul,True,
3868,merge,ar,'ar',2,2,61 72,101,118,,english,True,
3869,merge, 그럴,' 그럴',7,3,20 ea b7 b8 eb 9f b4,359,2242,contains_whitespace,hangul;whitespace,True,
3870,merge, 드라마.,' 드라마.',11,5,20 eb 93 9c eb 9d bc eb a7 88 2e,730,50,contains_whitespace,hangul;punct_symbol;whitespace,True,
3871,merge, ost,' ost',4,4,20 6f 73 74,2699,1957,contains_whitespace,english;whitespace,True,
3872,merge, 감동적인,' 감동적인',13,5,20 ea b0 90 eb 8f 99 ec a0 81 ec 9d b8,680,724,contains_whitespace,hangul;whitespace,True,
3873,merge, 진실,' 진실',7,3,20 ec a7 84 ec 8b a4,489,604,contains_whitespace,hangul;whitespace,True,
3874,merge,올,'올',3,1,ec 98 ac,360,176,,hangul,True,
3875,merge, 시간낭비,' 시간낭비',13,5,20 ec 8b 9c ea b0 84 eb 82 ad eb b9 84,897,2468,contains_whitespace,hangul;whitespace,True,
3876,merge,끼리,'끼리',6,2,eb 81 bc eb a6 ac,1079,332,,hangul,True,
3877,merge, ㅡㅡ\n,' ㅡㅡ\n',8,4,20 e3 85 a1 e3 85 a1 0a,1474,14,contains_whitespace;control_char,control;hangul;whitespace,True,
3878,merge,연기가,'연기가',9,3,ec 97 b0 ea b8 b0 ea b0 80,874,290,,hangul,True,
3879,merge,에 관,'에 관',7,3,ec 97 90 20 ea b4 80,300,1012,contains_whitespace,hangul;whitespace,True,
3880,merge,으론,'으론',6,2,ec 9c bc eb a1 a0,378,1046,,hangul,True,
3881,merge,메라,'메라',6,2,eb a9 94 eb 9d bc,1401,330,,hangul,True,
3882,merge,껄,'껄',3,1,ea bb 84,812,136,,hangul,True,
3883,merge,,b'\xb1\x99',2,0,b1 99,181,157,invalid_utf8,invalid_utf8,False,'utf-8' codec can't decode byte 0xb1 in position 0: invalid start byte
3884,merge, 허술,' 허술',7,3,20 ed 97 88 ec 88 a0,1181,1174,contains_whitespace,hangul;whitespace,True,
3885,merge, 불륜,' 불륜',7,3,20 eb b6 88 eb a5 9c,2202,2870,contains_whitespace,hangul;whitespace,True,
3886,merge, 놀랍,' 놀랍',7,3,20 eb 86 80 eb 9e 8d,1454,2396,contains_whitespace,hangul;whitespace,True,
3887,merge,도 안되는,'도 안되는',13,5,eb 8f 84 20 ec 95 88 eb 90 98 eb 8a 94,2520,272,contains_whitespace,hangul;whitespace,True,
3888,merge,에 낚,'에 낚',7,3,ec 97 90 20 eb 82 9a,300,2005,contains_whitespace,hangul;whitespace,True,
3889,merge, 평점이 너무,' 평점이 너무',17,7,20 ed 8f 89 ec a0 90 ec 9d b4 20 eb 84 88 eb ac b4,648,1066,contains_whitespace,hangul;whitespace,True,
3890,merge,해보,'해보',6,2,ed 95 b4 eb b3 b4,355,374,,hangul,True,
3891,merge, 부터,' 부터',7,3,20 eb b6 80 ed 84 b0,705,547,contains_whitespace,hangul;whitespace,True,
3892,merge, 알아,' 알아',7,3,20 ec 95 8c ec 95 84,630,338,contains_whitespace,hangul;whitespace,True,
3893,merge,나왔,'나왔',6,2,eb 82 98 ec 99 94,320,1123,,hangul,True,
3894,merge, 모자,' 모자',7,3,20 eb aa a8 ec 9e 90,535,392,contains_whitespace,hangul;whitespace,True,
3895,merge, 합,' 합',4,2,20 ed 95 a9,774,173,contains_whitespace,hangul;whitespace,True,
3896,merge, +,' +',2,2,20 2b,36,47,contains_whitespace,punct_symbol;whitespace,True,
3897,merge,어린,'어린',6,2,ec 96 b4 eb a6 b0,327,757,,hangul,True,
3898,merge,dd,'dd',2,2,64 64,104,104,,english,True,
3899,merge,강추@,'강추@',7,3,ea b0 95 ec b6 94 40,2562,68,,hangul;punct_symbol,True,
3900,merge, 연출력,' 연출력',10,4,20 ec 97 b0 ec b6 9c eb a0 a5,1033,591,contains_whitespace,hangul;whitespace,True,
3901,merge,먹고,'먹고',6,2,eb a8 b9 ea b3 a0,1099,277,,hangul,True,
3902,merge,돌아,'돌아',6,2,eb 8f 8c ec 95 84,1597,338,,hangul,True,
3903,merge, 응,' 응',4,2,20 ec 9d 91,302,149,contains_whitespace,hangul;whitespace,True,
3904,merge,,b'\xed\x89',2,0,ed 89,241,141,invalid_utf8,invalid_utf8,False,'utf-8' codec can't decode bytes in position 0-1: unexpected end of data
3905,merge,4년,'4년',4,2,34 eb 85 84,56,629,,digit;hangul,True,
3906,merge,첨,'첨',3,1,ec b2 a8,407,172,,hangul,True,
3907,merge,네요..\n,'네요..\n',9,5,eb 84 a4 ec 9a 94 2e 2e 0a,471,487,contains_whitespace;control_char,control;hangul;punct_symbol;whitespace,True,
3908,merge,면서도,'면서도',9,3,eb a9 b4 ec 84 9c eb 8f 84,694,296,,hangul,True,
3909,merge,계속,'계속',6,2,ea b3 84 ec 86 8d,728,788,,hangul,True,
3910,merge,몸,'몸',3,1,eb aa b8,426,188,,hangul,True,
3911,merge, 사이,' 사이',7,3,20 ec 82 ac ec 9d b4,722,267,contains_whitespace,hangul;whitespace,True,
3912,merge,닫,'닫',3,1,eb 8b ab,263,175,,hangul,True,
3913,merge, 나타,' 나타',7,3,20 eb 82 98 ed 83 80,408,635,contains_whitespace,hangul;whitespace,True,
3914,merge,성룡,'성룡',6,2,ec 84 b1 eb a3 a1,500,1870,,hangul,True,
3915,merge,억지,'억지',6,2,ec 96 b5 ec a7 80,738,286,,hangul,True,
3916,merge,끝까지,'끝까지',9,3,eb 81 9d ea b9 8c ec a7 80,1585,634,,hangul,True,
3917,merge,럭저,'럭저',6,2,eb 9f ad ec a0 80,2316,667,,hangul,True,
3918,merge,럭저럭,'럭저럭',9,3,eb 9f ad ec a0 80 eb 9f ad,3917,2316,,hangul,True,
3919,merge,드가,'드가',6,2,eb 93 9c ea b0 80,462,290,,hangul,True,
3920,merge, .\n,' .\n',3,3,20 2e 0a,36,311,contains_whitespace;control_char,control;punct_symbol;whitespace,True,
3921,merge, 꿀잼,' 꿀잼',7,3,20 ea bf 80 ec 9e bc,1749,2318,contains_whitespace,hangul;whitespace,True,
3922,merge,ou,'ou',2,2,6f 75,115,121,,english,True,
3923,merge, 영원,' 영원',7,3,20 ec 98 81 ec 9b 90,879,736,contains_whitespace,hangul;whitespace,True,
3924,merge,나?\n,'나?\n',5,3,eb 82 98 3f 0a,320,709,contains_whitespace;control_char,control;hangul;punct_symbol;whitespace,True,
3925,merge,텔,'텔',3,1,ed 85 94,831,152,,hangul,True,
3926,merge,,b'\x89\xb4',2,0,89 b4,141,184,invalid_utf8,invalid_utf8,False,'utf-8' codec can't decode byte 0x89 in position 0: invalid start byte
3927,merge, 장면은,' 장면은',10,4,20 ec 9e a5 eb a9 b4 ec 9d 80,1008,313,contains_whitespace,hangul;whitespace,True,
3928,merge,,b'\xec\xa7\x88\xeb',4,0,ec a7 88 eb,273,306,invalid_utf8,invalid_utf8,False,'utf-8' codec can't decode byte 0xeb in position 3: unexpected end of data
3929,merge, 다시봐도,' 다시봐도',13,5,20 eb 8b a4 ec 8b 9c eb b4 90 eb 8f 84,828,1394,contains_whitespace,hangul;whitespace,True,
3930,merge, -_-,' -_-',4,4,20 2d 5f 2d,1844,1929,contains_whitespace,punct_symbol;whitespace,True,
3931,merge, 좋다,' 좋다',7,3,20 ec a2 8b eb 8b a4,406,268,contains_whitespace,hangul;whitespace,True,
3932,merge,스러움,'스러움',9,3,ec 8a a4 eb 9f ac ec 9b 80,1244,894,,hangul,True,
3933,merge,군\n,'군\n',4,2,ea b5 b0 0a,856,14,contains_whitespace;control_char,control;hangul;whitespace,True,
3934,merge, 아빠,' 아빠',7,3,20 ec 95 84 eb b9 a0,349,1203,contains_whitespace,hangul;whitespace,True,
3935,merge, 나의,' 나의',7,3,20 eb 82 98 ec 9d 98,408,310,contains_whitespace,hangul;whitespace,True,
3936,merge,찝,'찝',3,1,ec b0 9d,490,161,,hangul,True,
3937,merge,도 좋,'도 좋',7,3,eb 8f 84 20 ec a2 8b,296,406,contains_whitespace,hangul;whitespace,True,
3938,merge,었네요,'었네요',9,3,ec 97 88 eb 84 a4 ec 9a 94,270,1755,,hangul,True,
3939,merge,지.\n,'지.\n',5,3,ec a7 80 2e 0a,286,311,contains_whitespace;control_char,control;hangul;punct_symbol;whitespace,True,
3940,merge,엄마,'엄마',6,2,ec 97 84 eb a7 88,1576,400,,hangul,True,
3941,merge, 섬,' 섬',4,2,20 ec 84 ac,470,176,contains_whitespace,hangul;whitespace,True,
3942,merge,영화라고,'영화라고',12,4,ec 98 81 ed 99 94 eb 9d bc ea b3 a0,367,873,,hangul,True,
3943,merge,대사,'대사',6,2,eb 8c 80 ec 82 ac,390,544,,hangul,True,
3944,merge,모습,'모습',6,2,eb aa a8 ec 8a b5,789,501,,hangul,True,
3945,merge,나와,'나와',6,2,eb 82 98 ec 99 80,320,509,,hangul,True,
3946,merge, 싫어,' 싫어',7,3,20 ec 8b ab ec 96 b4,1819,327,contains_whitespace,hangul;whitespace,True,
3947,merge, 촌,' 촌',4,2,20 ec b4 8c,909,144,contains_whitespace,hangul;whitespace,True,
3948,merge,팔,'팔',3,1,ed 8c 94,522,152,,hangul,True,
3949,merge,내인생,'내인생',9,3,eb 82 b4 ec 9d b8 ec 83 9d,453,1856,,hangul,True,
3950,merge,,b'\xed\x9e\x88\xeb',4,0,ed 9e 88 eb,465,306,invalid_utf8,invalid_utf8,False,'utf-8' codec can't decode byte 0xeb in position 3: unexpected end of data
3951,merge,허접,'허접',6,2,ed 97 88 ec a0 91,1602,1417,,hangul,True,
3952,merge, 저렇게,' 저렇게',10,4,20 ec a0 80 eb a0 87 ea b2 8c,810,737,contains_whitespace,hangul;whitespace,True,
3953,merge,다는 것,'다는 것',10,4,eb 8b a4 eb 8a 94 20 ea b2 83,644,661,contains_whitespace,hangul;whitespace,True,
3954,merge, 그려,' 그려',7,3,20 ea b7 b8 eb a0 a4,359,512,contains_whitespace,hangul;whitespace,True,
3955,merge,,b'\xb6\x84',2,0,b6 84,186,136,invalid_utf8,invalid_utf8,False,'utf-8' codec can't decode byte 0xb6 in position 0: invalid start byte
3956,merge, 느꼈,' 느꼈',7,3,20 eb 8a 90 ea bc 88,609,3274,contains_whitespace,hangul;whitespace,True,
3957,merge, 팔,' 팔',4,2,20 ed 8c 94,785,152,contains_whitespace,hangul;whitespace,True,
3958,merge, 괜히,' 괜히',7,3,20 ea b4 9c ed 9e 88,2995,503,contains_whitespace,hangul;whitespace,True,
3959,merge,장르,'장르',6,2,ec 9e a5 eb a5 b4,425,576,,hangul,True,
3960,merge,마저,'마저',6,2,eb a7 88 ec a0 80,400,667,,hangul,True,
3961,merge, 짓,' 짓',4,2,20 ec a7 93,351,151,contains_whitespace,hangul;whitespace,True,
3962,merge,어보,'어보',6,2,ec 96 b4 eb b3 b4,327,374,,hangul,True,
3963,merge,성치,'성치',6,2,ec 84 b1 ec b9 98,500,516,,hangul,True,
3964,merge, 삶을,' 삶을',7,3,20 ec 82 b6 ec 9d 84,1720,318,contains_whitespace,hangul;whitespace,True,
3965,merge, 붙,' 붙',4,2,20 eb b6 99,479,157,contains_whitespace,hangul;whitespace,True,
3966,merge,맥,'맥',3,1,eb a7 a5,275,169,,hangul,True,
3967,merge,수 없,'수 없',7,3,ec 88 98 20 ec 97 86,415,409,contains_whitespace,hangul;whitespace,True,
3968,merge, 느껴지,' 느껴지',10,4,20 eb 8a 90 ea bb b4 ec a7 80,1599,286,contains_whitespace,hangul;whitespace,True,
3969,merge, 이래,' 이래',7,3,20 ec 9d b4 eb 9e 98,322,525,contains_whitespace,hangul;whitespace,True,
3970,merge,강추@강추@,'강추@강추@',14,6,ea b0 95 ec b6 94 40 ea b0 95 ec b6 94 40,3899,3899,,hangul;punct_symbol,True,
3971,merge, 저질,' 저질',7,3,20 ec a0 80 ec a7 88,810,869,contains_whitespace,hangul;whitespace,True,
3972,merge,이해,'이해',6,2,ec 9d b4 ed 95 b4,267,355,,hangul,True,
3973,merge,여주인공,'여주인공',12,4,ec 97 ac ec a3 bc ec 9d b8 ea b3 b5,508,1405,,hangul,True,
3974,merge,시즌,'시즌',6,2,ec 8b 9c ec a6 8c,365,1902,,hangul,True,
3975,merge,,b'\xb9\x9b',2,0,b9 9b,189,159,invalid_utf8,invalid_utf8,False,'utf-8' codec can't decode byte 0xb9 in position 0: invalid start byte
3976,merge,여주,'여주',6,2,ec 97 ac ec a3 bc,508,428,,hangul,True,
3977,merge,한마디로,'한마디로',12,4,ed 95 9c eb a7 88 eb 94 94 eb a1 9c,304,2789,,hangul,True,
3978,merge,?),'?)',2,2,3f 29,67,45,,punct_symbol,True,
3979,merge,스럽게,'스럽게',9,3,ec 8a a4 eb 9f bd ea b2 8c,1257,319,,hangul,True,
3980,merge, 흠,' 흠',4,2,20 ed 9d a0,677,164,contains_whitespace,hangul;whitespace,True,
3981,merge, 떨어진,' 떨어진',10,4,20 eb 96 a8 ec 96 b4 ec a7 84,1456,422,contains_whitespace,hangul;whitespace,True,
3982,merge, 젤,' 젤',4,2,20 ec a0 a4,331,168,contains_whitespace,hangul;whitespace,True,
3983,merge, 아니면,' 아니면',10,4,20 ec 95 84 eb 8b 88 eb a9 b4,3323,1621,contains_whitespace,hangul;whitespace,True,
3984,merge,한다면,'한다면',9,3,ed 95 9c eb 8b a4 eb a9 b4,304,1051,,hangul,True,
3985,merge, 행동,' 행동',7,3,20 ed 96 89 eb 8f 99,1441,768,contains_whitespace,hangul;whitespace,True,
3986,merge, 적당,' 적당',7,3,20 ec a0 81 eb 8b b9,1291,734,contains_whitespace,hangul;whitespace,True,
3987,merge, 이건 뭐,' 이건 뭐',11,5,20 ec 9d b4 ea b1 b4 20 eb ad 90,1022,723,contains_whitespace,hangul;whitespace,True,
3988,merge,냐\n,'냐\n',4,2,eb 83 90 0a,719,14,contains_whitespace;control_char,control;hangul;whitespace,True,
3989,merge,시킨,'시킨',6,2,ec 8b 9c ed 82 a8,365,2446,,hangul,True,
3990,merge,.. 정말,'.. 정말',9,5,2e 2e 20 ec a0 95 eb a7 90,266,532,contains_whitespace,hangul;punct_symbol;whitespace,True,
3991,merge, 유머,' 유머',7,3,20 ec 9c a0 eb a8 b8,679,1058,contains_whitespace,hangul;whitespace,True,
3992,merge,유쾌,'유쾌',6,2,ec 9c a0 ec be 8c,664,1323,,hangul,True,
3993,merge, 보시길,' 보시길',10,4,20 eb b3 b4 ec 8b 9c ea b8 b8,357,1894,contains_whitespace,hangul;whitespace,True,
3994,merge,딸,'딸',3,1,eb 94 b8,459,188,,hangul,True,
3995,merge, 지루해,' 지루해',10,4,20 ec a7 80 eb a3 a8 ed 95 b4,720,355,contains_whitespace,hangul;whitespace,True,
3996,merge,스토,'스토',6,2,ec 8a a4 ed 86 a0,371,529,,hangul,True,
3997,merge,~!\n,'~!\n',3,3,7e 21 0a,130,582,contains_whitespace;control_char,control;punct_symbol;whitespace,True,
3998,merge,,b'\xa9\xb0',2,0,a9 b0,173,180,invalid_utf8,invalid_utf8,False,'utf-8' codec can't decode byte 0xa9 in position 0: invalid start byte
3999,merge, 다만,' 다만',7,3,20 eb 8b a4 eb a7 8c,416,328,contains_whitespace,hangul;whitespace,True,
4000,merge, 처음으로,' 처음으로',13,5,20 ec b2 98 ec 9d 8c ec 9c bc eb a1 9c,987,432,contains_whitespace,hangul;whitespace,True,
4001,merge,독교,'독교',6,2,eb 8f 85 ea b5 90,1579,927,,hangul,True,
4002,merge, 프로그램,' 프로그램',13,5,20 ed 94 84 eb a1 9c ea b7 b8 eb 9e a8,2358,3179,contains_whitespace,hangul;whitespace,True,
4003,merge,시아,'시아',6,2,ec 8b 9c ec 95 84,365,338,,hangul,True,
4004,merge,사람들,'사람들',9,3,ec 82 ac eb 9e 8c eb 93 a4,1145,334,,hangul,True,
4005,merge, 잊혀지,' 잊혀지',10,4,20 ec 9e 8a ed 98 80 ec a7 80,1735,3477,contains_whitespace,hangul;whitespace,True,
4006,merge,,b'\xec\xa8',2,0,ec a8,240,172,invalid_utf8,invalid_utf8,False,'utf-8' codec can't decode bytes in position 0-1: unexpected end of data
4007,merge, 비추,' 비추',7,3,20 eb b9 84 ec b6 94,682,899,contains_whitespace,hangul;whitespace,True,
4008,merge,오빠,'오빠',6,2,ec 98 a4 eb b9 a0,466,1203,,hangul,True,
4009,merge, 뜬금,' 뜬금',7,3,20 eb 9c ac ea b8 88,1912,3406,contains_whitespace,hangul;whitespace,True,
4010,merge,기로,'기로',6,2,ea b8 b0 eb a1 9c,303,325,,hangul,True,
4011,merge, 재미도 없고,' 재미도 없고',17,7,20 ec 9e ac eb af b8 eb 8f 84 20 ec 97 86 ea b3 a0,461,1447,contains_whitespace,hangul;whitespace,True,
4012,merge,나옴,'나옴',6,2,eb 82 98 ec 98 b4,2361,184,,hangul,True,
4013,merge, 제작진,' 제작진',10,4,20 ec a0 9c ec 9e 91 ec a7 84,1806,422,contains_whitespace,hangul;whitespace,True,
4014,merge, 원래,' 원래',7,3,20 ec 9b 90 eb 9e 98,972,525,contains_whitespace,hangul;whitespace,True,
4015,merge, 역할,' 역할',7,3,20 ec 97 ad ed 95 a0,843,478,contains_whitespace,hangul;whitespace,True,
4016,merge,하지 못,'하지 못',10,4,ed 95 98 ec a7 80 20 eb aa bb,1144,588,contains_whitespace,hangul;whitespace,True,
4017,merge,결국,'결국',6,2,ea b2 b0 ea b5 ad,1089,538,,hangul,True,
4018,merge, 평점이 낮,' 평점이 낮',14,6,20 ed 8f 89 ec a0 90 ec 9d b4 20 eb 82 ae,1248,1207,contains_whitespace,hangul;whitespace,True,
4019,merge, 안나오,' 안나오',10,4,20 ec 95 88 eb 82 98 ec 98 a4,568,1368,contains_whitespace,hangul;whitespace,True,
4020,merge,고 싶은,'고 싶은',10,4,ea b3 a0 20 ec 8b b6 ec 9d 80,1286,313,contains_whitespace,hangul;whitespace,True,
4021,merge, 감정이,' 감정이',10,4,20 ea b0 90 ec a0 95 ec 9d b4,1931,267,contains_whitespace,hangul;whitespace,True,
4022,merge,을 영화,'을 영화',10,4,ec 9d 84 20 ec 98 81 ed 99 94,318,305,contains_whitespace,hangul;whitespace,True,
4023,merge, 더럽게,' 더럽게',10,4,20 eb 8d 94 eb 9f bd ea b2 8c,566,1969,contains_whitespace,hangul;whitespace,True,
4024,merge, 미소,' 미소',7,3,20 eb af b8 ec 86 8c,672,595,contains_whitespace,hangul;whitespace,True,
4025,merge, 밥,' 밥',4,2,20 eb b0 a5,376,169,contains_whitespace,hangul;whitespace,True,
4026,merge,꾼,'꾼',3,1,ea be bc,1558,192,,hangul,True,
4027,merge, 멀,' 멀',4,2,20 eb a9 80,674,132,contains_whitespace,hangul;whitespace,True,
4028,merge,시청,'시청',6,2,ec 8b 9c ec b2 ad,365,857,,hangul,True,
4029,merge,영화.\n,'영화.\n',8,4,ec 98 81 ed 99 94 2e 0a,367,311,contains_whitespace;control_char,control;hangul;punct_symbol;whitespace,True,
4030,merge, 유치하고,' 유치하고',13,5,20 ec 9c a0 ec b9 98 ed 95 98 ea b3 a0,1281,437,contains_whitespace,hangul;whitespace,True,
4031,merge, 진정,' 진정',7,3,20 ec a7 84 ec a0 95,489,395,contains_whitespace,hangul;whitespace,True,
4032,merge,가장,'가장',6,2,ea b0 80 ec 9e a5,290,425,,hangul,True,
4033,merge, 월,' 월',4,2,20 ec 9b 94,565,152,contains_whitespace,hangul;whitespace,True,
4034,merge, 젊은,' 젊은',7,3,20 ec a0 8a ec 9d 80,3211,313,contains_whitespace,hangul;whitespace,True,
4035,merge, 일단,' 일단',7,3,20 ec 9d bc eb 8b a8,701,706,contains_whitespace,hangul;whitespace,True,
4036,merge, 완벽한,' 완벽한',10,4,20 ec 99 84 eb b2 bd ed 95 9c,2140,304,contains_whitespace,hangul;whitespace,True,
4037,merge,\n우,'\n우',4,2,0a ec 9a b0,14,404,contains_whitespace;control_char,control;hangul;whitespace,True,
4038,merge,까지는,'까지는',9,3,ea b9 8c ec a7 80 eb 8a 94,634,272,,hangul,True,
4039,merge, d,' d',2,2,20 64,36,104,contains_whitespace,english;whitespace,True,
4040,merge,\n아무,'\n아무',7,3,0a ec 95 84 eb ac b4,872,617,contains_whitespace;control_char,control;hangul;whitespace,True,
4041,merge,둥,'둥',3,1,eb 91 a5,1569,169,,hangul,True,
4042,merge,\n좀,'\n좀',4,2,0a ec a2 80,1531,132,contains_whitespace;control_char,control;hangul;whitespace,True,
4043,merge,머리,'머리',6,2,eb a8 b8 eb a6 ac,1058,332,,hangul,True,
4044,merge,역사,'역사',6,2,ec 97 ad ec 82 ac,822,544,,hangul,True,
4045,merge,이하,'이하',6,2,ec 9d b4 ed 95 98,267,289,,hangul,True,
4046,merge, 재미없음,' 재미없음',13,5,20 ec 9e ac eb af b8 ec 97 86 ec 9d 8c,818,370,contains_whitespace,hangul;whitespace,True,
4047,merge, 같은 영화,' 같은 영화',14,6,20 ea b0 99 ec 9d 80 20 ec 98 81 ed 99 94,603,797,contains_whitespace,hangul;whitespace,True,
4048,merge,아무리,'아무리',9,3,ec 95 84 eb ac b4 eb a6 ac,2509,332,,hangul,True,
4049,merge, 좋아할,' 좋아할',10,4,20 ec a2 8b ec 95 84 ed 95 a0,803,478,contains_whitespace,hangul;whitespace,True,
4050,merge,여\n,'여\n',4,2,ec 97 ac 0a,508,14,contains_whitespace;control_char,control;hangul;whitespace,True,
4051,merge, 전설,' 전설',7,3,20 ec a0 84 ec 84 a4,543,877,contains_whitespace,hangul;whitespace,True,
4052,merge, 영환,' 영환',7,3,20 ec 98 81 ed 99 98,879,1578,contains_whitespace,hangul;whitespace,True,
4053,merge,,b'\x93\xa8',2,0,93 a8,151,172,invalid_utf8,invalid_utf8,False,'utf-8' codec can't decode byte 0x93 in position 0: invalid start byte
4054,merge,의 대,'의 대',7,3,ec 9d 98 20 eb 8c 80,310,513,contains_whitespace,hangul;whitespace,True,
4055,merge, 영웅,' 영웅',7,3,20 ec 98 81 ec 9b 85,879,2341,contains_whitespace,hangul;whitespace,True,
4056,merge,다.\n정말,'다.\n정말',11,5,eb 8b a4 2e 0a ec a0 95 eb a7 90,388,653,contains_whitespace;control_char,control;hangul;punct_symbol;whitespace,True,
4057,merge, 기분이,' 기분이',10,4,20 ea b8 b0 eb b6 84 ec 9d b4,1691,267,contains_whitespace,hangul;whitespace,True,
4058,merge,이 좀,'이 좀',7,3,ec 9d b4 20 ec a2 80,267,765,contains_whitespace,hangul;whitespace,True,
4059,merge, 0,' 0',2,2,20 30,36,52,contains_whitespace,digit;whitespace,True,
4060,merge, 잘만든,' 잘만든',10,4,20 ec 9e 98 eb a7 8c eb 93 a0,549,1964,contains_whitespace,hangul;whitespace,True,
4061,merge,더빙,'더빙',6,2,eb 8d 94 eb b9 99,662,1736,,hangul,True,
4062,merge, 화이팅,' 화이팅',10,4,20 ed 99 94 ec 9d b4 ed 8c 85,1118,2953,contains_whitespace,hangul;whitespace,True,
4063,merge,굿\n,'굿\n',4,2,ea b5 bf 0a,1335,14,contains_whitespace;control_char,control;hangul;whitespace,True,
4064,merge,"\""\""\""","'""""""'",3,3,22 22 22,1188,38,repeated_run,punct_symbol,True,
4065,merge, 나쁜,' 나쁜',7,3,20 eb 82 98 ec 81 9c,408,1827,contains_whitespace,hangul;whitespace,True,
4066,merge,하더라,'하더라',9,3,ed 95 98 eb 8d 94 eb 9d bc,289,1385,,hangul,True,
4067,merge,하고 있,'하고 있',10,4,ed 95 98 ea b3 a0 20 ec 9e 88,437,431,contains_whitespace,hangul;whitespace,True,
4068,merge,더만,'더만',6,2,eb 8d 94 eb a7 8c,662,328,,hangul,True,
4069,merge,이제,'이제',6,2,ec 9d b4 ec a0 9c,267,510,,hangul,True,
4070,merge,인을,'인을',6,2,ec 9d b8 ec 9d 84,341,318,,hangul,True,
4071,merge, 루,' 루',4,2,20 eb a3 a8,261,2555,contains_whitespace,hangul;whitespace,True,
4072,merge,이자,'이자',6,2,ec 9d b4 ec 9e 90,267,392,,hangul,True,
4073,merge,듯이,'듯이',6,2,eb 93 af ec 9d b4,613,267,,hangul,True,
4074,merge, 묘사,' 묘사',7,3,20 eb ac 98 ec 82 ac,2647,544,contains_whitespace,hangul;whitespace,True,
4075,merge, 아니다.,' 아니다.',11,5,20 ec 95 84 eb 8b 88 eb 8b a4 2e,770,369,contains_whitespace,hangul;punct_symbol;whitespace,True,
4076,merge,안되는,'안되는',9,3,ec 95 88 eb 90 98 eb 8a 94,2322,272,,hangul,True,
4077,merge,였음,'였음',6,2,ec 98 80 ec 9d 8c,641,370,,hangul,True,
4078,merge, 드라마를,' 드라마를',13,5,20 eb 93 9c eb 9d bc eb a7 88 eb a5 bc,2116,829,contains_whitespace,hangul;whitespace,True,
4079,merge, 도저히,' 도저히',10,4,20 eb 8f 84 ec a0 80 ed 9e 88,997,2854,contains_whitespace,hangul;whitespace,True,
4080,merge,위해,'위해',6,2,ec 9c 84 ed 95 b4,835,355,,hangul,True,
4081,merge,걸까,'걸까',6,2,ea b1 b8 ea b9 8c,643,399,,hangul,True,
4082,merge, 윤,' 윤',4,2,20 ec 9c a4,536,168,contains_whitespace,hangul;whitespace,True,
4083,merge,드립,'드립',6,2,eb 93 9c eb a6 bd,462,1305,,hangul,True,
4084,merge, 슈,' 슈',4,2,20 ec 8a 88,448,140,contains_whitespace,hangul;whitespace,True,
4085,merge, 말로,' 말로',7,3,20 eb a7 90 eb a1 9c,597,325,contains_whitespace,hangul;whitespace,True,
4086,merge,풋,'풋',3,1,ed 92 8b,645,143,,hangul,True,
4087,merge, 이하,' 이하',7,3,20 ec 9d b4 ed 95 98,322,289,contains_whitespace,hangul;whitespace,True,
4088,merge,,b'\n\xec\x88',3,0,0a ec 88,353,140,invalid_utf8,invalid_utf8,False,'utf-8' codec can't decode bytes in position 1-2: unexpected end of data
4089,merge,흥미,'흥미',6,2,ed 9d a5 eb af b8,2479,497,,hangul,True,
4090,merge,다음,'다음',6,2,eb 8b a4 ec 9d 8c,268,370,,hangul,True,
4091,merge, 우울,' 우울',7,3,20 ec 9a b0 ec 9a b8,740,861,contains_whitespace,hangul;whitespace,True,
4092,merge,,b'\x8c\xeb\xa6\xac',4,0,8c eb a6 ac,144,332,invalid_utf8,invalid_utf8,False,'utf-8' codec can't decode byte 0x8c in position 0: invalid start byte
4093,merge, 리메이크,' 리메이크',13,5,20 eb a6 ac eb a9 94 ec 9d b4 ed 81 ac,1944,3682,contains_whitespace,hangul;whitespace,True,
4094,merge,아먹,'아먹',6,2,ec 95 84 eb a8 b9,338,1099,,hangul,True,
4095,merge,게 되,'게 되',7,3,ea b2 8c 20 eb 90 98,319,746,contains_whitespace,hangul;whitespace,True,
4096,merge, 철학,' 철학',7,3,20 ec b2 a0 ed 95 99,2577,961,contains_whitespace,hangul;whitespace,True,
4097,merge,\n주인공,'\n주인공',10,4,0a ec a3 bc ec 9d b8 ea b3 b5,2175,854,contains_whitespace;control_char,control;hangul;whitespace,True,
4098,merge,래기,'래기',6,2,eb 9e 98 ea b8 b0,525,303,,hangul,True,
4099,merge, 씬,' 씬',4,2,20 ec 94 ac,1668,176,contains_whitespace,hangul;whitespace,True,
4100,merge, 이런 영화를,' 이런 영화를',17,7,20 ec 9d b4 eb 9f b0 20 ec 98 81 ed 99 94 eb a5 bc,631,929,contains_whitespace,hangul;whitespace,True,
4101,merge,어라,'어라',6,2,ec 96 b4 eb 9d bc,327,330,,hangul,True,
4102,merge,시고,'시고',6,2,ec 8b 9c ea b3 a0,365,277,,hangul,True,
4103,merge,게 없,'게 없',7,3,ea b2 8c 20 ec 97 86,319,409,contains_whitespace,hangul;whitespace,True,
4104,merge, 어설프,' 어설프',10,4,20 ec 96 b4 ec 84 a4 ed 94 84,1841,837,contains_whitespace,hangul;whitespace,True,
4105,merge, 생각을,' 생각을',10,4,20 ec 83 9d ea b0 81 ec 9d 84,581,318,contains_whitespace,hangul;whitespace,True,
4106,merge, 조폭,' 조폭',7,3,20 ec a1 b0 ed 8f ad,747,2070,contains_whitespace,hangul;whitespace,True,
4107,merge,한 사랑,'한 사랑',10,4,ed 95 9c 20 ec 82 ac eb 9e 91,304,819,contains_whitespace,hangul;whitespace,True,
4108,merge,ㅠㅠㅠ,'ㅠㅠㅠ',9,3,e3 85 a0 e3 85 a0 e3 85 a0,594,445,repeated_run,hangul,True,
4109,merge, 좋아서,' 좋아서',10,4,20 ec a2 8b ec 95 84 ec 84 9c,803,321,contains_whitespace,hangul;whitespace,True,
4110,merge,자단,'자단',6,2,ec 9e 90 eb 8b a8,392,706,,hangul,True,
4111,merge, 유일,' 유일',7,3,20 ec 9c a0 ec 9d bc,679,518,contains_whitespace,hangul;whitespace,True,
4112,merge, 드라마\n,' 드라마\n',11,5,20 eb 93 9c eb 9d bc eb a7 88 0a,730,14,contains_whitespace;control_char,control;hangul;whitespace,True,
4113,merge,지루하고,'지루하고',12,4,ec a7 80 eb a3 a8 ed 95 98 ea b3 a0,1299,437,,hangul,True,
4114,merge,무서,'무서',6,2,eb ac b4 ec 84 9c,617,321,,hangul,True,
4115,merge, 재미없는,' 재미없는',13,5,20 ec 9e ac eb af b8 ec 97 86 eb 8a 94,818,272,contains_whitespace,hangul;whitespace,True,
4116,merge,성은,'성은',6,2,ec 84 b1 ec 9d 80,500,313,,hangul,True,
4117,merge, 통해,' 통해',7,3,20 ed 86 b5 ed 95 b4,1880,355,contains_whitespace,hangul;whitespace,True,
4118,merge, 느낀,' 느낀',7,3,20 eb 8a 90 eb 82 80,823,132,contains_whitespace,hangul;whitespace,True,
4119,merge,\n영화를,'\n영화를',10,4,0a ec 98 81 ed 99 94 eb a5 bc,1061,382,contains_whitespace;control_char,control;hangul;whitespace,True,
4120,merge,됬,'됬',3,1,eb 90 ac,712,176,,hangul,True,
4121,merge,한 느낌,'한 느낌',10,4,ed 95 9c 20 eb 8a 90 eb 82 8c,304,1148,contains_whitespace,hangul;whitespace,True,
4122,merge,ㅁ,'ㅁ',3,1,e3 85 81,284,133,,hangul,True,
4123,merge, 퍼,' 퍼',4,2,20 ed 8d bc,297,1226,contains_whitespace,hangul;whitespace,True,
4124,merge,is,'is',2,2,69 73,109,119,,english,True,
4125,merge, 저는,' 저는',7,3,20 ec a0 80 eb 8a 94,810,272,contains_whitespace,hangul;whitespace,True,
4126,merge, 미모,' 미모',7,3,20 eb af b8 eb aa a8,672,789,contains_whitespace,hangul;whitespace,True,
4127,merge, 분노,' 분노',7,3,20 eb b6 84 eb 85 b8,995,820,contains_whitespace,hangul;whitespace,True,
4128,merge, 던,' 던',4,2,20 eb 8d 98,507,156,contains_whitespace,hangul;whitespace,True,
4129,merge,하라,'하라',6,2,ed 95 98 eb 9d bc,289,330,,hangul,True,
4130,merge,\n이영화,'\n이영화',10,4,0a ec 9d b4 ec 98 81 ed 99 94,558,367,contains_whitespace;control_char,control;hangul;whitespace,True,
4131,merge,원이,'원이',6,2,ec 9b 90 ec 9d b4,736,267,,hangul,True,
4132,merge,15,'15',2,2,31 35,53,57,,digit,True,
4133,merge, 이것,' 이것',7,3,20 ec 9d b4 ea b2 83,322,420,contains_whitespace,hangul;whitespace,True,
4134,merge, 왜이리,' 왜이리',10,4,20 ec 99 9c ec 9d b4 eb a6 ac,1863,332,contains_whitespace,hangul;whitespace,True,
4135,merge,\n생각,'\n생각',7,3,0a ec 83 9d ea b0 81,1922,534,contains_whitespace;control_char,control;hangul;whitespace,True,
4136,merge,\n영화가,'\n영화가',10,4,0a ec 98 81 ed 99 94 ea b0 80,1061,290,contains_whitespace;control_char,control;hangul;whitespace,True,
4137,merge, 줄 알았,' 줄 알았',11,5,20 ec a4 84 20 ec 95 8c ec 95 98,1160,1495,contains_whitespace,hangul;whitespace,True,
4138,merge, 자유,' 자유',7,3,20 ec 9e 90 ec 9c a0,612,664,contains_whitespace,hangul;whitespace,True,
4139,merge,임.\n,'임.\n',5,3,ec 9e 84 2e 0a,578,311,contains_whitespace;control_char,control;hangul;punct_symbol;whitespace,True,
4140,merge, 4점,' 4점',5,3,20 34 ec a0 90,1540,366,contains_whitespace,digit;hangul;whitespace,True,
4141,merge, 확실히,' 확실히',10,4,20 ed 99 95 ec 8b a4 ed 9e 88,2112,2958,contains_whitespace,hangul;whitespace,True,
4142,merge, 받아,' 받아',7,3,20 eb b0 9b ec 95 84,1337,338,contains_whitespace,hangul;whitespace,True,
4143,merge, D,' D',2,2,20 44,36,72,contains_whitespace,english;whitespace,True,
4144,merge,내 인생,'내 인생',10,4,eb 82 b4 20 ec 9d b8 ec 83 9d,453,1356,contains_whitespace,hangul;whitespace,True,
4145,merge,로맨,'로맨',6,2,eb a1 9c eb a7 a8,325,1040,,hangul,True,
4146,merge,따뜻,'따뜻',6,2,eb 94 b0 eb 9c bb,1265,1470,,hangul,True,
4147,merge, 환상,' 환상',7,3,20 ed 99 98 ec 83 81,2189,433,contains_whitespace,hangul;whitespace,True,
4148,merge,1점도,'1점도',7,3,31 ec a0 90 eb 8f 84,1520,296,,digit;hangul,True,
4149,merge,에 대해서,'에 대해서',13,5,ec 97 90 20 eb 8c 80 ed 95 b4 ec 84 9c,1050,687,contains_whitespace,hangul;whitespace,True,
4150,merge, 쉽게,' 쉽게',7,3,20 ec 89 bd ea b2 8c,2675,319,contains_whitespace,hangul;whitespace,True,
4151,merge, 거기,' 거기',7,3,20 ea b1 b0 ea b8 b0,838,303,contains_whitespace,hangul;whitespace,True,
4152,merge,리도,'리도',6,2,eb a6 ac eb 8f 84,332,296,,hangul,True,
4153,merge,렉,'렉',3,1,eb a0 89,339,141,,hangul,True,
4154,merge,,b'\xeb\xbb',2,0,eb bb,239,191,invalid_utf8,invalid_utf8,False,'utf-8' codec can't decode bytes in position 0-1: unexpected end of data
4155,merge,했네,'했네',6,2,ed 96 88 eb 84 a4,418,990,,hangul,True,
4156,merge,1점도 아깝,'1점도 아깝',14,6,31 ec a0 90 eb 8f 84 20 ec 95 84 ea b9 9d,1520,1751,contains_whitespace,digit;hangul;whitespace,True,
4157,merge,지않고,'지않고',9,3,ec a7 80 ec 95 8a ea b3 a0,1289,277,,hangul,True,
4158,merge, 표정,' 표정',7,3,20 ed 91 9c ec a0 95,1125,395,contains_whitespace,hangul;whitespace,True,
4159,merge, 거지,' 거지',7,3,20 ea b1 b0 ec a7 80,838,286,contains_whitespace,hangul;whitespace,True,
4160,merge,,b'\xac\xeb\xa0\x88',4,0,ac eb a0 88,1408,140,invalid_utf8,invalid_utf8,False,'utf-8' codec can't decode byte 0xac in position 0: invalid start byte
4161,merge,,b'\xa5\x98',2,0,a5 98,169,156,invalid_utf8,invalid_utf8,False,'utf-8' codec can't decode byte 0xa5 in position 0: invalid start byte
4162,merge,그래서,'그래서',9,3,ea b7 b8 eb 9e 98 ec 84 9c,1640,321,,hangul,True,
4163,merge,흔,'흔',3,1,ed 9d 94,799,152,,hangul,True,
4164,merge, 페,' 페',4,2,20 ed 8e 98,1068,156,contains_whitespace,hangul;whitespace,True,
4165,merge,관계,'관계',6,2,ea b4 80 ea b3 84,825,728,,hangul,True,
4166,merge, 심심,' 심심',7,3,20 ec 8b ac ec 8b ac,1153,673,contains_whitespace,hangul;whitespace,True,
4167,merge,,b' \xea\xb3\xb5\xed\x8f\xac\xeb',8,0,20 ea b3 b5 ed 8f ac eb,744,2303,invalid_utf8,invalid_utf8,False,'utf-8' codec can't decode byte 0xeb in position 7: unexpected end of data
4168,merge, 일상,' 일상',7,3,20 ec 9d bc ec 83 81,701,433,contains_whitespace,hangul;whitespace,True,
4169,merge, 8점,' 8점',5,3,20 38 ec a0 90,1696,366,contains_whitespace,digit;hangul;whitespace,True,
4170,merge,의 명,'의 명',7,3,ec 9d 98 20 eb aa 85,310,787,contains_whitespace,hangul;whitespace,True,
4171,merge, 과거,' 과거',7,3,20 ea b3 bc ea b1 b0,1380,385,contains_whitespace,hangul;whitespace,True,
4172,merge, 황당,' 황당',7,3,20 ed 99 a9 eb 8b b9,2103,734,contains_whitespace,hangul;whitespace,True,
4173,merge,었으면,'었으면',9,3,ec 97 88 ec 9c bc eb a9 b4,405,826,,hangul,True,
4174,merge,스는,'스는',6,2,ec 8a a4 eb 8a 94,371,272,,hangul,True,
4175,merge,"도,","'도,'",4,2,eb 8f 84 2c,296,48,,hangul;punct_symbol,True,
4176,merge,와 함께,'와 함께',10,4,ec 99 80 20 ed 95 a8 ea bb 98,509,1875,contains_whitespace,hangul;whitespace,True,
4177,merge, 주인공이,' 주인공이',13,5,20 ec a3 bc ec 9d b8 ea b3 b5 ec 9d b4,1209,267,contains_whitespace,hangul;whitespace,True,
4178,merge, 해주,' 해주',7,3,20 ed 95 b4 ec a3 bc,753,428,contains_whitespace,hangul;whitespace,True,
4179,merge, 장면에서,' 장면에서',13,5,20 ec 9e a5 eb a9 b4 ec 97 90 ec 84 9c,1008,463,contains_whitespace,hangul;whitespace,True,
4180,merge, 전문,' 전문',7,3,20 ec a0 84 eb ac b8,543,716,contains_whitespace,hangul;whitespace,True,
4181,merge, 오락,' 오락',7,3,20 ec 98 a4 eb 9d bd,640,1616,contains_whitespace,hangul;whitespace,True,
4182,merge, 어찌,' 어찌',7,3,20 ec 96 b4 ec b0 8c,455,2705,contains_whitespace,hangul;whitespace,True,
4183,merge, 인간의,' 인간의',10,4,20 ec 9d b8 ea b0 84 ec 9d 98,1398,310,contains_whitespace,hangul;whitespace,True,
4184,merge,서야,'서야',6,2,ec 84 9c ec 95 bc,321,412,,hangul,True,
4185,merge,,b'\xb1\x80',2,0,b1 80,181,132,invalid_utf8,invalid_utf8,False,'utf-8' codec can't decode byte 0xb1 in position 0: invalid start byte
4186,merge, 오그라,' 오그라',10,4,20 ec 98 a4 ea b7 b8 eb 9d bc,640,3358,contains_whitespace,hangul;whitespace,True,
4187,merge,잘봤,'잘봤',6,2,ec 9e 98 eb b4 a4,1100,769,,hangul,True,
4188,merge,없다\n,'없다\n',7,3,ec 97 86 eb 8b a4 0a,401,402,contains_whitespace;control_char,control;hangul;whitespace,True,
4189,merge,빼,'빼',3,1,eb b9 bc,676,192,,hangul,True,
4190,merge, 그립,' 그립',7,3,20 ea b7 b8 eb a6 bd,359,1305,contains_whitespace,hangul;whitespace,True,
4191,merge,말이필요,'말이필요',12,4,eb a7 90 ec 9d b4 ed 95 84 ec 9a 94,1172,2307,,hangul,True,
4192,merge, 영화...,' 영화...',10,6,20 ec 98 81 ed 99 94 2e 2e 2e,305,373,contains_whitespace;repeated_run,hangul;punct_symbol;whitespace,True,
4193,merge,,b'\x88\xeb\xb2\xbd',4,0,88 eb b2 bd,2741,193,invalid_utf8,invalid_utf8,False,'utf-8' codec can't decode byte 0x88 in position 0: invalid start byte
4194,merge,하다가,'하다가',9,3,ed 95 98 eb 8b a4 ea b0 80,289,827,,hangul,True,
4195,merge,의 그,'의 그',7,3,ec 9d 98 20 ea b7 b8,310,359,contains_whitespace,hangul;whitespace,True,
4196,merge,애들이,'애들이',9,3,ec 95 a0 eb 93 a4 ec 9d b4,798,593,,hangul,True,
4197,merge,함..,'함..',5,3,ed 95 a8 2e 2e,528,266,,hangul;punct_symbol,True,
4198,merge,을 보고,'을 보고',10,4,ec 9d 84 20 eb b3 b4 ea b3 a0,318,663,contains_whitespace,hangul;whitespace,True,
4199,merge, 사건,' 사건',7,3,20 ec 82 ac ea b1 b4,722,477,contains_whitespace,hangul;whitespace,True,
4200,merge, 다큐멘터,' 다큐멘터',13,5,20 eb 8b a4 ed 81 90 eb a9 98 ed 84 b0,2173,3557,contains_whitespace,hangul;whitespace,True,
4201,merge,대가,'대가',6,2,eb 8c 80 ea b0 80,390,290,,hangul,True,
4202,merge,을 보,'을 보',7,3,ec 9d 84 20 eb b3 b4,318,357,contains_whitespace,hangul;whitespace,True,
4203,merge,만으로,'만으로',9,3,eb a7 8c ec 9c bc eb a1 9c,328,432,,hangul,True,
4204,merge,이 아니라,'이 아니라',13,5,ec 9d b4 20 ec 95 84 eb 8b 88 eb 9d bc,267,1412,contains_whitespace,hangul;whitespace,True,
4205,merge,\n이걸,'\n이걸',7,3,0a ec 9d b4 ea b1 b8,558,643,contains_whitespace;control_char,control;hangul;whitespace,True,
4206,merge,표현,'표현',6,2,ed 91 9c ed 98 84,1538,786,,hangul,True,
4207,merge, 포장,' 포장',7,3,20 ed 8f ac ec 9e a5,1330,425,contains_whitespace,hangul;whitespace,True,
4208,merge,떠,'떠',3,1,eb 96 a0,849,164,,hangul,True,
4209,merge, 시선,' 시선',7,3,20 ec 8b 9c ec 84 a0,472,731,contains_whitespace,hangul;whitespace,True,
4210,merge,다큐,'다큐',6,2,eb 8b a4 ed 81 90,268,1683,,hangul,True,
4211,merge,,b' \xeb\xbf',3,0,20 eb bf,261,195,invalid_utf8,invalid_utf8,False,'utf-8' codec can't decode bytes in position 1-2: unexpected end of data
4212,merge,가고,'가고',6,2,ea b0 80 ea b3 a0,290,277,,hangul,True,
4213,merge,꼽,'꼽',3,1,ea bc bd,1163,193,,hangul,True,
4214,merge,디어,'디어',6,2,eb 94 94 ec 96 b4,608,327,,hangul,True,
4215,merge,,b'\xac\xeb\xa1\x9c',4,0,ac eb a1 9c,294,702,invalid_utf8,invalid_utf8,False,'utf-8' codec can't decode byte 0xac in position 0: invalid start byte
4216,merge,극장에서,'극장에서',12,4,ea b7 b9 ec 9e a5 ec 97 90 ec 84 9c,2423,463,,hangul,True,
4217,merge,심을,'심을',6,2,ec 8b ac ec 9d 84,673,318,,hangul,True,
4218,merge, 너무너무,' 너무너무',13,5,20 eb 84 88 eb ac b4 eb 84 88 eb ac b4,452,707,contains_whitespace,hangul;whitespace,True,
4219,merge,니깐,'니깐',6,2,eb 8b 88 ea b9 90,336,2402,,hangul,True,
4220,merge, 이러,' 이러',7,3,20 ec 9d b4 eb 9f ac,322,552,contains_whitespace,hangul;whitespace,True,
4221,merge,사이,'사이',6,2,ec 82 ac ec 9d b4,544,267,,hangul,True,
4222,merge, 지금까지,' 지금까지',13,5,20 ec a7 80 ea b8 88 ea b9 8c ec a7 80,1227,634,contains_whitespace,hangul;whitespace,True,
4223,merge,,b'\x83\xa5',2,0,83 a5,135,169,invalid_utf8,invalid_utf8,False,'utf-8' codec can't decode byte 0x83 in position 0: invalid start byte
4224,merge, 리뷰,' 리뷰',7,3,20 eb a6 ac eb b7 b0,1944,3048,contains_whitespace,hangul;whitespace,True,
4225,merge, 영화..,' 영화..',9,5,20 ec 98 81 ed 99 94 2e 2e,305,266,contains_whitespace,hangul;punct_symbol;whitespace,True,
4226,merge, 아름답고,' 아름답고',13,5,20 ec 95 84 eb a6 84 eb 8b b5 ea b3 a0,2159,277,contains_whitespace,hangul;whitespace,True,
4227,merge,ㅋㅋㅋㅋ\n,'ㅋㅋㅋㅋ\n',13,5,e3 85 8b e3 85 8b e3 85 8b e3 85 8b 0a,584,14,contains_whitespace;control_char;repeated_run,control;hangul;whitespace,True,
4228,merge,따라,'따라',6,2,eb 94 b0 eb 9d bc,1265,330,,hangul,True,
4229,merge,다는거,'다는거',9,3,eb 8b a4 eb 8a 94 ea b1 b0,644,385,,hangul,True,
4230,merge, 스토리를,' 스토리를',13,5,20 ec 8a a4 ed 86 a0 eb a6 ac eb a5 bc,2299,1714,contains_whitespace,hangul;whitespace,True,
4231,merge, 남아,' 남아',7,3,20 eb 82 a8 ec 95 84,649,338,contains_whitespace,hangul;whitespace,True,
4232,merge, 보는게,' 보는게',10,4,20 eb b3 b4 eb 8a 94 ea b2 8c,847,319,contains_whitespace,hangul;whitespace,True,
4233,merge,였던,'였던',6,2,ec 98 80 eb 8d 98,641,596,,hangul,True,
4234,merge, 고민,' 고민',7,3,20 ea b3 a0 eb af bc,813,947,contains_whitespace,hangul;whitespace,True,
4235,merge," 연기,","' 연기,'",8,4,20 ec 97 b0 ea b8 b0 2c,527,48,contains_whitespace,hangul;punct_symbol;whitespace,True,
4236,merge,을거,'을거',6,2,ec 9d 84 ea b1 b0,318,385,,hangul,True,
4237,merge, 동화,' 동화',7,3,20 eb 8f 99 ed 99 94,1067,279,contains_whitespace,hangul;whitespace,True,
4238,merge,그렇,'그렇',6,2,ea b7 b8 eb a0 87,460,656,,hangul,True,
4239,merge, 그랬,' 그랬',7,3,20 ea b7 b8 eb 9e ac,359,2384,contains_whitespace,hangul;whitespace,True,
4240,merge,잉,'잉',3,1,ec 9e 89,274,141,,hangul,True,
4241,merge, 떠나,' 떠나',7,3,20 eb 96 a0 eb 82 98,1609,320,contains_whitespace,hangul;whitespace,True,
4242,merge, 주변,' 주변',7,3,20 ec a3 bc eb b3 80,563,2115,contains_whitespace,hangul;whitespace,True,
4243,merge, 마라,' 마라',7,3,20 eb a7 88 eb 9d bc,323,1166,contains_whitespace,hangul;whitespace,True,
4244,merge,는 영화..,'는 영화..',12,6,eb 8a 94 20 ec 98 81 ed 99 94 2e 2e,537,266,contains_whitespace,hangul;punct_symbol;whitespace,True,
4245,merge,름다운,'름다운',9,3,eb a6 84 eb 8b a4 ec 9a b4,636,2519,,hangul,True,
4246,merge, 대충,' 대충',7,3,20 eb 8c 80 ec b6 a9,513,2135,contains_whitespace,hangul;whitespace,True,
4247,merge,영화도,'영화도',9,3,ec 98 81 ed 99 94 eb 8f 84,367,296,,hangul,True,
4248,merge, 소녀,' 소녀',7,3,20 ec 86 8c eb 85 80,658,1140,contains_whitespace,hangul;whitespace,True,
4249,merge, 상상력,' 상상력',10,4,20 ec 83 81 ec 83 81 eb a0 a5,2248,591,contains_whitespace,hangul;whitespace,True,
4250,merge,지컬,'지컬',6,2,ec a7 80 ec bb ac,286,3356,,hangul,True,
4251,merge,,b'\xec\xa7\x80\xea\xb8\x88\xeb',7,0,ec a7 80 ea b8 88 eb,286,2069,invalid_utf8,invalid_utf8,False,'utf-8' codec can't decode byte 0xeb in position 6: unexpected end of data
4252,merge, 괜찮은 영화,' 괜찮은 영화',17,7,20 ea b4 9c ec b0 ae ec 9d 80 20 ec 98 81 ed 99 94,1119,797,contains_whitespace,hangul;whitespace,True,
4253,merge, 줄거리,' 줄거리',10,4,20 ec a4 84 ea b1 b0 eb a6 ac,1160,1882,contains_whitespace,hangul;whitespace,True,
4254,merge,\n역시,'\n역시',7,3,0a ec 97 ad ec 8b 9c,14,1483,contains_whitespace;control_char,control;hangul;whitespace,True,
4255,merge,,b' \xeb\xa1',3,0,20 eb a1,261,165,invalid_utf8,invalid_utf8,False,'utf-8' codec can't decode bytes in position 1-2: unexpected end of data
4256,merge,결말이,'결말이',9,3,ea b2 b0 eb a7 90 ec 9d b4,1089,1172,,hangul,True,
4257,merge,았다.\n,'았다.\n',8,4,ec 95 98 eb 8b a4 2e 0a,467,388,contains_whitespace;control_char,control;hangul;punct_symbol;whitespace,True,
4258,merge,킬링타임용,'킬링타임용',15,5,ed 82 ac eb a7 81 ed 83 80 ec 9e 84 ec 9a a9,763,2278,,hangul,True,
4259,merge, 몸매,' 몸매',7,3,20 eb aa b8 eb a7 a4,2180,1081,contains_whitespace,hangul;whitespace,True,
4260,merge, 대한민국,' 대한민국',13,5,20 eb 8c 80 ed 95 9c eb af bc ea b5 ad,3648,3171,contains_whitespace,hangul;whitespace,True,
4261,merge,(?),'(?)',3,3,28 3f 29,44,3978,,punct_symbol,True,
4262,merge, 성공,' 성공',7,3,20 ec 84 b1 ea b3 b5,979,499,contains_whitespace,hangul;whitespace,True,
4263,merge, 풀,' 풀',4,2,20 ed 92 80,1449,132,contains_whitespace,hangul;whitespace,True,
4264,merge, 훌륭한,' 훌륭한',10,4,20 ed 9b 8c eb a5 ad ed 95 9c,1973,304,contains_whitespace,hangul;whitespace,True,
4265,merge,,b' \xeb\x9d',3,0,20 eb 9d,261,161,invalid_utf8,invalid_utf8,False,'utf-8' codec can't decode bytes in position 1-2: unexpected end of data
4266,merge, 성룡,' 성룡',7,3,20 ec 84 b1 eb a3 a1,979,1870,contains_whitespace,hangul;whitespace,True,
4267,merge,불가,'불가',6,2,eb b6 88 ea b0 80,1370,290,,hangul,True,
4268,merge,이 넘,'이 넘',7,3,ec 9d b4 20 eb 84 98,267,908,contains_whitespace,hangul;whitespace,True,
4269,merge, 보인,' 보인',7,3,20 eb b3 b4 ec 9d b8,357,341,contains_whitespace,hangul;whitespace,True,
4270,merge,벼,'벼',3,1,eb b2 bc,413,192,,hangul,True,
4271,merge,at,'at',2,2,61 74,101,120,,english,True,
4272,merge, 분들,' 분들',7,3,20 eb b6 84 eb 93 a4,995,334,contains_whitespace,hangul;whitespace,True,
4273,merge, 여러,' 여러',7,3,20 ec 97 ac eb 9f ac,1711,1565,contains_whitespace,hangul;whitespace,True,
4274,merge, 자신의,' 자신의',10,4,20 ec 9e 90 ec 8b a0 ec 9d 98,2156,310,contains_whitespace,hangul;whitespace,True,
4275,merge,뻐,'뻐',3,1,eb bb 90,239,2496,,hangul,True,
4276,merge,고 다,'고 다',7,3,ea b3 a0 20 eb 8b a4,277,416,contains_whitespace,hangul;whitespace,True,
4277,merge, 여전히,' 여전히',10,4,20 ec 97 ac ec a0 84 ed 9e 88,3176,503,contains_whitespace,hangul;whitespace,True,
4278,merge,차라리,'차라리',9,3,ec b0 a8 eb 9d bc eb a6 ac,1077,1628,,hangul,True,
4279,merge, 이 영화의,' 이 영화의',14,6,20 ec 9d b4 20 ec 98 81 ed 99 94 ec 9d 98,1494,310,contains_whitespace,hangul;whitespace,True,
4280,merge,셉,'셉',3,1,ec 85 89,553,141,,hangul,True,
4281,merge, 쌍,' 쌍',4,2,20 ec 8c 8d,260,1653,contains_whitespace,hangul;whitespace,True,
4282,merge,벤,'벤',3,1,eb b2 a4,413,168,,hangul,True,
4283,merge,슈,'슈',3,1,ec 8a 88,324,140,,hangul,True,
4284,merge, 헛,' 헛',4,2,20 ed 97 9b,796,159,contains_whitespace,hangul;whitespace,True,
4285,merge,처구,'처구',6,2,ec b2 98 ea b5 ac,954,541,,hangul,True,
4286,merge, 늙,' 늙',4,2,20 eb 8a 99,560,157,contains_whitespace,hangul;whitespace,True,
4287,merge,실화,'실화',6,2,ec 8b a4 ed 99 94,604,279,,hangul,True,
4288,merge, 웃기고,' 웃기고',10,4,20 ec 9b 83 ea b8 b0 ea b3 a0,1752,277,contains_whitespace,hangul;whitespace,True,
4289,merge,어떻게,'어떻게',9,3,ec 96 b4 eb 96 bb ea b2 8c,2915,1425,,hangul,True,
4290,merge,,b'\xac\xeb\x84\xa4',4,0,ac eb 84 a4,294,865,invalid_utf8,invalid_utf8,False,'utf-8' codec can't decode byte 0xac in position 0: invalid start byte
4291,merge, 연출이,' 연출이',10,4,20 ec 97 b0 ec b6 9c ec 9d b4,1033,267,contains_whitespace,hangul;whitespace,True,
4292,merge, 찝,' 찝',4,2,20 ec b0 9d,496,161,contains_whitespace,hangul;whitespace,True,
4293,merge, 침,' 침',4,2,20 ec b9 a8,779,172,contains_whitespace,hangul;whitespace,True,
4294,merge, ....,' ....',5,5,20 2e 2e 2e 2e,36,427,contains_whitespace;repeated_run,punct_symbol;whitespace,True,
4295,merge,그저,'그저',6,2,ea b7 b8 ec a0 80,460,667,,hangul,True,
4296,merge,난다,'난다',6,2,eb 82 9c eb 8b a4,615,268,,hangul,True,
4297,merge,아님,'아님',6,2,ec 95 84 eb 8b 98,338,852,,hangul,True,
4298,merge,밑에,'밑에',6,2,eb b0 91 ec 97 90,363,2952,,hangul,True,
4299,merge,맞는,'맞는',6,2,eb a7 9e eb 8a 94,1556,272,,hangul,True,
4300,merge,비디오,'비디오',9,3,eb b9 84 eb 94 94 ec 98 a4,624,2013,,hangul,True,
4301,merge,겠다.\n,'겠다.\n',8,4,ea b2 a0 eb 8b a4 2e 0a,551,388,contains_whitespace;control_char,control;hangul;punct_symbol;whitespace,True,
4302,merge,어나서,'어나서',9,3,ec 96 b4 eb 82 98 ec 84 9c,327,1270,,hangul,True,
4303,merge,다!!,'다!!',5,3,eb 8b a4 21 21,268,384,,hangul;punct_symbol,True,
4304,merge, 상처,' 상처',7,3,20 ec 83 81 ec b2 98,814,954,contains_whitespace,hangul;whitespace,True,
4305,merge, 사기,' 사기',7,3,20 ec 82 ac ea b8 b0,722,303,contains_whitespace,hangul;whitespace,True,
4306,merge,어요~,'어요~',7,3,ec 96 b4 ec 9a 94 7e,540,130,,hangul;punct_symbol,True,
4307,merge,믿,'믿',3,1,eb af bf,760,195,,hangul,True,
4308,merge,하기도,'하기도',9,3,ed 95 98 ea b8 b0 eb 8f 84,1106,296,,hangul,True,
4309,merge, 하나하나,' 하나하나',13,5,20 ed 95 98 eb 82 98 ed 95 98 eb 82 98,912,1092,contains_whitespace,hangul;whitespace,True,
4310,merge, 대단한,' 대단한',10,4,20 eb 8c 80 eb 8b a8 ed 95 9c,1511,304,contains_whitespace,hangul;whitespace,True,
4311,merge, 폐,' 폐',4,2,20 ed 8f 90,924,148,contains_whitespace,hangul;whitespace,True,
4312,merge, 좋았는데,' 좋았는데',13,5,20 ec a2 8b ec 95 98 eb 8a 94 eb 8d b0,860,393,contains_whitespace,hangul;whitespace,True,
4313,merge, OOO기,' OOO기',7,5,20 4f 4f 4f ea b8 b0,2272,303,contains_whitespace;repeated_run,english;hangul;whitespace,True,
4314,merge,,b'\xb3\xb4\xea\xb3\xa0',5,0,b3 b4 ea b3 a0,309,277,invalid_utf8,invalid_utf8,False,'utf-8' codec can't decode byte 0xb3 in position 0: invalid start byte
4315,merge, 봤다가,' 봤다가',10,4,20 eb b4 a4 eb 8b a4 ea b0 80,480,827,contains_whitespace,hangul;whitespace,True,
4316,merge,\n완,'\n완',4,2,0a ec 99 84,944,136,contains_whitespace;control_char,control;hangul;whitespace,True,
4317,merge, 칼,' 칼',4,2,20 ec b9 bc,779,192,contains_whitespace,hangul;whitespace,True,
4318,merge,니아,'니아',6,2,eb 8b 88 ec 95 84,336,338,,hangul,True,
4319,merge, 개판,' 개판',7,3,20 ea b0 9c ed 8c 90,618,941,contains_whitespace,hangul;whitespace,True,
4320,merge, 떨어지,' 떨어지',10,4,20 eb 96 a8 ec 96 b4 ec a7 80,1456,286,contains_whitespace,hangul;whitespace,True,
4321,merge,이트,'이트',6,2,ec 9d b4 ed 8a b8,267,639,,hangul,True,
4322,merge,씀,'씀',3,1,ec 94 80,692,132,,hangul,True,
4323,merge,친구,'친구',6,2,ec b9 9c ea b5 ac,1039,541,,hangul,True,
4324,merge, 드러,' 드러',7,3,20 eb 93 9c eb 9f ac,585,552,contains_whitespace,hangul;whitespace,True,
4325,merge,핵,'핵',3,1,ed 95 b5,264,185,,hangul,True,
4326,merge, 귀여운,' 귀여운',10,4,20 ea b7 80 ec 97 ac ec 9a b4,2008,492,contains_whitespace,hangul;whitespace,True,
4327,merge, 몰입해서,' 몰입해서',13,5,20 eb aa b0 ec 9e 85 ed 95 b4 ec 84 9c,1212,687,contains_whitespace,hangul;whitespace,True,
4328,merge, 잤,' 잤',4,2,20 ec 9e a4,293,168,contains_whitespace,hangul;whitespace,True,
4329,merge, 19,' 19',3,3,20 31 39,505,61,contains_whitespace,digit;whitespace,True,
4330,merge,성의,'성의',6,2,ec 84 b1 ec 9d 98,500,310,,hangul,True,
4331,merge,11,'11',2,2,31 31,53,53,,digit,True,
4332,merge, 예쁜,' 예쁜',7,3,20 ec 98 88 ec 81 9c,918,1827,contains_whitespace,hangul;whitespace,True,
4333,merge, 긴장,' 긴장',7,3,20 ea b8 b4 ec 9e a5,36,1344,contains_whitespace,hangul;whitespace,True,
4334,merge, 찡,' 찡',4,2,20 ec b0 a1,496,165,contains_whitespace,hangul;whitespace,True,
4335,merge, 뒷,' 뒷',4,2,20 eb 92 b7,261,3693,contains_whitespace,hangul;whitespace,True,
4336,merge,헌,'헌',3,1,ed 97 8c,858,144,,hangul,True,
4337,merge, 라고,' 라고',7,3,20 eb 9d bc ea b3 a0,1517,277,contains_whitespace,hangul;whitespace,True,
4338,merge, 어색한,' 어색한',10,4,20 ec 96 b4 ec 83 89 ed 95 9c,1936,304,contains_whitespace,hangul;whitespace,True,
4339,merge, 보이는,' 보이는',10,4,20 eb b3 b4 ec 9d b4 eb 8a 94,357,1539,contains_whitespace,hangul;whitespace,True,
4340,merge, 눈을,' 눈을',7,3,20 eb 88 88 ec 9d 84,1399,318,contains_whitespace,hangul;whitespace,True,
4341,merge, 재미있고,' 재미있고',13,5,20 ec 9e ac eb af b8 ec 9e 88 ea b3 a0,771,277,contains_whitespace,hangul;whitespace,True,
4342,merge, 어이없는,' 어이없는',13,5,20 ec 96 b4 ec 9d b4 ec 97 86 eb 8a 94,2660,933,contains_whitespace,hangul;whitespace,True,
4343,merge,을 지,'을 지',7,3,ec 9d 84 20 ec a7 80,318,473,contains_whitespace,hangul;whitespace,True,
4344,merge, 무엇보다,' 무엇보다',13,5,20 eb ac b4 ec 97 87 eb b3 b4 eb 8b a4,2212,691,contains_whitespace,hangul;whitespace,True,
4345,merge,중 가장,'중 가장',10,4,ec a4 91 20 ea b0 80 ec 9e a5,559,1208,contains_whitespace,hangul;whitespace,True,
4346,merge,절한,'절한',6,2,ec a0 88 ed 95 9c,1000,304,,hangul,True,
4347,merge,놓은,'놓은',6,2,eb 86 93 ec 9d 80,1475,313,,hangul,True,
4348,merge, 마치,' 마치',7,3,20 eb a7 88 ec b9 98,589,516,contains_whitespace,hangul;whitespace,True,
4349,merge, 십,' 십',4,2,20 ec 8b ad,358,177,contains_whitespace,hangul;whitespace,True,
4350,merge, 재미를,' 재미를',10,4,20 ec 9e ac eb af b8 eb a5 bc,461,382,contains_whitespace,hangul;whitespace,True,
4351,merge, 떠나서,' 떠나서',10,4,20 eb 96 a0 eb 82 98 ec 84 9c,1609,1270,contains_whitespace,hangul;whitespace,True,
4352,merge,\n상,'\n상',4,2,0a ec 83 81,1922,133,contains_whitespace;control_char,control;hangul;whitespace,True,
4353,merge,자연,'자연',6,2,ec 9e 90 ec 97 b0,392,483,,hangul,True,
4354,merge, 아니지만,' 아니지만',13,5,20 ec 95 84 eb 8b 88 ec a7 80 eb a7 8c,770,436,contains_whitespace,hangul;whitespace,True,
4355,merge,서는,'서는',6,2,ec 84 9c eb 8a 94,321,272,,hangul,True,
4356,merge,,b'\x9e\x91',2,0,9e 91,162,149,invalid_utf8,invalid_utf8,False,'utf-8' codec can't decode byte 0x9e in position 0: invalid start byte
4357,merge, 쓸데,' 쓸데',7,3,20 ec 93 b8 eb 8d b0,2646,346,contains_whitespace,hangul;whitespace,True,
4358,merge,이후,'이후',6,2,ec 9d b4 ed 9b 84,267,1009,,hangul,True,
4359,merge,죠?,'죠?',4,2,ec a3 a0 3f,1295,67,,hangul;punct_symbol,True,
4360,merge,이다..,'이다..',8,4,ec 9d b4 eb 8b a4 2e 2e,267,717,,hangul;punct_symbol,True,
4361,merge,안에,'안에',6,2,ec 95 88 ec 97 90,699,300,,hangul,True,
4362,merge,다시봐도,'다시봐도',12,4,eb 8b a4 ec 8b 9c eb b4 90 eb 8f 84,1638,1394,,hangul,True,
4363,merge, 밤,' 밤',4,2,20 eb b0 a4,376,168,contains_whitespace,hangul;whitespace,True,
4364,merge, 말도,' 말도',7,3,20 eb a7 90 eb 8f 84,597,296,contains_whitespace,hangul;whitespace,True,
4365,merge,혁,'혁',3,1,ed 98 81,241,280,,hangul,True,
4366,merge, 아저씨,' 아저씨',10,4,20 ec 95 84 ec a0 80 ec 94 a8,349,3263,contains_whitespace,hangul;whitespace,True,
4367,merge,,b'\x90\x9c',2,0,90 9c,148,160,invalid_utf8,invalid_utf8,False,'utf-8' codec can't decode byte 0x90 in position 0: invalid start byte
4368,merge, 그걸,' 그걸',7,3,20 ea b7 b8 ea b1 b8,359,643,contains_whitespace,hangul;whitespace,True,
4369,merge,\n캐,'\n캐',4,2,0a ec ba 90,353,892,contains_whitespace;control_char,control;hangul;whitespace,True,
4370,merge, 퇴,' 퇴',4,2,20 ed 87 b4,297,3270,contains_whitespace,hangul;whitespace,True,
4371,merge, 볼거,' 볼거',7,3,20 eb b3 bc ea b1 b0,670,385,contains_whitespace,hangul;whitespace,True,
4372,merge, 소재로,' 소재로',10,4,20 ec 86 8c ec 9e ac eb a1 9c,2412,702,contains_whitespace,hangul;whitespace,True,
4373,merge,느라,'느라',6,2,eb 8a 90 eb 9d bc,981,330,,hangul,True,
4374,merge,일단,'일단',6,2,ec 9d bc eb 8b a8,518,706,,hangul,True,
4375,merge, 중간중간,' 중간중간',13,5,20 ec a4 91 ea b0 84 ec a4 91 ea b0 84,1872,2521,contains_whitespace,hangul;whitespace,True,
4376,merge,,b'\xeb\xa2',2,0,eb a2,239,166,invalid_utf8,invalid_utf8,False,'utf-8' codec can't decode bytes in position 0-1: unexpected end of data
4377,merge,\n개,'\n개',4,2,0a ea b0 9c,14,577,contains_whitespace;control_char,control;hangul;whitespace,True,
4378,merge,다\n오,'다\n오',7,3,eb 8b a4 0a ec 98 a4,3033,168,contains_whitespace;control_char,control;hangul;whitespace,True,
4379,merge,어설,'어설',6,2,ec 96 b4 ec 84 a4,327,877,,hangul,True,
4380,merge, 하는 영화,' 하는 영화',14,6,20 ed 95 98 eb 8a 94 20 ec 98 81 ed 99 94,411,537,contains_whitespace,hangul;whitespace,True,
4381,merge,애가,'애가',6,2,ec 95 a0 ea b0 80,798,290,,hangul,True,
4382,merge, 연예,' 연예',7,3,20 ec 97 b0 ec 98 88,446,1086,contains_whitespace,hangul;whitespace,True,
4383,merge, 역시나,' 역시나',10,4,20 ec 97 ad ec 8b 9c eb 82 98,1313,320,contains_whitespace,hangul;whitespace,True,
4384,merge, 살짝,' 살짝',7,3,20 ec 82 b4 ec a7 9d,887,1918,contains_whitespace,hangul;whitespace,True,
4385,merge, 발전,' 발전',7,3,20 eb b0 9c ec a0 84,1131,434,contains_whitespace,hangul;whitespace,True,
4386,merge,에 이,'에 이',7,3,ec 97 90 20 ec 9d b4,300,322,contains_whitespace,hangul;whitespace,True,
4387,merge,드로,'드로',6,2,eb 93 9c eb a1 9c,462,325,,hangul,True,
4388,merge, 끄,' 끄',4,2,20 eb 81 84,627,136,contains_whitespace,hangul;whitespace,True,
4389,merge,자들이,'자들이',9,3,ec 9e 90 eb 93 a4 ec 9d b4,392,593,,hangul,True,
4390,merge, 해피,' 해피',7,3,20 ed 95 b4 ed 94 bc,753,1007,contains_whitespace,hangul;whitespace,True,
4391,merge,지 않을,'지 않을',10,4,ec a7 80 20 ec 95 8a ec 9d 84,642,318,contains_whitespace,hangul;whitespace,True,
4392,merge,이유,'이유',6,2,ec 9d b4 ec 9c a0,267,664,,hangul,True,
4393,merge,분위,'분위',6,2,eb b6 84 ec 9c 84,546,835,,hangul,True,
4394,merge,했으면,'했으면',9,3,ed 96 88 ec 9c bc eb a9 b4,526,826,,hangul,True,
4395,merge,심이,'심이',6,2,ec 8b ac ec 9d b4,673,267,,hangul,True,
4396,merge, 흐름,' 흐름',7,3,20 ed 9d 90 eb a6 84,2029,636,contains_whitespace,hangul;whitespace,True,
4397,merge, cg,' cg',3,3,20 63 67,2736,107,contains_whitespace,english;whitespace,True,
4398,merge, 지루하지 않,' 지루하지 않',17,7,20 ec a7 80 eb a3 a8 ed 95 98 ec a7 80 20 ec 95 8a,720,1654,contains_whitespace,hangul;whitespace,True,
4399,merge, 개인,' 개인',7,3,20 ea b0 9c ec 9d b8,618,341,contains_whitespace,hangul;whitespace,True,
4400,merge, 영화였,' 영화였',10,4,20 ec 98 81 ed 99 94 ec 98 80,305,641,contains_whitespace,hangul;whitespace,True,
4401,merge,소설,'소설',6,2,ec 86 8c ec 84 a4,595,877,,hangul,True,
4402,merge,롱,'롱',3,1,eb a1 b1,312,181,,hangul,True,
4403,merge, 봤는데..,' 봤는데..',12,6,20 eb b4 a4 eb 8a 94 eb 8d b0 2e 2e,841,266,contains_whitespace,hangul;punct_symbol;whitespace,True,
4404,merge,임?,'임?',4,2,ec 9e 84 3f,578,67,,hangul;punct_symbol,True,
4405,merge, 포기,' 포기',7,3,20 ed 8f ac ea b8 b0,1330,303,contains_whitespace,hangul;whitespace,True,
4406,merge,따위,'따위',6,2,eb 94 b0 ec 9c 84,1265,835,,hangul,True,
4407,merge,\n차,'\n차',4,2,0a ec b0 a8,1928,172,contains_whitespace;control_char,control;hangul;whitespace,True,
4408,merge,직도,'직도',6,2,ec a7 81 eb 8f 84,750,296,,hangul,True,
4409,merge,을 안,'을 안',7,3,ec 9d 84 20 ec 95 88,318,568,contains_whitespace,hangul;whitespace,True,
4410,merge,,b' \xeb\x9a',3,0,20 eb 9a,261,158,invalid_utf8,invalid_utf8,False,'utf-8' codec can't decode bytes in position 1-2: unexpected end of data
4411,merge,ov,'ov',2,2,6f 76,115,122,,english,True,
4412,merge, 실패,' 실패',7,3,20 ec 8b a4 ed 8c a8,851,1688,contains_whitespace,hangul;whitespace,True,
4413,merge, 평생,' 평생',7,3,20 ed 8f 89 ec 83 9d,1026,592,contains_whitespace,hangul;whitespace,True,
4414,merge,쩌,'쩌',3,1,ec a9 8c,1267,144,,hangul,True,
4415,merge, 아는,' 아는',7,3,20 ec 95 84 eb 8a 94,349,272,contains_whitespace,hangul;whitespace,True,
4416,merge, 폭력,' 폭력',7,3,20 ed 8f ad eb a0 a5,2214,591,contains_whitespace,hangul;whitespace,True,
4417,merge,의 영화는,'의 영화는',13,5,ec 9d 98 20 ec 98 81 ed 99 94 eb 8a 94,830,272,contains_whitespace,hangul;whitespace,True,
4418,merge,처구니,'처구니',9,3,ec b2 98 ea b5 ac eb 8b 88,4285,336,,hangul,True,
4419,merge, 광고,' 광고',7,3,20 ea b4 91 ea b3 a0,2545,277,contains_whitespace,hangul;whitespace,True,
4420,merge, 짐,' 짐',4,2,20 ec a7 90,351,148,contains_whitespace,hangul;whitespace,True,
4421,merge,,b'\x84\xeb\xa6\xac\xed\x8b\xb0',7,0,84 eb a6 ac ed 8b b0,136,3158,invalid_utf8,invalid_utf8,False,'utf-8' codec can't decode byte 0x84 in position 0: invalid start byte
4422,merge,수는,'수는',6,2,ec 88 98 eb 8a 94,415,272,,hangul,True,
4423,merge,,b'\xa5\xb4\xeb\x85\xb8',5,0,a5 b4 eb 85 b8,2725,820,invalid_utf8,invalid_utf8,False,'utf-8' codec can't decode byte 0xa5 in position 0: invalid start byte
4424,merge, 방법,' 방법',7,3,20 eb b0 a9 eb b2 95,1304,1823,contains_whitespace,hangul;whitespace,True,
4425,merge,하고..,'하고..',8,4,ed 95 98 ea b3 a0 2e 2e,437,266,,hangul;punct_symbol,True,
4426,merge, 찝찝,' 찝찝',7,3,20 ec b0 9d ec b0 9d,4292,3936,contains_whitespace,hangul;whitespace,True,
4427,merge,어..,'어..',5,3,ec 96 b4 2e 2e,327,266,,hangul;punct_symbol,True,
4428,merge,네.\n,'네.\n',5,3,eb 84 a4 2e 0a,379,311,contains_whitespace;control_char,control;hangul;punct_symbol;whitespace,True,
4429,merge, 짱짱,' 짱짱',7,3,20 ec a7 b1 ec a7 b1,1434,1213,contains_whitespace,hangul;whitespace,True,
4430,merge,값,'값',3,1,ea b0 92,265,150,,hangul,True,
4431,merge, 돼,' 돼',4,2,20 eb 8f bc,495,192,contains_whitespace,hangul;whitespace,True,
4432,merge,묘,'묘',3,1,eb ac 98,515,156,,hangul,True,
4433,merge, 꾸,' 꾸',4,2,20 ea be b8,3504,188,contains_whitespace,hangul;whitespace,True,
4434,merge,,b'\xac\xeb\xa6\xbc',4,0,ac eb a6 bc,866,192,invalid_utf8,invalid_utf8,False,'utf-8' codec can't decode byte 0xac in position 0: invalid start byte
4435,merge,19,'19',2,2,31 39,53,61,,digit,True,
4436,merge,줘야,'줘야',6,2,ec a4 98 ec 95 bc,1834,412,,hangul,True,
4437,merge, ㅎ\n,' ㅎ\n',5,3,20 e3 85 8e 0a,36,2018,contains_whitespace;control_char,control;hangul;whitespace,True,
4438,merge, 쩔,' 쩔',4,2,20 ec a9 94,2273,152,contains_whitespace,hangul;whitespace,True,
4439,merge,인들,'인들',6,2,ec 9d b8 eb 93 a4,341,334,,hangul,True,
4440,merge,진정한,'진정한',9,3,ec a7 84 ec a0 95 ed 95 9c,422,2257,,hangul,True,
4441,merge,아요.,'아요.',7,3,ec 95 84 ec 9a 94 2e,338,1162,,hangul;punct_symbol,True,
4442,merge,습니다..,'습니다..',11,5,ec 8a b5 eb 8b 88 eb 8b a4 2e 2e,557,717,,hangul;punct_symbol,True,
4443,merge, 영화라,' 영화라',10,4,20 ec 98 81 ed 99 94 eb 9d bc,305,330,contains_whitespace,hangul;whitespace,True,
4444,merge, 깔끔,' 깔끔',7,3,20 ea b9 94 eb 81 94,3241,2007,contains_whitespace,hangul;whitespace,True,
4445,merge, 마음을,' 마음을',10,4,20 eb a7 88 ec 9d 8c ec 9d 84,1224,318,contains_whitespace,hangul;whitespace,True,
4446,merge,을까?\n,'을까?\n',8,4,ec 9d 84 ea b9 8c 3f 0a,1091,709,contains_whitespace;control_char,control;hangul;punct_symbol;whitespace,True,
4447,merge,뢰,'뢰',3,1,eb a2 b0,4376,180,,hangul,True,
4448,merge,게임,'게임',6,2,ea b2 8c ec 9e 84,319,578,,hangul,True,
4449,merge,초반,'초반',6,2,ec b4 88 eb b0 98,1205,1631,,hangul,True,
4450,merge, 볼수있,' 볼수있',10,4,20 eb b3 bc ec 88 98 ec 9e 88,670,1740,contains_whitespace,hangul;whitespace,True,
4451,merge,인데도,'인데도',9,3,ec 9d b8 eb 8d b0 eb 8f 84,904,296,,hangul,True,
4452,merge,즈니,'즈니',6,2,ec a6 88 eb 8b 88,950,336,,hangul,True,
4453,merge, 꼽,' 꼽',4,2,20 ea bc bd,1013,193,contains_whitespace,hangul;whitespace,True,
4454,merge, 졸라,' 졸라',7,3,20 ec a1 b8 eb 9d bc,1218,330,contains_whitespace,hangul;whitespace,True,
4455,merge,,b'\x90\xeb\xa7\x81',4,0,90 eb a7 81,148,1377,invalid_utf8,invalid_utf8,False,'utf-8' codec can't decode byte 0x90 in position 0: invalid start byte
4456,merge,다는걸,'다는걸',9,3,eb 8b a4 eb 8a 94 ea b1 b8,644,643,,hangul,True,
4457,merge, 아니다,' 아니다',10,4,20 ec 95 84 eb 8b 88 eb 8b a4,770,268,contains_whitespace,hangul;whitespace,True,
4458,merge,개도 아깝,'개도 아깝',13,5,ea b0 9c eb 8f 84 20 ec 95 84 ea b9 9d,577,1751,contains_whitespace,hangul;whitespace,True,
4459,merge, 다소,' 다소',7,3,20 eb 8b a4 ec 86 8c,416,595,contains_whitespace,hangul;whitespace,True,
4460,merge, 보기엔,' 보기엔',10,4,20 eb b3 b4 ea b8 b0 ec 97 94,1233,876,contains_whitespace,hangul;whitespace,True,
4461,merge,에서 가장,'에서 가장',13,5,ec 97 90 ec 84 9c 20 ea b0 80 ec 9e a5,463,1208,contains_whitespace,hangul;whitespace,True,
4462,merge, 봤는데...,' 봤는데...',13,7,20 eb b4 a4 eb 8a 94 eb 8d b0 2e 2e 2e,841,373,contains_whitespace;repeated_run,hangul;punct_symbol;whitespace,True,
4463,merge,서도,'서도',6,2,ec 84 9c eb 8f 84,321,296,,hangul,True,
4464,merge,와는,'와는',6,2,ec 99 80 eb 8a 94,509,272,,hangul,True,
4465,merge, 감탄,' 감탄',7,3,20 ea b0 90 ed 83 84,808,1403,contains_whitespace,hangul;whitespace,True,
4466,merge,,b'\xb2\x95',2,0,b2 95,182,153,invalid_utf8,invalid_utf8,False,'utf-8' codec can't decode byte 0xb2 in position 0: invalid start byte
4467,merge,★★,'★★',6,2,e2 98 85 e2 98 85,3626,3626,,punct_symbol,True,
4468,merge, 귀신,' 귀신',7,3,20 ea b7 80 ec 8b a0,1184,545,contains_whitespace,hangul;whitespace,True,
4469,merge,zz,'zz',2,2,7a 7a,126,126,,english,True,
4470,merge,미가,'미가',6,2,eb af b8 ea b0 80,497,290,,hangul,True,
4471,merge, ㄷㄷ,' ㄷㄷ',7,3,20 e3 84 b7 e3 84 b7,36,1596,contains_whitespace,hangul;whitespace,True,
4472,merge,버리,'버리',6,2,eb b2 84 eb a6 ac,685,332,,hangul,True,
4473,merge, !\n,' !\n',3,3,20 21 0a,36,582,contains_whitespace;control_char,control;punct_symbol;whitespace,True,
4474,merge,년에,'년에',6,2,eb 85 84 ec 97 90,629,300,,hangul,True,
4475,merge,워요,'워요',6,2,ec 9b 8c ec 9a 94,754,326,,hangul,True,
4476,merge, 열심히,' 열심히',10,4,20 ec 97 b4 ec 8b ac ed 9e 88,1450,3753,contains_whitespace,hangul;whitespace,True,
4477,merge, 감동과,' 감동과',10,4,20 ea b0 90 eb 8f 99 ea b3 bc,680,441,contains_whitespace,hangul;whitespace,True,
4478,merge, 쇼,' 쇼',4,2,20 ec 87 bc,260,2324,contains_whitespace,hangul;whitespace,True,
4479,merge,을 한,'을 한',7,3,ec 9d 84 20 ed 95 9c,318,469,contains_whitespace,hangul;whitespace,True,
4480,merge, 불쾌,' 불쾌',7,3,20 eb b6 88 ec be 8c,1043,1323,contains_whitespace,hangul;whitespace,True,
4481,merge,수가 없,'수가 없',10,4,ec 88 98 ea b0 80 20 ec 97 86,415,1161,contains_whitespace,hangul;whitespace,True,
4482,merge, 끝나고,' 끝나고',10,4,20 eb 81 9d eb 82 98 ea b3 a0,732,1846,contains_whitespace,hangul;whitespace,True,
4483,merge,지는 않,'지는 않',10,4,ec a7 80 eb 8a 94 20 ec 95 8a,959,550,contains_whitespace,hangul;whitespace,True,
4484,merge,았다,'았다',6,2,ec 95 98 eb 8b a4,467,268,,hangul,True,
4485,merge, 한데,' 한데',7,3,20 ed 95 9c eb 8d b0,469,346,contains_whitespace,hangul;whitespace,True,
4486,merge,사는,'사는',6,2,ec 82 ac eb 8a 94,544,272,,hangul,True,
4487,merge,,b'\x9b\x90',2,0,9b 90,159,148,invalid_utf8,invalid_utf8,False,'utf-8' codec can't decode byte 0x9b in position 0: invalid start byte
4488,merge, 싱,' 싱',4,2,20 ec 8b b1,358,181,contains_whitespace,hangul;whitespace,True,
4489,merge, 핵,' 핵',4,2,20 ed 95 b5,774,185,contains_whitespace,hangul;whitespace,True,
4490,merge, 빠지,' 빠지',7,3,20 eb b9 a0 ec a7 80,1251,286,contains_whitespace,hangul;whitespace,True,
4491,merge,평론가,'평론가',9,3,ed 8f 89 eb a1 a0 ea b0 80,1221,2606,,hangul,True,
4492,merge,,b'\xb0\xa9',2,0,b0 a9,180,173,invalid_utf8,invalid_utf8,False,'utf-8' codec can't decode byte 0xb0 in position 0: invalid start byte
4493,merge,자신,'자신',6,2,ec 9e 90 ec 8b a0,392,545,,hangul,True,
4494,merge, 점수를,' 점수를',10,4,20 ec a0 90 ec 88 98 eb a5 bc,1771,382,contains_whitespace,hangul;whitespace,True,
4495,merge, 대작,' 대작',7,3,20 eb 8c 80 ec 9e 91,513,423,contains_whitespace,hangul;whitespace,True,
4496,merge, 산으로,' 산으로',10,4,20 ec 82 b0 ec 9c bc eb a1 9c,1914,432,contains_whitespace,hangul;whitespace,True,
4497,merge, 하나도,' 하나도',10,4,20 ed 95 98 eb 82 98 eb 8f 84,912,296,contains_whitespace,hangul;whitespace,True,
4498,merge,♡\n,'♡\n',4,2,e2 99 a1 0a,2200,14,contains_whitespace;control_char,control;punct_symbol;whitespace,True,
4499,merge,,b'\xec\xba',2,0,ec ba,240,190,invalid_utf8,invalid_utf8,False,'utf-8' codec can't decode bytes in position 0-1: unexpected end of data
4500,merge,후반,'후반',6,2,ed 9b 84 eb b0 98,1009,878,,hangul,True,
4501,merge, 안하고,' 안하고',10,4,20 ec 95 88 ed 95 98 ea b3 a0,568,437,contains_whitespace,hangul;whitespace,True,
4502,merge, 아까웠,' 아까웠',10,4,20 ec 95 84 ea b9 8c ec 9b a0,1087,1117,contains_whitespace,hangul;whitespace,True,
4503,merge, 소름끼,' 소름끼',10,4,20 ec 86 8c eb a6 84 eb 81 bc,2126,1079,contains_whitespace,hangul;whitespace,True,
4504,merge,의 조,'의 조',7,3,ec 9d 98 20 ec a1 b0,310,747,contains_whitespace,hangul;whitespace,True,
4505,merge, 무지,' 무지',7,3,20 eb ac b4 ec a7 80,554,286,contains_whitespace,hangul;whitespace,True,
4506,merge,으로써,'으로써',9,3,ec 9c bc eb a1 9c ec 8d a8,432,1682,,hangul,True,
4507,merge,다들,'다들',6,2,eb 8b a4 eb 93 a4,268,334,,hangul,True,
4508,merge,그인,'그인',6,2,ea b7 b8 ec 9d b8,460,341,,hangul,True,
4509,merge,,b'\x81\xec\x93\xb8',4,0,81 ec 93 b8,133,2811,invalid_utf8,invalid_utf8,False,'utf-8' codec can't decode byte 0x81 in position 0: invalid start byte
4510,merge,듯.,'듯.',4,2,eb 93 af 2e,613,50,,hangul;punct_symbol,True,
4511,merge,,b'\xe3\x80',2,0,e3 80,231,132,invalid_utf8,invalid_utf8,False,'utf-8' codec can't decode bytes in position 0-1: unexpected end of data
4512,merge, 앞으로,' 앞으로',10,4,20 ec 95 9e ec 9c bc eb a1 9c,1814,432,contains_whitespace,hangul;whitespace,True,
4513,merge, 먼저,' 먼저',7,3,20 eb a8 bc ec a0 80,2627,667,contains_whitespace,hangul;whitespace,True,
4514,merge, 슬픔,' 슬픔',7,3,20 ec 8a ac ed 94 94,1198,2508,contains_whitespace,hangul;whitespace,True,
4515,merge,둑,'둑',3,1,eb 91 91,1569,149,,hangul,True,
4516,merge,내용도,'내용도',9,3,eb 82 b4 ec 9a a9 eb 8f 84,1171,296,,hangul,True,
4517,merge,\n감동,'\n감동',7,3,0a ea b0 90 eb 8f 99,14,1175,contains_whitespace;control_char,control;hangul;whitespace,True,
4518,merge,만 있,'만 있',7,3,eb a7 8c 20 ec 9e 88,328,431,contains_whitespace,hangul;whitespace,True,
4519,merge, 소장,' 소장',7,3,20 ec 86 8c ec 9e a5,658,425,contains_whitespace,hangul;whitespace,True,
4520,merge, 후속,' 후속',7,3,20 ed 9b 84 ec 86 8d,982,788,contains_whitespace,hangul;whitespace,True,
4521,merge,.ㅡ,'.ㅡ',4,2,2e e3 85 a1,50,575,,hangul;punct_symbol,True,
4522,merge, 류,' 류',4,2,20 eb a5 98,261,4161,contains_whitespace,hangul;whitespace,True,
4523,merge,.\n정말,'.\n정말',8,4,2e 0a ec a0 95 eb a7 90,311,653,contains_whitespace;control_char,control;hangul;punct_symbol;whitespace,True,
4524,merge, 고생,' 고생',7,3,20 ea b3 a0 ec 83 9d,813,592,contains_whitespace,hangul;whitespace,True,
4525,merge, 이영화가,' 이영화가',13,5,20 ec 9d b4 ec 98 81 ed 99 94 ea b0 80,322,1318,contains_whitespace,hangul;whitespace,True,
4526,merge, 감동적,' 감동적',10,4,20 ea b0 90 eb 8f 99 ec a0 81,680,417,contains_whitespace,hangul;whitespace,True,
4527,merge,인줄 알았,'인줄 알았',13,5,ec 9d b8 ec a4 84 20 ec 95 8c ec 95 98,341,2124,contains_whitespace,hangul;whitespace,True,
4528,merge,이들,'이들',6,2,ec 9d b4 eb 93 a4,267,334,,hangul,True,
4529,merge,ㅋㅋㅋㅋㅋㅋㅋㅋㅋㅋㅋㅋㅋㅋㅋㅋ,'ㅋㅋㅋㅋㅋㅋㅋㅋㅋㅋㅋㅋㅋㅋㅋㅋ',48,16,e3 85 8b e3 85 8b e3 85 8b e3 85 8b e3 85 8b e3 85 8b e3 85 8b e3 85 8b e3 85 8b e3 85 8b e3 85 8b e3 85 8b e3 85 8b e3 85 8b e3 85 8b e3 85 8b,1282,1282,long_bytes;long_chars;repeated_run,hangul,True,
4530,merge,\n이 영화를,'\n이 영화를',14,6,0a ec 9d b4 20 ec 98 81 ed 99 94 eb a5 bc,558,929,contains_whitespace;control_char,control;hangul;whitespace,True,
4531,merge, 질질,' 질질',7,3,20 ec a7 88 ec a7 88,1871,869,contains_whitespace,hangul;whitespace,True,
4532,merge, 스케,' 스케',7,3,20 ec 8a a4 ec bc 80,494,1375,contains_whitespace,hangul;whitespace,True,
4533,merge, 애들이,' 애들이',10,4,20 ec 95 a0 eb 93 a4 ec 9d b4,762,593,contains_whitespace,hangul;whitespace,True,
4534,merge, 놀랐,' 놀랐',7,3,20 eb 86 80 eb 9e 90,1454,1905,contains_whitespace,hangul;whitespace,True,
4535,merge,어.,'어.',4,2,ec 96 b4 2e,327,50,,hangul;punct_symbol,True,
4536,merge, 깊은,' 깊은',7,3,20 ea b9 8a ec 9d 80,2170,313,contains_whitespace,hangul;whitespace,True,
4537,merge, 왠지,' 왠지',7,3,20 ec 99 a0 ec a7 80,2451,286,contains_whitespace,hangul;whitespace,True,
4538,merge,이터,'이터',6,2,ec 9d b4 ed 84 b0,267,547,,hangul,True,
4539,merge,캐릭터,'캐릭터',9,3,ec ba 90 eb a6 ad ed 84 b0,1948,1307,,hangul,True,
4540,merge,는거야,'는거야',9,3,eb 8a 94 ea b1 b0 ec 95 bc,1041,412,,hangul,True,
4541,merge,구를,'구를',6,2,ea b5 ac eb a5 bc,1623,829,,hangul,True,
4542,merge,,b'\xeb\x8b\xa4\n\xec\xa2',6,0,eb 8b a4 0a ec a2,806,166,invalid_utf8,invalid_utf8,False,'utf-8' codec can't decode bytes in position 4-5: unexpected end of data
4543,merge,스토리는,'스토리는',12,4,ec 8a a4 ed 86 a0 eb a6 ac eb 8a 94,1216,272,,hangul,True,
4544,merge, 두번,' 두번',7,3,20 eb 91 90 eb b2 88,1088,711,contains_whitespace,hangul;whitespace,True,
4545,merge,뚱,'뚱',3,1,eb 9a b1,3027,181,,hangul,True,
4546,merge,예요,'예요',6,2,ec 98 88 ec 9a 94,1086,326,,hangul,True,
4547,merge,의 극,'의 극',7,3,ec 9d 98 20 ea b7 b9,310,1016,contains_whitespace,hangul;whitespace,True,
4548,merge, 두고,' 두고',7,3,20 eb 91 90 ea b3 a0,1088,277,contains_whitespace,hangul;whitespace,True,
4549,merge, 특별,' 특별',7,3,20 ed 8a b9 eb b3 84,1121,1093,contains_whitespace,hangul;whitespace,True,
4550,merge,bb,'bb',2,2,62 62,102,102,,english,True,
4551,merge, 미스,' 미스',7,3,20 eb af b8 ec 8a a4,672,371,contains_whitespace,hangul;whitespace,True,
4552,merge,\n존,'\n존',4,2,0a ec a1 b4,1791,184,contains_whitespace;control_char,control;hangul;whitespace,True,
4553,merge,피소,'피소',6,2,ed 94 bc ec 86 8c,1007,595,,hangul,True,
4554,merge, 내 인생,' 내 인생',11,5,20 eb 82 b4 20 ec 9d b8 ec 83 9d,482,1356,contains_whitespace,hangul;whitespace,True,
4555,merge, 재밌게봤,' 재밌게봤',13,5,20 ec 9e ac eb b0 8c ea b2 8c eb b4 a4,1059,769,contains_whitespace,hangul;whitespace,True,
4556,merge,",2","',2'",2,2,2c 32,48,54,,digit;punct_symbol,True,
4557,merge, 하는거,' 하는거',10,4,20 ed 95 98 eb 8a 94 ea b1 b0,411,1041,contains_whitespace,hangul;whitespace,True,
4558,merge,거운,'거운',6,2,ea b1 b0 ec 9a b4,385,492,,hangul,True,
4559,merge, 너무 잘,' 너무 잘',11,5,20 eb 84 88 eb ac b4 20 ec 9e 98,452,549,contains_whitespace,hangul;whitespace,True,
4560,merge,\n옛날,'\n옛날',7,3,0a ec 98 9b eb 82 a0,1006,2143,contains_whitespace;control_char,control;hangul;whitespace,True,
4561,merge,\n재미없,'\n재미없',10,4,0a ec 9e ac eb af b8 ec 97 86,14,1320,contains_whitespace;control_char,control;hangul;whitespace,True,
4562,merge,쓴,'쓴',3,1,ec 93 b4,240,2584,,hangul,True,
4563,merge,다. 그,'다. 그',8,4,eb 8b a4 2e 20 ea b7 b8,369,359,contains_whitespace,hangul;punct_symbol;whitespace,True,
4564,merge,메이,'메이',6,2,eb a9 94 ec 9d b4,340,1074,,hangul,True,
4565,merge,..\n정말,'..\n정말',9,5,2e 2e 0a ec a0 95 eb a7 90,487,653,contains_whitespace;control_char,control;hangul;punct_symbol;whitespace,True,
4566,merge,리고 싶,'리고 싶',10,4,eb a6 ac ea b3 a0 20 ec 8b b6,739,784,contains_whitespace,hangul;whitespace,True,
4567,merge, 썩,' 썩',4,2,20 ec 8d a9,2888,173,contains_whitespace,hangul;whitespace,True,
4568,merge,.\n너무,'.\n너무',8,4,2e 0a eb 84 88 eb ac b4,311,707,contains_whitespace;control_char,control;hangul;punct_symbol;whitespace,True,
4569,merge,가락,'가락',6,2,ea b0 80 eb 9d bd,290,1616,,hangul,True,
4570,merge,\n졸,'\n졸',4,2,0a ec a1 b8,1791,188,contains_whitespace;control_char,control;hangul;whitespace,True,
4571,merge,맙,'맙',3,1,eb a7 99,275,157,,hangul,True,
4572,merge,he ,'he ',3,3,68 65 20,108,2098,contains_whitespace,english;whitespace,True,
4573,merge, 밝,' 밝',4,2,20 eb b0 9d,376,161,contains_whitespace,hangul;whitespace,True,
4574,merge, 움,' 움',4,2,20 ec 9b 80,565,132,contains_whitespace,hangul;whitespace,True,
4575,merge, 끊,' 끊',4,2,20 eb 81 8a,627,142,contains_whitespace,hangul;whitespace,True,
4576,merge,숭,'숭',3,1,ec 88 ad,710,177,,hangul,True,
4577,merge, 이젠,' 이젠',7,3,20 ec 9d b4 ec a0 a0,322,2447,contains_whitespace,hangul;whitespace,True,
4578,merge, 나오고,' 나오고',10,4,20 eb 82 98 ec 98 a4 ea b3 a0,935,277,contains_whitespace,hangul;whitespace,True,
4579,merge, 역겨,' 역겨',7,3,20 ec 97 ad ea b2 a8,843,974,contains_whitespace,hangul;whitespace,True,
4580,merge, 고통,' 고통',7,3,20 ea b3 a0 ed 86 b5,813,1336,contains_whitespace,hangul;whitespace,True,
4581,merge, 성장,' 성장',7,3,20 ec 84 b1 ec 9e a5,979,425,contains_whitespace,hangul;whitespace,True,
4582,merge, 섹시,' 섹시',7,3,20 ec 84 b9 ec 8b 9c,2752,365,contains_whitespace,hangul;whitespace,True,
4583,merge,하려고,'하려고',9,3,ed 95 98 eb a0 a4 ea b3 a0,289,1234,,hangul,True,
4584,merge, 봤으면,' 봤으면',10,4,20 eb b4 a4 ec 9c bc eb a9 b4,480,826,contains_whitespace,hangul;whitespace,True,
4585,merge,하다니,'하다니',9,3,ed 95 98 eb 8b a4 eb 8b 88,1017,336,,hangul,True,
4586,merge, 감동적이고,' 감동적이고',16,6,20 ea b0 90 eb 8f 99 ec a0 81 ec 9d b4 ea b3 a0,680,1762,contains_whitespace,hangul;whitespace,True,
4587,merge, 엘,' 엘',4,2,20 ec 97 98,315,156,contains_whitespace,hangul;whitespace,True,
4588,merge,펐,'펐',3,1,ed 8e 90,570,148,,hangul,True,
4589,merge, 샤,' 샤',4,2,20 ec 83 a4,429,168,contains_whitespace,hangul;whitespace,True,
4590,merge,드라,'드라',6,2,eb 93 9c eb 9d bc,462,330,,hangul,True,
4591,merge,게 만들,'게 만들',10,4,ea b2 8c 20 eb a7 8c eb 93 a4,319,704,contains_whitespace,hangul;whitespace,True,
4592,merge, 민망,' 민망',7,3,20 eb af bc eb a7 9d,2235,727,contains_whitespace,hangul;whitespace,True,
4593,merge,옹,'옹',3,1,ec 98 b9,360,189,,hangul,True,
4594,merge,이 많,'이 많',7,3,ec 9d b4 20 eb a7 8e,267,675,contains_whitespace,hangul;whitespace,True,
4595,merge,\n저,'\n저',4,2,0a ec a0 80,14,667,contains_whitespace;control_char,control;hangul;whitespace,True,
4596,merge,보고 싶,'보고 싶',10,4,eb b3 b4 ea b3 a0 20 ec 8b b6,781,784,contains_whitespace,hangul;whitespace,True,
4597,merge, 남는 영화,' 남는 영화',14,6,20 eb 82 a8 eb 8a 94 20 ec 98 81 ed 99 94,649,537,contains_whitespace,hangul;whitespace,True,
4598,merge, 안본,' 안본',7,3,20 ec 95 88 eb b3 b8,3247,188,contains_whitespace,hangul;whitespace,True,
4599,merge, 능력,' 능력',7,3,20 eb 8a a5 eb a0 a5,2936,591,contains_whitespace,hangul;whitespace,True,
4600,merge,더군요,'더군요',9,3,eb 8d 94 ea b5 b0 ec 9a 94,662,2262,,hangul,True,
4601,merge,오글,'오글',6,2,ec 98 a4 ea b8 80,466,934,,hangul,True,
4602,merge,구들,'구들',6,2,ea b5 ac eb 93 a4,1623,1551,,hangul,True,
4603,merge, 기본,' 기본',7,3,20 ea b8 b0 eb b3 b8,511,626,contains_whitespace,hangul;whitespace,True,
4604,merge,인데..,'인데..',8,4,ec 9d b8 eb 8d b0 2e 2e,904,266,,hangul;punct_symbol,True,
4605,merge,의 연기가,'의 연기가',13,5,ec 9d 98 20 ec 97 b0 ea b8 b0 ea b0 80,1488,290,contains_whitespace,hangul;whitespace,True,
4606,merge,의식,'의식',6,2,ec 9d 98 ec 8b 9d,310,882,,hangul,True,
4607,merge,달라,'달라',6,2,eb 8b ac eb 9d bc,263,1206,,hangul,True,
4608,merge,사람은,'사람은',9,3,ec 82 ac eb 9e 8c ec 9d 80,1145,313,,hangul,True,
4609,merge,내용은,'내용은',9,3,eb 82 b4 ec 9a a9 ec 9d 80,1171,313,,hangul,True,
4610,merge, 그런가,' 그런가',10,4,20 ea b7 b8 eb 9f b0 ea b0 80,1110,290,contains_whitespace,hangul;whitespace,True,
4611,merge,벨,'벨',3,1,eb b2 a8,413,172,,hangul,True,
4612,merge, 생애,' 생애',7,3,20 ec 83 9d ec 95 a0,1292,798,contains_whitespace,hangul;whitespace,True,
4613,merge, 춤,' 춤',4,2,20 ec b6 a4,616,168,contains_whitespace,hangul;whitespace,True,
4614,merge,트맨,'트맨',6,2,ed 8a b8 eb a7 a8,639,1040,,hangul,True,
4615,merge,중의,'중의',6,2,ec a4 91 ec 9d 98,559,310,,hangul,True,
4616,merge,다. 이,'다. 이',8,4,eb 8b a4 2e 20 ec 9d b4,369,322,contains_whitespace,hangul;punct_symbol;whitespace,True,
4617,merge, 제로,' 제로',7,3,20 ec a0 9c eb a1 9c,607,325,contains_whitespace,hangul;whitespace,True,
4618,merge,씨가,'씨가',6,2,ec 94 a8 ea b0 80,998,290,,hangul,True,
4619,merge, 남녀,' 남녀',7,3,20 eb 82 a8 eb 85 80,649,1140,contains_whitespace,hangul;whitespace,True,
4620,merge, 없고,' 없고',7,3,20 ec 97 86 ea b3 a0,409,277,contains_whitespace,hangul;whitespace,True,
4621,merge,y ,'y ',2,2,79 20,125,36,contains_whitespace,english;whitespace,True,
4622,merge, 푹,' 푹',4,2,20 ed 91 b9,3251,189,contains_whitespace,hangul;whitespace,True,
4623,merge, 했지만,' 했지만',10,4,20 ed 96 88 ec a7 80 eb a7 8c,1002,436,contains_whitespace,hangul;whitespace,True,
4624,merge,갈수록,'갈수록',9,3,ea b0 88 ec 88 98 eb a1 9d,1866,1617,,hangul,True,
4625,merge,\n수,'\n수',4,2,0a ec 88 98,353,368,contains_whitespace;control_char,control;hangul;whitespace,True,
4626,merge, 연기자,' 연기자',10,4,20 ec 97 b0 ea b8 b0 ec 9e 90,527,392,contains_whitespace,hangul;whitespace,True,
4627,merge, 때문,' 때문',7,3,20 eb 95 8c eb ac b8,905,716,contains_whitespace,hangul;whitespace,True,
4628,merge,리포,'리포',6,2,eb a6 ac ed 8f ac,332,815,,hangul,True,
4629,merge,끄럽,'끄럽',6,2,eb 81 84 eb 9f bd,2424,864,,hangul,True,
4630,merge, 조연,' 조연',7,3,20 ec a1 b0 ec 97 b0,747,483,contains_whitespace,hangul;whitespace,True,
4631,merge,잊,'잊',3,1,ec 9e 8a,274,142,,hangul,True,
4632,merge,에만,'에만',6,2,ec 97 90 eb a7 8c,300,328,,hangul,True,
4633,merge,을 수 있,'을 수 있',11,5,ec 9d 84 20 ec 88 98 20 ec 9e 88,318,970,contains_whitespace,hangul;whitespace,True,
4634,merge,소녀,'소녀',6,2,ec 86 8c eb 85 80,595,1140,,hangul,True,
4635,merge, 7점,' 7점',5,3,20 37 ec a0 90,1632,366,contains_whitespace,digit;hangul;whitespace,True,
4636,merge,대를,'대를',6,2,eb 8c 80 eb a5 bc,390,382,,hangul,True,
4637,merge,네여,'네여',6,2,eb 84 a4 ec 97 ac,379,508,,hangul,True,
4638,merge,네...\n,'네...\n',7,5,eb 84 a4 2e 2e 2e 0a,379,475,contains_whitespace;control_char;repeated_run,control;hangul;punct_symbol;whitespace,True,
4639,merge, 펑,' 펑',4,2,20 ed 8e 91,1068,149,contains_whitespace,hangul;whitespace,True,
4640,merge, 짠,' 짠',4,2,20 ec a7 a0,351,164,contains_whitespace,hangul;whitespace,True,
4641,merge, 형편,' 형편',7,3,20 ed 98 95 ed 8e b8,1793,647,contains_whitespace,hangul;whitespace,True,
4642,merge,이라서,'이라서',9,3,ec 9d b4 eb 9d bc ec 84 9c,650,321,,hangul,True,
4643,merge,대는,'대는',6,2,eb 8c 80 eb 8a 94,390,272,,hangul,True,
4644,merge,한 것,'한 것',7,3,ed 95 9c 20 ea b2 83,304,661,contains_whitespace,hangul;whitespace,True,
4645,merge,.ㅋ,'.ㅋ',4,2,2e e3 85 8b,50,314,,hangul;punct_symbol,True,
4646,merge, 전체적으로,' 전체적으로',16,6,20 ec a0 84 ec b2 b4 ec a0 81 ec 9c bc eb a1 9c,2808,958,contains_whitespace,hangul;whitespace,True,
4647,merge, 논,' 논',4,2,20 eb 85 bc,821,192,contains_whitespace,hangul;whitespace,True,
4648,merge, 산만,' 산만',7,3,20 ec 82 b0 eb a7 8c,1914,328,contains_whitespace,hangul;whitespace,True,
4649,merge,흘,'흘',3,1,ed 9d 98,799,156,,hangul,True,
4650,merge, 몰라도,' 몰라도',10,4,20 eb aa b0 eb 9d bc eb 8f 84,921,1603,contains_whitespace,hangul;whitespace,True,
4651,merge, 생생,' 생생',7,3,20 ec 83 9d ec 83 9d,1292,592,contains_whitespace,hangul;whitespace,True,
4652,merge, 드라마가,' 드라마가',13,5,20 eb 93 9c eb 9d bc eb a7 88 ea b0 80,730,290,contains_whitespace,hangul;whitespace,True,
4653,merge,볍게,'볍게',6,2,eb b3 8d ea b2 8c,3315,319,,hangul,True,
4654,merge,였다\n,'였다\n',7,3,ec 98 80 eb 8b a4 0a,641,402,contains_whitespace;control_char,control;hangul;whitespace,True,
4655,merge,보다 못,'보다 못',10,4,eb b3 b4 eb 8b a4 20 eb aa bb,691,588,contains_whitespace,hangul;whitespace,True,
4656,merge, 2시간,' 2시간',8,4,20 32 ec 8b 9c ea b0 84,809,966,contains_whitespace,digit;hangul;whitespace,True,
4657,merge,검,'검',3,1,ea b2 80,282,132,,hangul,True,
4658,merge,흑,'흑',3,1,ed 9d 91,799,149,,hangul,True,
4659,merge, 안되는,' 안되는',10,4,20 ec 95 88 eb 90 98 eb 8a 94,1352,272,contains_whitespace,hangul;whitespace,True,
4660,merge, 예고편,' 예고편',10,4,20 ec 98 88 ea b3 a0 ed 8e b8,3355,647,contains_whitespace,hangul;whitespace,True,
4661,merge, 울었,' 울었',7,3,20 ec 9a b8 ec 97 88,1094,405,contains_whitespace,hangul;whitespace,True,
4662,merge,우고,'우고',6,2,ec 9a b0 ea b3 a0,404,277,,hangul,True,
4663,merge, 좋게,' 좋게',7,3,20 ec a2 8b ea b2 8c,406,319,contains_whitespace,hangul;whitespace,True,
4664,merge,인트,'인트',6,2,ec 9d b8 ed 8a b8,341,639,,hangul,True,
4665,merge,을 위해,'을 위해',10,4,ec 9d 84 20 ec 9c 84 ed 95 b4,318,2470,contains_whitespace,hangul;whitespace,True,
4666,merge,이스,'이스',6,2,ec 9d b4 ec 8a a4,267,371,,hangul,True,
4667,merge, 표절,' 표절',7,3,20 ed 91 9c ec a0 88,1125,1000,contains_whitespace,hangul;whitespace,True,
4668,merge, 목소,' 목소',7,3,20 eb aa a9 ec 86 8c,1763,595,contains_whitespace,hangul;whitespace,True,
4669,merge, 앞으로도,' 앞으로도',13,5,20 ec 95 9e ec 9c bc eb a1 9c eb 8f 84,1814,1625,contains_whitespace,hangul;whitespace,True,
4670,merge,긴 하지만,'긴 하지만',13,5,ea b8 b4 20 ed 95 98 ec a7 80 eb a7 8c,669,1396,contains_whitespace,hangul;whitespace,True,
4671,merge, 현재,' 현재',7,3,20 ed 98 84 ec 9e ac,984,761,contains_whitespace,hangul;whitespace,True,
4672,merge,꼴,'꼴',3,1,ea bc b4,1163,184,,hangul,True,
4673,merge, 만들어진,' 만들어진',13,5,20 eb a7 8c eb 93 a4 ec 96 b4 ec a7 84,1312,422,contains_whitespace,hangul;whitespace,True,
4674,merge,크린,'크린',6,2,ed 81 ac eb a6 b0,600,2886,,hangul,True,
4675,merge,루스,'루스',6,2,eb a3 a8 ec 8a a4,533,371,,hangul,True,
4676,merge, 올라,' 올라',7,3,20 ec 98 ac eb 9d bc,456,1206,contains_whitespace,hangul;whitespace,True,
4677,merge, 안봤,' 안봤',7,3,20 ec 95 88 eb b4 a4,733,2913,contains_whitespace,hangul;whitespace,True,
4678,merge, 탈,' 탈',4,2,20 ed 83 88,946,140,contains_whitespace,hangul;whitespace,True,
4679,merge,감독님,'감독님',9,3,ea b0 90 eb 8f 85 eb 8b 98,1053,852,,hangul,True,
4680,merge,아요\n,'아요\n',7,3,ec 95 84 ec 9a 94 0a,338,1215,contains_whitespace;control_char,control;hangul;whitespace,True,
4681,merge,컨,'컨',3,1,ec bb a8,1290,172,,hangul,True,
4682,merge,이 영화,'이 영화',10,4,ec 9d b4 20 ec 98 81 ed 99 94,267,305,contains_whitespace,hangul;whitespace,True,
4683,merge, 로맨틱,' 로맨틱',10,4,20 eb a1 9c eb a7 a8 ed 8b b1,1992,2315,contains_whitespace,hangul;whitespace,True,
4684,merge, 있어서,' 있어서',10,4,20 ec 9e 88 ec 96 b4 ec 84 9c,431,875,contains_whitespace,hangul;whitespace,True,
4685,merge,100,'100',3,3,31 30 30,53,1070,,digit,True,
4686,merge,하네요.,'하네요.',10,4,ed 95 98 eb 84 a4 ec 9a 94 2e,289,1101,,hangul;punct_symbol,True,
4687,merge, 보지마세요,' 보지마세요',16,6,20 eb b3 b4 ec a7 80 eb a7 88 ec 84 b8 ec 9a 94,2859,928,contains_whitespace,hangul;whitespace,True,
4688,merge, 이런게,' 이런게',10,4,20 ec 9d b4 eb 9f b0 ea b2 8c,631,319,contains_whitespace,hangul;whitespace,True,
4689,merge, 나은,' 나은',7,3,20 eb 82 98 ec 9d 80,408,313,contains_whitespace,hangul;whitespace,True,
4690,merge,무비,'무비',6,2,eb ac b4 eb b9 84,617,624,,hangul,True,
4691,merge,연기력,'연기력',9,3,ec 97 b0 ea b8 b0 eb a0 a5,874,591,,hangul,True,
4692,merge,", 이","', 이'",5,3,2c 20 ec 9d b4,48,322,contains_whitespace,hangul;punct_symbol;whitespace,True,
4693,merge, 그림,' 그림',7,3,20 ea b7 b8 eb a6 bc,359,1193,contains_whitespace,hangul;whitespace,True,
4694,merge,다만,'다만',6,2,eb 8b a4 eb a7 8c,268,328,,hangul,True,
4695,merge, 좋았고,' 좋았고',10,4,20 ec a2 8b ec 95 98 ea b3 a0,860,277,contains_whitespace,hangul;whitespace,True,
4696,merge,,b'\xb5\x9d',2,0,b5 9d,185,161,invalid_utf8,invalid_utf8,False,'utf-8' codec can't decode byte 0xb5 in position 0: invalid start byte
4697,merge,,b'\xec\xa7\x88\xeb\x81',5,0,ec a7 88 eb 81,273,2023,invalid_utf8,invalid_utf8,False,'utf-8' codec can't decode bytes in position 3-4: unexpected end of data
4698,merge,셀,'셀',3,1,ec 85 80,553,132,,hangul,True,
4699,merge,군요.,'군요.',7,3,ea b5 b0 ec 9a 94 2e,856,1162,,hangul;punct_symbol,True,
4700,merge, 찍은,' 찍은',7,3,20 ec b0 8d ec 9d 80,1387,313,contains_whitespace,hangul;whitespace,True,
4701,merge,질 않,'질 않',7,3,ec a7 88 20 ec 95 8a,869,550,contains_whitespace,hangul;whitespace,True,
4702,merge,에서의,'에서의',9,3,ec 97 90 ec 84 9c ec 9d 98,463,310,,hangul,True,
4703,merge, 크게,' 크게',7,3,20 ed 81 ac ea b2 8c,2991,319,contains_whitespace,hangul;whitespace,True,
4704,merge, 봣는데,' 봣는데',10,4,20 eb b4 a3 eb 8a 94 eb 8d b0,2728,393,contains_whitespace,hangul;whitespace,True,
4705,merge,이냐,'이냐',6,2,ec 9d b4 eb 83 90,267,719,,hangul,True,
4706,merge,,b'\x85\x80',2,0,85 80,137,132,invalid_utf8,invalid_utf8,False,'utf-8' codec can't decode byte 0x85 in position 0: invalid start byte
4707,merge,스티,'스티',6,2,ec 8a a4 ed 8b b0,371,993,,hangul,True,
4708,merge,였다,'였다',6,2,ec 98 80 eb 8b a4,641,268,,hangul,True,
4709,merge, 목소리,' 목소리',10,4,20 eb aa a9 ec 86 8c eb a6 ac,1763,2205,contains_whitespace,hangul;whitespace,True,
4710,merge, 누구,' 누구',7,3,20 eb 88 84 ea b5 ac,1326,541,contains_whitespace,hangul;whitespace,True,
4711,merge, 지겹,' 지겹',7,3,20 ec a7 80 ea b2 b9,473,2445,contains_whitespace,hangul;whitespace,True,
4712,merge, 직접,' 직접',7,3,20 ec a7 81 ec a0 91,2662,1417,contains_whitespace,hangul;whitespace,True,
4713,merge," 봤는데,","' 봤는데,'",11,5,20 eb b4 a4 eb 8a 94 eb 8d b0 2c,841,48,contains_whitespace,hangul;punct_symbol;whitespace,True,
4714,merge,사람들이,'사람들이',12,4,ec 82 ac eb 9e 8c eb 93 a4 ec 9d b4,1145,593,,hangul,True,
4715,merge, 정말 잘,' 정말 잘',11,5,20 ec a0 95 eb a7 90 20 ec 9e 98,532,549,contains_whitespace,hangul;whitespace,True,
4716,merge,어여,'어여',6,2,ec 96 b4 ec 97 ac,327,508,,hangul,True,
4717,merge,\n오늘,'\n오늘',7,3,0a ec 98 a4 eb 8a 98,1364,1435,contains_whitespace;control_char,control;hangul;whitespace,True,
4718,merge, 아오,' 아오',7,3,20 ec 95 84 ec 98 a4,349,466,contains_whitespace,hangul;whitespace,True,
4719,merge,10년,'10년',5,3,31 30 eb 85 84,53,1115,,digit;hangul,True,
4720,merge,놨,'놨',3,1,eb 86 a8,807,172,,hangul,True,
4721,merge,ㅎㅎㅎ,'ㅎㅎㅎ',9,3,e3 85 8e e3 85 8e e3 85 8e,793,555,repeated_run,hangul,True,
4722,merge, 싸이코,' 싸이코',10,4,20 ec 8b b8 ec 9d b4 ec bd 94,1650,3094,contains_whitespace,hangul;whitespace,True,
4723,merge, 부족한,' 부족한',10,4,20 eb b6 80 ec a1 b1 ed 95 9c,1703,304,contains_whitespace,hangul;whitespace,True,
4724,merge,\n김,'\n김',4,2,0a ea b9 80,14,1159,contains_whitespace;control_char,control;hangul;whitespace,True,
4725,merge,구하고,'구하고',9,3,ea b5 ac ed 95 98 ea b3 a0,541,437,,hangul,True,
4726,merge, 시키,' 시키',7,3,20 ec 8b 9c ed 82 a4,472,1048,contains_whitespace,hangul;whitespace,True,
4727,merge,시면,'시면',6,2,ec 8b 9c eb a9 b4,365,356,,hangul,True,
4728,merge, 챙,' 챙',4,2,20 ec b1 99,260,3883,contains_whitespace,hangul;whitespace,True,
4729,merge, 재밌었는데,' 재밌었는데',16,6,20 ec 9e ac eb b0 8c ec 97 88 eb 8a 94 eb 8d b0,521,1147,contains_whitespace,hangul;whitespace,True,
4730,merge,전체,'전체',6,2,ec a0 84 ec b2 b4,434,683,,hangul,True,
4731,merge,븐,'븐',3,1,eb b8 90,1010,148,,hangul,True,
4732,merge, 왜이렇게,' 왜이렇게',13,5,20 ec 99 9c ec 9d b4 eb a0 87 ea b2 8c,1863,737,contains_whitespace,hangul;whitespace,True,
4733,merge, 이유를,' 이유를',10,4,20 ec 9d b4 ec 9c a0 eb a5 bc,1644,382,contains_whitespace,hangul;whitespace,True,
4734,merge,,b'\xac\xeb\x8d\x98',4,0,ac eb 8d 98,2770,156,invalid_utf8,invalid_utf8,False,'utf-8' codec can't decode byte 0xac in position 0: invalid start byte
4735,merge,어요..,'어요..',8,4,ec 96 b4 ec 9a 94 2e 2e,540,266,,hangul;punct_symbol,True,
4736,merge, 연기 잘,' 연기 잘',11,5,20 ec 97 b0 ea b8 b0 20 ec 9e 98,527,549,contains_whitespace,hangul;whitespace,True,
4737,merge,의 무,'의 무',7,3,ec 9d 98 20 eb ac b4,310,554,contains_whitespace,hangul;whitespace,True,
4738,merge, 평범한,' 평범한',10,4,20 ed 8f 89 eb b2 94 ed 95 9c,2942,304,contains_whitespace,hangul;whitespace,True,
4739,merge,,b'\xec\x95\xa0\xeb\x8b\x88\xeb',7,0,ec 95 a0 eb 8b 88 eb,798,1023,invalid_utf8,invalid_utf8,False,'utf-8' codec can't decode byte 0xeb in position 6: unexpected end of data
4740,merge,나보,'나보',6,2,eb 82 98 eb b3 b4,320,374,,hangul,True,
4741,merge, 인상적이,' 인상적이',13,5,20 ec 9d b8 ec 83 81 ec a0 81 ec 9d b4,1853,817,contains_whitespace,hangul;whitespace,True,
4742,merge,폰,'폰',3,1,ed 8f b0,652,180,,hangul,True,
4743,merge, 난해,' 난해',7,3,20 eb 82 9c ed 95 b4,1072,355,contains_whitespace,hangul;whitespace,True,
4744,merge,는가,'는가',6,2,eb 8a 94 ea b0 80,272,290,,hangul,True,
4745,merge,아..,'아..',5,3,ec 95 84 2e 2e,338,266,,hangul;punct_symbol,True,
4746,merge, 무척,' 무척',7,3,20 eb ac b4 ec b2 99,554,2061,contains_whitespace,hangul;whitespace,True,
4747,merge,리에,'리에',6,2,eb a6 ac ec 97 90,332,300,,hangul,True,
4748,merge,연기도,'연기도',9,3,ec 97 b0 ea b8 b0 eb 8f 84,874,296,,hangul,True,
4749,merge,기의,'기의',6,2,ea b8 b0 ec 9d 98,303,310,,hangul,True,
4750,merge,꽤,'꽤',3,1,ea bd a4,2575,168,,hangul,True,
4751,merge, ㅜ,' ㅜ',4,2,20 e3 85 9c,36,742,contains_whitespace,hangul;whitespace,True,
4752,merge, 따로,' 따로',7,3,20 eb 94 b0 eb a1 9c,1001,325,contains_whitespace,hangul;whitespace,True,
4753,merge, 공감이,' 공감이',10,4,20 ea b3 b5 ea b0 90 ec 9d b4,1513,267,contains_whitespace,hangul;whitespace,True,
4754,merge,쎄,'쎄',3,1,ec 8e 84,3642,136,,hangul,True,
4755,merge,이로,'이로',6,2,ec 9d b4 eb a1 9c,267,325,,hangul,True,
4756,merge,퉁,'퉁',3,1,ed 89 81,3904,133,,hangul,True,
4757,merge,하시는,'하시는',9,3,ed 95 98 ec 8b 9c eb 8a 94,2277,272,,hangul,True,
4758,merge, 눈빛,' 눈빛',7,3,20 eb 88 88 eb b9 9b,3360,3975,contains_whitespace,hangul;whitespace,True,
4759,merge, 발견,' 발견',7,3,20 eb b0 9c ea b2 ac,1131,1903,contains_whitespace,hangul;whitespace,True,
4760,merge,\n신,'\n신',4,2,0a ec 8b a0,14,545,contains_whitespace;control_char,control;hangul;whitespace,True,
4761,merge, 라이,' 라이',7,3,20 eb 9d bc ec 9d b4,1517,267,contains_whitespace,hangul;whitespace,True,
4762,merge, 봤었는데,' 봤었는데',13,5,20 eb b4 a4 ec 97 88 eb 8a 94 eb 8d b0,480,1147,contains_whitespace,hangul;whitespace,True,
4763,merge,넣,'넣',3,1,eb 84 a3,348,167,,hangul,True,
4764,merge, 이후로,' 이후로',10,4,20 ec 9d b4 ed 9b 84 eb a1 9c,2511,325,contains_whitespace,hangul;whitespace,True,
4765,merge,호가,'호가',6,2,ed 98 b8 ea b0 80,1014,290,,hangul,True,
4766,merge,..\n너무,'..\n너무',9,5,2e 2e 0a eb 84 88 eb ac b4,487,707,contains_whitespace;control_char,control;hangul;punct_symbol;whitespace,True,
4767,merge, 돈아까,' 돈아까',10,4,20 eb 8f 88 ec 95 84 ea b9 8c,1080,2057,contains_whitespace,hangul;whitespace,True,
4768,merge,on,'on',2,2,6f 6e,115,114,,english,True,
4769,merge,ing,'ing',3,3,69 6e 67,3173,107,,english,True,
4770,merge,,b' \xeb\xba',3,0,20 eb ba,261,190,invalid_utf8,invalid_utf8,False,'utf-8' codec can't decode bytes in position 1-2: unexpected end of data
4771,merge, 증,' 증',4,2,20 ec a6 9d,1369,161,contains_whitespace,hangul;whitespace,True,
4772,merge, 전달,' 전달',7,3,20 ec a0 84 eb 8b ac,543,1429,contains_whitespace,hangul;whitespace,True,
4773,merge,퓨,'퓨',3,1,ed 93 a8,241,4053,,hangul,True,
4774,merge, 움직,' 움직',7,3,20 ec 9b 80 ec a7 81,4574,750,contains_whitespace,hangul;whitespace,True,
4775,merge, 아닐까,' 아닐까',10,4,20 ec 95 84 eb 8b 90 ea b9 8c,3256,399,contains_whitespace,hangul;whitespace,True,
4776,merge, 단연,' 단연',7,3,20 eb 8b a8 ec 97 b0,1276,483,contains_whitespace,hangul;whitespace,True,
4777,merge,여배우,'여배우',9,3,ec 97 ac eb b0 b0 ec 9a b0,1746,2181,,hangul,True,
4778,merge,에 의,'에 의',7,3,ec 97 90 20 ec 9d 98,300,942,contains_whitespace,hangul;whitespace,True,
4779,merge, 부모,' 부모',7,3,20 eb b6 80 eb aa a8,705,789,contains_whitespace,hangul;whitespace,True,
4780,merge, 동물,' 동물',7,3,20 eb 8f 99 eb ac bc,1067,745,contains_whitespace,hangul;whitespace,True,
4781,merge,어난,'어난',6,2,ec 96 b4 eb 82 9c,327,615,,hangul,True,
4782,merge,무섭,'무섭',6,2,eb ac b4 ec 84 ad,617,1503,,hangul,True,
4783,merge,매력,'매력',6,2,eb a7 a4 eb a0 a5,1081,591,,hangul,True,
4784,merge, 됨,' 됨',4,2,20 eb 90 a8,903,172,contains_whitespace,hangul;whitespace,True,
4785,merge,아버지,'아버지',9,3,ec 95 84 eb b2 84 ec a7 80,338,2668,,hangul,True,
4786,merge,주가,'주가',6,2,ec a3 bc ea b0 80,428,290,,hangul,True,
4787,merge, 아버지,' 아버지',10,4,20 ec 95 84 eb b2 84 ec a7 80,349,2668,contains_whitespace,hangul;whitespace,True,
4788,merge,,b'\xeb\x8b\xa4\n\xec\x82',6,0,eb 8b a4 0a ec 82,806,134,invalid_utf8,invalid_utf8,False,'utf-8' codec can't decode bytes in position 4-5: unexpected end of data
4789,merge,이걸,'이걸',6,2,ec 9d b4 ea b1 b8,267,643,,hangul,True,
4790,merge,했는지,'했는지',9,3,ed 96 88 eb 8a 94 ec a7 80,526,945,,hangul,True,
4791,merge,었을,'었을',6,2,ec 97 88 ec 9d 84,405,318,,hangul,True,
4792,merge, 출연진,' 출연진',10,4,20 ec b6 9c ec 97 b0 ec a7 84,1804,422,contains_whitespace,hangul;whitespace,True,
4793,merge,의 사랑,'의 사랑',10,4,ec 9d 98 20 ec 82 ac eb 9e 91,310,819,contains_whitespace,hangul;whitespace,True,
4794,merge,ost,'ost',3,3,6f 73 74,115,1957,,english,True,
4795,merge,은 안,'은 안',7,3,ec 9d 80 20 ec 95 88,313,568,contains_whitespace,hangul;whitespace,True,
4796,merge,봅,'봅',3,1,eb b4 85,491,137,,hangul,True,
4797,merge, 다시한번,' 다시한번',13,5,20 eb 8b a4 ec 8b 9c ed 95 9c eb b2 88,828,2371,contains_whitespace,hangul;whitespace,True,
4798,merge,언가,'언가',6,2,ec 96 b8 ea b0 80,1366,290,,hangul,True,
4799,merge, 꼭 봐야,' 꼭 봐야',11,5,20 ea bc ad 20 eb b4 90 ec 95 bc,1333,1704,contains_whitespace,hangul;whitespace,True,
4800,merge,적은,'적은',6,2,ec a0 81 ec 9d 80,417,313,,hangul,True,
4801,merge,자고,'자고',6,2,ec 9e 90 ea b3 a0,392,277,,hangul,True,
4802,merge,찮,'찮',3,1,ec b0 ae,490,178,,hangul,True,
4803,merge,한 영화.\n,'한 영화.\n',12,6,ed 95 9c 20 ec 98 81 ed 99 94 2e 0a,725,311,contains_whitespace;control_char,control;hangul;punct_symbol;whitespace,True,
4804,merge, 결말은,' 결말은',10,4,20 ea b2 b0 eb a7 90 ec 9d 80,1443,313,contains_whitespace,hangul;whitespace,True,
4805,merge,더럽게,'더럽게',9,3,eb 8d 94 eb 9f bd ea b2 8c,662,1969,,hangul,True,
4806,merge, 학교,' 학교',7,3,20 ed 95 99 ea b5 90,2515,927,contains_whitespace,hangul;whitespace,True,
4807,merge,덜,'덜',3,1,eb 8d 9c,316,160,,hangul,True,
4808,merge,하네\n,'하네\n',7,3,ed 95 98 eb 84 a4 0a,289,1316,contains_whitespace;control_char,control;hangul;whitespace,True,
4809,merge,와르,'와르',6,2,ec 99 80 eb a5 b4,509,576,,hangul,True,
4810,merge, 미래,' 미래',7,3,20 eb af b8 eb 9e 98,672,525,contains_whitespace,hangul;whitespace,True,
4811,merge,,b' \xea\xb5\xac\xeb',5,0,20 ea b5 ac eb,620,294,invalid_utf8,invalid_utf8,False,'utf-8' codec can't decode byte 0xeb in position 4: unexpected end of data
4812,merge,대단,'대단',6,2,eb 8c 80 eb 8b a8,390,706,,hangul,True,
4813,merge, 아닌데,' 아닌데',10,4,20 ec 95 84 eb 8b 8c eb 8d b0,1111,346,contains_whitespace,hangul;whitespace,True,
4814,merge, 똑같,' 똑같',7,3,20 eb 98 91 ea b0 99,2485,569,contains_whitespace,hangul;whitespace,True,
4815,merge,있는 영화,'있는 영화',13,5,ec 9e 88 eb 8a 94 20 ec 98 81 ed 99 94,421,537,contains_whitespace,hangul;whitespace,True,
4816,merge, 좋았던,' 좋았던',10,4,20 ec a2 8b ec 95 98 eb 8d 98,860,596,contains_whitespace,hangul;whitespace,True,
4817,merge, 바람,' 바람',7,3,20 eb b0 94 eb 9e 8c,833,1575,contains_whitespace,hangul;whitespace,True,
4818,merge, 실제,' 실제',7,3,20 ec 8b a4 ec a0 9c,851,510,contains_whitespace,hangul;whitespace,True,
4819,merge,평점이 너무,'평점이 너무',16,6,ed 8f 89 ec a0 90 ec 9d b4 20 eb 84 88 eb ac b4,845,1066,contains_whitespace,hangul;whitespace,True,
4820,merge, 잇,' 잇',4,2,20 ec 9e 87,293,139,contains_whitespace,hangul;whitespace,True,
4821,merge, 연애,' 연애',7,3,20 ec 97 b0 ec 95 a0,446,798,contains_whitespace,hangul;whitespace,True,
4822,merge,크리스,'크리스',9,3,ed 81 ac eb a6 ac ec 8a a4,600,2573,,hangul,True,
4823,merge,미친,'미친',6,2,eb af b8 ec b9 9c,497,1039,,hangul,True,
4824,merge,획,'획',3,1,ed 9a 8d,756,145,,hangul,True,
4825,merge,하려,'하려',6,2,ed 95 98 eb a0 a4,289,512,,hangul,True,
4826,merge,. 그리고,'. 그리고',11,5,2e 20 ea b7 b8 eb a6 ac ea b3 a0,50,1060,contains_whitespace,hangul;punct_symbol;whitespace,True,
4827,merge,주연,'주연',6,2,ec a3 bc ec 97 b0,428,483,,hangul,True,
4828,merge, 톰,' 톰',4,2,20 ed 86 b0,1246,180,contains_whitespace,hangul;whitespace,True,
4829,merge, 보고나서,' 보고나서',13,5,20 eb b3 b4 ea b3 a0 eb 82 98 ec 84 9c,663,1270,contains_whitespace,hangul;whitespace,True,
4830,merge, 그닥,' 그닥',7,3,20 ea b7 b8 eb 8b a5,359,1974,contains_whitespace,hangul;whitespace,True,
4831,merge,이 있는,'이 있는',10,4,ec 9d b4 20 ec 9e 88 eb 8a 94,267,1178,contains_whitespace,hangul;whitespace,True,
4832,merge,~♥,'~♥',4,2,7e e2 99 a5,130,1035,,punct_symbol,True,
4833,merge,출연,'출연',6,2,ec b6 9c ec 97 b0,752,483,,hangul,True,
4834,merge,단순,'단순',6,2,eb 8b a8 ec 88 9c,706,1204,,hangul,True,
4835,merge, 났,' 났',4,2,20 eb 82 ac,329,176,contains_whitespace,hangul;whitespace,True,
4836,merge, 말하는,' 말하는',10,4,20 eb a7 90 ed 95 98 eb 8a 94,597,504,contains_whitespace,hangul;whitespace,True,
4837,merge,,b' \xec\x97\xac\xeb\x9f\xac\xeb',8,0,20 ec 97 ac eb 9f ac eb,1711,2032,invalid_utf8,invalid_utf8,False,'utf-8' codec can't decode byte 0xeb in position 7: unexpected end of data
4838,merge,덩,'덩',3,1,eb 8d a9,316,173,,hangul,True,
4839,merge,례,'례',3,1,eb a1 80,312,132,,hangul,True,
4840,merge,여운이,'여운이',9,3,ec 97 ac ec 9a b4 ec 9d b4,3061,267,,hangul,True,
4841,merge, 좋다.,' 좋다.',8,4,20 ec a2 8b eb 8b a4 2e,406,369,contains_whitespace,hangul;punct_symbol;whitespace,True,
4842,merge,르고,'르고',6,2,eb a5 b4 ea b3 a0,576,277,,hangul,True,
4843,merge,한지,'한지',6,2,ed 95 9c ec a7 80,304,286,,hangul,True,
4844,merge, 흉,' 흉',4,2,20 ed 9d 89,677,141,contains_whitespace,hangul;whitespace,True,
4845,merge,가슴이,'가슴이',9,3,ea b0 80 ec 8a b4 ec 9d b4,2690,267,,hangul,True,
4846,merge, 에피소,' 에피소',10,4,20 ec 97 90 ed 94 bc ec 86 8c,1151,4553,contains_whitespace,hangul;whitespace,True,
4847,merge, tv,' tv',3,3,20 74 76,2596,122,contains_whitespace,english;whitespace,True,
4848,merge, 기대를,' 기대를',10,4,20 ea b8 b0 eb 8c 80 eb a5 bc,977,382,contains_whitespace,hangul;whitespace,True,
4849,merge, 바뀌,' 바뀌',7,3,20 eb b0 94 eb 80 8c,3852,144,contains_whitespace,hangul;whitespace,True,
4850,merge,주얼,'주얼',6,2,ec a3 bc ec 96 bc,428,1498,,hangul,True,
4851,merge,읽,'읽',3,1,ec 9d bd,262,193,,hangul,True,
4852,merge, 성인,' 성인',7,3,20 ec 84 b1 ec 9d b8,979,341,contains_whitespace,hangul;whitespace,True,
4853,merge,감동적이,'감동적이',12,4,ea b0 90 eb 8f 99 ec a0 81 ec 9d b4,1175,817,,hangul,True,
4854,merge, 1점준,' 1점준',8,4,20 31 ec a0 90 ec a4 80,1105,657,contains_whitespace,digit;hangul;whitespace,True,
4855,merge, 닮,' 닮',4,2,20 eb 8b ae,372,178,contains_whitespace,hangul;whitespace,True,
4856,merge, 신경,' 신경',7,3,20 ec 8b a0 ea b2 bd,889,870,contains_whitespace,hangul;whitespace,True,
4857,merge,는다,'는다',6,2,eb 8a 94 eb 8b a4,272,268,,hangul,True,
4858,merge, 생각을 하,' 생각을 하',14,6,20 ec 83 9d ea b0 81 ec 9d 84 20 ed 95 98,581,2285,contains_whitespace,hangul;whitespace,True,
4859,merge,만점,'만점',6,2,eb a7 8c ec a0 90,328,366,,hangul,True,
4860,merge, 이야기가,' 이야기가',13,5,20 ec 9d b4 ec 95 bc ea b8 b0 ea b0 80,1049,290,contains_whitespace,hangul;whitespace,True,
4861,merge,한것,'한것',6,2,ed 95 9c ea b2 83,304,420,,hangul,True,
4862,merge,신분,'신분',6,2,ec 8b a0 eb b6 84,545,546,,hangul,True,
4863,merge, 가끔,' 가끔',7,3,20 ea b0 80 eb 81 94,485,2007,contains_whitespace,hangul;whitespace,True,
4864,merge, 흡,' 흡',4,2,20 ed 9d a1,677,165,contains_whitespace,hangul;whitespace,True,
4865,merge,불어,'불어',6,2,eb b6 88 ec 96 b4,1370,327,,hangul,True,
4866,merge, 비극,' 비극',7,3,20 eb b9 84 ea b7 b9,682,953,contains_whitespace,hangul;whitespace,True,
4867,merge, 외국,' 외국',7,3,20 ec 99 b8 ea b5 ad,1457,538,contains_whitespace,hangul;whitespace,True,
4868,merge,러디,'러디',6,2,eb 9f ac eb 94 94,1471,1607,,hangul,True,
4869,merge, 볼수록,' 볼수록',10,4,20 eb b3 bc ec 88 98 eb a1 9d,670,1617,contains_whitespace,hangul;whitespace,True,
4870,merge, 베스트,' 베스트',10,4,20 eb b2 a0 ec 8a a4 ed 8a b8,1708,1388,contains_whitespace,hangul;whitespace,True,
4871,merge,없어서,'없어서',9,3,ec 97 86 ec 96 b4 ec 84 9c,401,875,,hangul,True,
4872,merge, 컨,' 컨',4,2,20 ec bb a8,1667,172,contains_whitespace,hangul;whitespace,True,
4873,merge,스타일,'스타일',9,3,ec 8a a4 ed 83 80 ec 9d bc,2298,518,,hangul,True,
4874,merge, 사는,' 사는',7,3,20 ec 82 ac eb 8a 94,722,272,contains_whitespace,hangul;whitespace,True,
4875,merge,CG,'CG',2,2,43 47,71,75,,english,True,
4876,merge, 재난,' 재난',7,3,20 ec 9e ac eb 82 9c,1528,615,contains_whitespace,hangul;whitespace,True,
4877,merge, 주고 싶,' 주고 싶',11,5,20 ec a3 bc ea b3 a0 20 ec 8b b6,563,1286,contains_whitespace,hangul;whitespace,True,
4878,merge,점을,'점을',6,2,ec a0 90 ec 9d 84,366,318,,hangul,True,
4879,merge,이니,'이니',6,2,ec 9d b4 eb 8b 88,267,336,,hangul,True,
4880,merge, 느껴진,' 느껴진',10,4,20 eb 8a 90 ea bb b4 ec a7 84,1599,422,contains_whitespace,hangul;whitespace,True,
4881,merge,다.\n아,'다.\n아',8,4,eb 8b a4 2e 0a ec 95 84,388,338,contains_whitespace;control_char,control;hangul;punct_symbol;whitespace,True,
4882,merge,,b'\xb5\x9d\xec\x98\xa4',5,0,b5 9d ec 98 a4,4696,466,invalid_utf8,invalid_utf8,False,'utf-8' codec can't decode byte 0xb5 in position 0: invalid start byte
4883,merge,흡,'흡',3,1,ed 9d a1,799,165,,hangul,True,
4884,merge, 영화관,' 영화관',10,4,20 ec 98 81 ed 99 94 ea b4 80,305,825,contains_whitespace,hangul;whitespace,True,
4885,merge, 쪽,' 쪽',4,2,20 ec aa bd,260,2556,contains_whitespace,hangul;whitespace,True,
4886,merge, 싸구려,' 싸구려',10,4,20 ec 8b b8 ea b5 ac eb a0 a4,1650,3772,contains_whitespace,hangul;whitespace,True,
4887,merge,되서,'되서',6,2,eb 90 98 ec 84 9c,700,321,,hangul,True,
4888,merge, 청춘,' 청춘',7,3,20 ec b2 ad ec b6 98,2381,2335,contains_whitespace,hangul;whitespace,True,
4889,merge, 소름돋,' 소름돋',10,4,20 ec 86 8c eb a6 84 eb 8f 8b,2126,3233,contains_whitespace,hangul;whitespace,True,
4890,merge, 올려,' 올려',7,3,20 ec 98 ac eb a0 a4,456,1941,contains_whitespace,hangul;whitespace,True,
4891,merge,댓글,'댓글',6,2,eb 8c 93 ea b8 80,239,2632,,hangul,True,
4892,merge,다.\n진짜,'다.\n진짜',11,5,eb 8b a4 2e 0a ec a7 84 ec a7 9c,388,690,contains_whitespace;control_char,control;hangul;punct_symbol;whitespace,True,
4893,merge,상황,'상황',6,2,ec 83 81 ed 99 a9,433,1331,,hangul,True,
4894,merge, 봤는데 정말,' 봤는데 정말',17,7,20 eb b4 a4 eb 8a 94 eb 8d b0 20 ec a0 95 eb a7 90,841,532,contains_whitespace,hangul;whitespace,True,
4895,merge, 별루,' 별루',7,3,20 eb b3 84 eb a3 a8,1095,533,contains_whitespace,hangul;whitespace,True,
4896,merge,프랑스,'프랑스',9,3,ed 94 84 eb 9e 91 ec 8a a4,837,2701,,hangul,True,
4897,merge,제대로,'제대로',9,3,ec a0 9c eb 8c 80 eb a1 9c,510,949,,hangul,True,
4898,merge,듯..,'듯..',5,3,eb 93 af 2e 2e,613,266,,hangul;punct_symbol,True,
4899,merge, 블랙,' 블랙',7,3,20 eb b8 94 eb 9e 99,2454,3456,contains_whitespace,hangul;whitespace,True,
4900,merge, 겁나,' 겁나',7,3,20 ea b2 81 eb 82 98,2993,320,contains_whitespace,hangul;whitespace,True,
4901,merge, 봤던 영화,' 봤던 영화',14,6,20 eb b4 a4 eb 8d 98 20 ec 98 81 ed 99 94,480,2024,contains_whitespace,hangul;whitespace,True,
4902,merge, 모든게,' 모든게',10,4,20 eb aa a8 eb 93 a0 ea b2 8c,1410,319,contains_whitespace,hangul;whitespace,True,
4903,merge,아프,'아프',6,2,ec 95 84 ed 94 84,338,837,,hangul,True,
4904,merge, 웃겼,' 웃겼',7,3,20 ec 9b 83 ea b2 bc,800,1986,contains_whitespace,hangul;whitespace,True,
4905,merge,지의,'지의',6,2,ec a7 80 ec 9d 98,286,310,,hangul,True,
4906,merge, 그럼,' 그럼',7,3,20 ea b7 b8 eb 9f bc,359,1055,contains_whitespace,hangul;whitespace,True,
4907,merge,리포터,'리포터',9,3,eb a6 ac ed 8f ac ed 84 b0,4628,547,,hangul,True,
4908,merge,게 만드는,'게 만드는',13,5,ea b2 8c 20 eb a7 8c eb 93 9c eb 8a 94,319,2207,contains_whitespace,hangul;whitespace,True,
4909,merge, 로봇,' 로봇',7,3,20 eb a1 9c eb b4 87,1085,3521,contains_whitespace,hangul;whitespace,True,
4910,merge,까진,'까진',6,2,ea b9 8c ec a7 84,399,422,,hangul,True,
4911,merge,의 정,'의 정',7,3,ec 9d 98 20 ec a0 95,310,430,contains_whitespace,hangul;whitespace,True,
4912,merge,짱짱,'짱짱',6,2,ec a7 b1 ec a7 b1,1213,1213,,hangul,True,
4913,merge,살다,'살다',6,2,ec 82 b4 eb 8b a4,1045,268,,hangul,True,
4914,merge,가 아니라,'가 아니라',13,5,ea b0 80 20 ec 95 84 eb 8b 88 eb 9d bc,290,1412,contains_whitespace,hangul;whitespace,True,
4915,merge, 펑펑,' 펑펑',7,3,20 ed 8e 91 ed 8e 91,4639,3083,contains_whitespace,hangul;whitespace,True,
4916,merge,하다...,'하다...',9,5,ed 95 98 eb 8b a4 2e 2e 2e,289,971,repeated_run,hangul;punct_symbol,True,
4917,merge, 재밌는 영화,' 재밌는 영화',17,7,20 ec 9e ac eb b0 8c eb 8a 94 20 ec 98 81 ed 99 94,521,537,contains_whitespace,hangul;whitespace,True,
4918,merge, 겉,' 겉',4,2,20 ea b2 89,587,141,contains_whitespace,hangul;whitespace,True,
4919,merge, 있는데,' 있는데',10,4,20 ec 9e 88 eb 8a 94 eb 8d b0,431,393,contains_whitespace,hangul;whitespace,True,
4920,merge, 사람의,' 사람의',10,4,20 ec 82 ac eb 9e 8c ec 9d 98,695,310,contains_whitespace,hangul;whitespace,True,
4921,merge,겠다.,'겠다.',7,3,ea b2 a0 eb 8b a4 2e,551,369,,hangul;punct_symbol,True,
4922,merge,해\n,'해\n',4,2,ed 95 b4 0a,355,14,contains_whitespace;control_char,control;hangul;whitespace,True,
4923,merge,는다.,'는다.',7,3,eb 8a 94 eb 8b a4 2e,272,369,,hangul;punct_symbol,True,
4924,merge, 업,' 업',4,2,20 ec 97 85,315,137,contains_whitespace,hangul;whitespace,True,
4925,merge, 나중에,' 나중에',10,4,20 eb 82 98 ec a4 91 ec 97 90,408,1402,contains_whitespace,hangul;whitespace,True,
4926,merge, 심각,' 심각',7,3,20 ec 8b ac ea b0 81,1153,498,contains_whitespace,hangul;whitespace,True,
4927,merge, 편견,' 편견',7,3,20 ed 8e b8 ea b2 ac,1353,1903,contains_whitespace,hangul;whitespace,True,
4928,merge,이리,'이리',6,2,ec 9d b4 eb a6 ac,267,332,,hangul,True,
4929,merge,았다\n,'았다\n',7,3,ec 95 98 eb 8b a4 0a,467,402,contains_whitespace;control_char,control;hangul;whitespace,True,
4930,merge, 홍보,' 홍보',7,3,20 ed 99 8d eb b3 b4,1970,374,contains_whitespace,hangul;whitespace,True,
4931,merge,어요!,'어요!',7,3,ec 96 b4 ec 9a 94 21,540,37,,hangul;punct_symbol,True,
4932,merge,하고자,'하고자',9,3,ed 95 98 ea b3 a0 ec 9e 90,437,392,,hangul,True,
4933,merge,의 연기력,'의 연기력',13,5,ec 9d 98 20 ec 97 b0 ea b8 b0 eb a0 a5,1488,591,contains_whitespace,hangul;whitespace,True,
4934,merge, 선생,' 선생',7,3,20 ec 84 a0 ec 83 9d,1262,592,contains_whitespace,hangul;whitespace,True,
4935,merge,관람,'관람',6,2,ea b4 80 eb 9e 8c,825,1575,,hangul,True,
4936,merge,낚,'낚',3,1,eb 82 9a,291,158,,hangul,True,
4937,merge,화려,'화려',6,2,ed 99 94 eb a0 a4,279,512,,hangul,True,
4938,merge,팍,'팍',3,1,ed 8c 8d,522,145,,hangul,True,
4939,merge,B급,'B급',4,2,42 ea b8 89,70,910,,english;hangul,True,
4940,merge, 한마디로,' 한마디로',13,5,20 ed 95 9c eb a7 88 eb 94 94 eb a1 9c,469,2789,contains_whitespace,hangul;whitespace,True,
4941,merge, 다시 한번,' 다시 한번',14,6,20 eb 8b a4 ec 8b 9c 20 ed 95 9c eb b2 88,828,1536,contains_whitespace,hangul;whitespace,True,
4942,merge,\n살,'\n살',4,2,0a ec 82 b4,1453,184,contains_whitespace;control_char,control;hangul;whitespace,True,
4943,merge, 보러,' 보러',7,3,20 eb b3 b4 eb 9f ac,357,552,contains_whitespace,hangul;whitespace,True,
4944,merge,하던데,'하던데',9,3,ed 95 98 eb 8d 98 eb 8d b0,289,1627,,hangul,True,
4945,merge, 자막,' 자막',7,3,20 ec 9e 90 eb a7 89,612,666,contains_whitespace,hangul;whitespace,True,
4946,merge,다\n최고,'다\n최고',10,4,eb 8b a4 0a ec b5 9c ea b3 a0,806,956,contains_whitespace;control_char,control;hangul;whitespace,True,
4947,merge,축,'축',3,1,ec b6 95,524,153,,hangul,True,
4948,merge,"나,","'나,'",4,2,eb 82 98 2c,320,48,,hangul;punct_symbol,True,
4949,merge, 유치한,' 유치한',10,4,20 ec 9c a0 ec b9 98 ed 95 9c,1281,304,contains_whitespace,hangul;whitespace,True,
4950,merge,즐,'즐',3,1,ec a6 90,539,148,,hangul,True,
4951,merge,하셨,'하셨',6,2,ed 95 98 ec 85 a8,289,1877,,hangul,True,
4952,merge, 이상한,' 이상한',10,4,20 ec 9d b4 ec 83 81 ed 95 9c,1223,304,contains_whitespace,hangul;whitespace,True,
4953,merge,상이,'상이',6,2,ec 83 81 ec 9d b4,433,267,,hangul,True,
4954,merge, 러닝타임,' 러닝타임',13,5,20 eb 9f ac eb 8b 9d ed 83 80 ec 9e 84,2866,3469,contains_whitespace,hangul;whitespace,True,
4955,merge,다....\n,'다....\n',8,6,eb 8b a4 2e 2e 2e 2e 0a,268,1078,contains_whitespace;control_char;repeated_run,control;hangul;punct_symbol;whitespace,True,
4956,merge, 진리,' 진리',7,3,20 ec a7 84 eb a6 ac,489,332,contains_whitespace,hangul;whitespace,True,
4957,merge, 시간을,' 시간을',10,4,20 ec 8b 9c ea b0 84 ec 9d 84,897,318,contains_whitespace,hangul;whitespace,True,
4958,merge,,b' \xea\xb1\xb0\xec\x8a',6,0,20 ea b1 b0 ec 8a,838,324,invalid_utf8,invalid_utf8,False,'utf-8' codec can't decode bytes in position 4-5: unexpected end of data
4959,merge, 1점도,' 1점도',8,4,20 31 ec a0 90 eb 8f 84,1105,296,contains_whitespace,digit;hangul;whitespace,True,
4960,merge,,b'\xac\xeb\xa6\x84',4,0,ac eb a6 84,866,136,invalid_utf8,invalid_utf8,False,'utf-8' codec can't decode byte 0xac in position 0: invalid start byte
4961,merge,연기는,'연기는',9,3,ec 97 b0 ea b8 b0 eb 8a 94,874,272,,hangul,True,
4962,merge, 하지,' 하지',7,3,20 ed 95 98 ec a7 80,411,286,contains_whitespace,hangul;whitespace,True,
4963,merge, 기술,' 기술',7,3,20 ea b8 b0 ec 88 a0,511,1174,contains_whitespace,hangul;whitespace,True,
4964,merge,에 맞,'에 맞',7,3,ec 97 90 20 eb a7 9e,300,1186,contains_whitespace,hangul;whitespace,True,
4965,merge, 이리,' 이리',7,3,20 ec 9d b4 eb a6 ac,322,332,contains_whitespace,hangul;whitespace,True,
4966,merge, 전형적인,' 전형적인',13,5,20 ec a0 84 ed 98 95 ec a0 81 ec 9d b8,543,3417,contains_whitespace,hangul;whitespace,True,
4967,merge, 반성,' 반성',7,3,20 eb b0 98 ec 84 b1,804,500,contains_whitespace,hangul;whitespace,True,
4968,merge,무엇,'무엇',6,2,eb ac b4 ec 97 87,617,1242,,hangul,True,
4969,merge,해요\n,'해요\n',7,3,ed 95 b4 ec 9a 94 0a,355,1215,contains_whitespace;control_char,control;hangul;whitespace,True,
4970,merge, 단어,' 단어',7,3,20 eb 8b a8 ec 96 b4,372,1150,contains_whitespace,hangul;whitespace,True,
4971,merge,쩔,'쩔',3,1,ec a9 94,1267,152,,hangul,True,
4972,merge,3류,'3류',4,2,33 eb a5 98,55,989,,digit;hangul,True,
4973,merge, 최근,' 최근',7,3,20 ec b5 9c ea b7 bc,493,1138,contains_whitespace,hangul;whitespace,True,
4974,merge,,b' \xed\x8f\xac\xeb',5,0,20 ed 8f ac eb,924,294,invalid_utf8,invalid_utf8,False,'utf-8' codec can't decode byte 0xeb in position 4: unexpected end of data
4975,merge,려야,'려야',6,2,eb a0 a4 ec 95 bc,512,412,,hangul,True,
4976,merge,인건,'인건',6,2,ec 9d b8 ea b1 b4,341,477,,hangul,True,
4977,merge,죠.,'죠.',4,2,ec a3 a0 2e,1295,50,,hangul;punct_symbol,True,
4978,merge,을 본,'을 본',7,3,ec 9d 84 20 eb b3 b8,318,619,contains_whitespace,hangul;whitespace,True,
4979,merge, 이쁘고,' 이쁘고',10,4,20 ec 9d b4 ec 81 98 ea b3 a0,2234,277,contains_whitespace,hangul;whitespace,True,
4980,merge, 치고,' 치고',7,3,20 ec b9 98 ea b3 a0,1430,277,contains_whitespace,hangul;whitespace,True,
4981,merge,다니..,'다니..',8,4,eb 8b a4 eb 8b 88 2e 2e,1196,266,,hangul;punct_symbol,True,
4982,merge,줌마,'줌마',6,2,ec a4 8c eb a7 88,2197,400,,hangul,True,
4983,merge,으로서,'으로서',9,3,ec 9c bc eb a1 9c ec 84 9c,432,321,,hangul,True,
4984,merge,이 다,'이 다',7,3,ec 9d b4 20 eb 8b a4,267,416,contains_whitespace,hangul;whitespace,True,
4985,merge,는 왜,'는 왜',7,3,eb 8a 94 20 ec 99 9c,272,628,contains_whitespace,hangul;whitespace,True,
4986,merge, 가서,' 가서',7,3,20 ea b0 80 ec 84 9c,485,321,contains_whitespace,hangul;whitespace,True,
4987,merge,줘서,'줘서',6,2,ec a4 98 ec 84 9c,1834,321,,hangul,True,
4988,merge, 꼭 보세요,' 꼭 보세요',14,6,20 ea bc ad 20 eb b3 b4 ec 84 b8 ec 9a 94,1333,2254,contains_whitespace,hangul;whitespace,True,
4989,merge, 결과,' 결과',7,3,20 ea b2 b0 ea b3 bc,836,441,contains_whitespace,hangul;whitespace,True,
4990,merge, 심리,' 심리',7,3,20 ec 8b ac eb a6 ac,358,1126,contains_whitespace,hangul;whitespace,True,
4991,merge,룬,'룬',3,1,eb a3 ac,486,176,,hangul,True,
4992,merge, 느낌.,' 느낌.',8,4,20 eb 8a 90 eb 82 8c 2e,1148,50,contains_whitespace,hangul;punct_symbol;whitespace,True,
4993,merge,영화라,'영화라',9,3,ec 98 81 ed 99 94 eb 9d bc,367,330,,hangul,True,
4994,merge, 인기,' 인기',7,3,20 ec 9d b8 ea b8 b0,580,303,contains_whitespace,hangul;whitespace,True,
4995,merge, 속편,' 속편',7,3,20 ec 86 8d ed 8e b8,1279,647,contains_whitespace,hangul;whitespace,True,
4996,merge, 봅,' 봅',4,2,20 eb b4 85,410,137,contains_whitespace,hangul;whitespace,True,
4997,merge, 괴물,' 괴물',7,3,20 ea b4 b4 eb ac bc,2377,745,contains_whitespace,hangul;whitespace,True,
4998,merge,어용,'어용',6,2,ec 96 b4 ec 9a a9,327,520,,hangul,True,
4999,merge, 멘,' 멘',4,2,20 eb a9 98,674,156,contains_whitespace,hangul;whitespace,True,
5000,merge,에대한,'에대한',9,3,ec 97 90 eb 8c 80 ed 95 9c,300,2225,,hangul,True,
5001,merge,왠,'왠',3,1,ec 99 a0,403,164,,hangul,True,
5002,merge,팩,'팩',3,1,ed 8c a9,522,173,,hangul,True,
5003,merge, 좋다\n,' 좋다\n',8,4,20 ec a2 8b eb 8b a4 0a,406,402,contains_whitespace;control_char,control;hangul;whitespace,True,
5004,merge, 감명깊,' 감명깊',10,4,20 ea b0 90 eb aa 85 ea b9 8a,3838,2047,contains_whitespace,hangul;whitespace,True,
5005,merge, 귀엽고,' 귀엽고',10,4,20 ea b7 80 ec 97 bd ea b3 a0,2729,277,contains_whitespace,hangul;whitespace,True,
5006,merge, 카메라,' 카메라',10,4,20 ec b9 b4 eb a9 94 eb 9d bc,1802,3881,contains_whitespace,hangul;whitespace,True,
5007,merge, 거 같,' 거 같',8,4,20 ea b1 b0 20 ea b0 99,838,603,contains_whitespace,hangul;whitespace,True,
5008,merge, 드립,' 드립',7,3,20 eb 93 9c eb a6 bd,585,1305,contains_whitespace,hangul;whitespace,True,
5009,merge,...\n아,'...\n아',7,5,2e 2e 2e 0a ec 95 84,475,338,contains_whitespace;control_char;repeated_run,control;hangul;punct_symbol;whitespace,True,
5010,merge,양이,'양이',6,2,ec 96 91 ec 9d b4,1280,267,,hangul,True,
5011,merge,갱,'갱',3,1,ea b0 b1,265,181,,hangul,True,
5012,merge, 익,' 익',4,2,20 ec 9d b5,302,185,contains_whitespace,hangul;whitespace,True,
5013,merge, 떡,' 떡',4,2,20 eb 96 a1,930,165,contains_whitespace,hangul;whitespace,True,
5014,merge, 시원,' 시원',7,3,20 ec 8b 9c ec 9b 90,472,736,contains_whitespace,hangul;whitespace,True,
5015,merge, 뇌,' 뇌',4,2,20 eb 87 8c,261,2658,contains_whitespace,hangul;whitespace,True,
5016,merge, 최고\n,' 최고\n',8,4,20 ec b5 9c ea b3 a0 0a,599,14,contains_whitespace;control_char,control;hangul;whitespace,True,
5017,merge,어졌,'어졌',6,2,ec 96 b4 ec a1 8c,327,1348,,hangul,True,
5018,merge, 작품.,' 작품.',8,4,20 ec 9e 91 ed 92 88 2e,885,50,contains_whitespace,hangul;punct_symbol;whitespace,True,
5019,merge,이션,'이션',6,2,ec 9d b4 ec 85 98,267,651,,hangul,True,
5020,merge,ㅏ,'ㅏ',3,1,e3 85 8f,284,147,,hangul,True,
5021,merge, 영화 중,' 영화 중',11,5,20 ec 98 81 ed 99 94 20 ec a4 91,305,729,contains_whitespace,hangul;whitespace,True,
5022,merge, I,' I',2,2,20 49,36,77,contains_whitespace,english;whitespace,True,
5023,merge, 쥐,' 쥐',4,2,20 ec a5 90,3373,148,contains_whitespace,hangul;whitespace,True,
5024,merge,혈,'혈',3,1,ed 98 88,439,140,,hangul,True,
5025,merge, 생각이 들,' 생각이 들',14,6,20 ec 83 9d ea b0 81 ec 9d b4 20 eb 93 a4,2063,988,contains_whitespace,hangul;whitespace,True,
5026,merge, 있던,' 있던',7,3,20 ec 9e 88 eb 8d 98,293,811,contains_whitespace,hangul;whitespace,True,
5027,merge, 설레,' 설레',7,3,20 ec 84 a4 eb a0 88,1130,572,contains_whitespace,hangul;whitespace,True,
5028,merge, 나를,' 나를',7,3,20 eb 82 98 eb a5 bc,408,382,contains_whitespace,hangul;whitespace,True,
5029,merge, 굳이,' 굳이',7,3,20 ea b5 b3 ec 9d b4,2902,267,contains_whitespace,hangul;whitespace,True,
5030,merge,,b' \xeb\xb0\x94\xea\xbf',6,0,20 eb b0 94 ea bf,833,1767,invalid_utf8,invalid_utf8,False,'utf-8' codec can't decode bytes in position 4-5: unexpected end of data
5031,merge,지만...,'지만...',9,5,ec a7 80 eb a7 8c 2e 2e 2e,436,373,repeated_run,hangul;punct_symbol,True,
5032,merge,요일,'요일',6,2,ec 9a 94 ec 9d bc,326,518,,hangul,True,
5033,merge,감독은,'감독은',9,3,ea b0 90 eb 8f 85 ec 9d 80,1053,313,,hangul,True,
5034,merge,om,'om',2,2,6f 6d,115,113,,english,True,
5035,merge,요~,'요~',4,2,ec 9a 94 7e,326,130,,hangul;punct_symbol,True,
5036,merge, 게임,' 게임',7,3,20 ea b2 8c ec 9e 84,1573,578,contains_whitespace,hangul;whitespace,True,
5037,merge, 일품,' 일품',7,3,20 ec 9d bc ed 92 88,701,715,contains_whitespace,hangul;whitespace,True,
5038,merge, 격,' 격',4,2,20 ea b2 a9,587,173,contains_whitespace,hangul;whitespace,True,
5039,merge,\n한,'\n한',4,2,0a ed 95 9c,14,304,contains_whitespace;control_char,control;hangul;whitespace,True,
5040,merge,"도 없고,","'도 없고,'",11,5,eb 8f 84 20 ec 97 86 ea b3 a0 2c,895,1038,contains_whitespace,hangul;punct_symbol;whitespace,True,
5041,merge,드시,'드시',6,2,eb 93 9c ec 8b 9c,462,365,,hangul,True,
5042,merge, 왜 이렇게,' 왜 이렇게',14,6,20 ec 99 9c 20 ec 9d b4 eb a0 87 ea b2 8c,628,1062,contains_whitespace,hangul;whitespace,True,
5043,merge, 아쉽다.\n,' 아쉽다.\n',12,6,20 ec 95 84 ec 89 bd eb 8b a4 2e 0a,1605,388,contains_whitespace;control_char,control;hangul;punct_symbol;whitespace,True,
5044,merge, 재밌네요,' 재밌네요',13,5,20 ec 9e ac eb b0 8c eb 84 a4 ec 9a 94,521,471,contains_whitespace,hangul;whitespace,True,
5045,merge,설정,'설정',6,2,ec 84 a4 ec a0 95,877,395,,hangul,True,
5046,merge,혼자,'혼자',6,2,ed 98 bc ec 9e 90,1622,392,,hangul,True,
5047,merge,운드,'운드',6,2,ec 9a b4 eb 93 9c,492,462,,hangul,True,
5048,merge,나의,'나의',6,2,eb 82 98 ec 9d 98,320,310,,hangul,True,
5049,merge, 예전,' 예전',7,3,20 ec 98 88 ec a0 84,918,434,contains_whitespace,hangul;whitespace,True,
5050,merge,이에요,'이에요',9,3,ec 9d b4 ec 97 90 ec 9a 94,267,2093,,hangul,True,
5051,merge,개그,'개그',6,2,ea b0 9c ea b7 b8,577,460,,hangul,True,
5052,merge,어릴때,'어릴때',9,3,ec 96 b4 eb a6 b4 eb 95 8c,327,2697,,hangul,True,
5053,merge, 외모,' 외모',7,3,20 ec 99 b8 eb aa a8,1457,789,contains_whitespace,hangul;whitespace,True,
5054,merge, 전에,' 전에',7,3,20 ec a0 84 ec 97 90,543,300,contains_whitespace,hangul;whitespace,True,
5055,merge,겠다는,'겠다는',9,3,ea b2 a0 eb 8b a4 eb 8a 94,551,644,,hangul,True,
5056,merge, 빠져들,' 빠져들',10,4,20 eb b9 a0 ec a0 b8 eb 93 a4,2222,334,contains_whitespace,hangul;whitespace,True,
5057,merge,할 수,'할 수',7,3,ed 95 a0 20 ec 88 98,478,531,contains_whitespace,hangul;whitespace,True,
5058,merge, 의미를,' 의미를',10,4,20 ec 9d 98 eb af b8 eb a5 bc,1770,382,contains_whitespace,hangul;whitespace,True,
5059,merge,나...,'나...',6,4,eb 82 98 2e 2e 2e,320,373,repeated_run,hangul;punct_symbol,True,
5060,merge,똑,'똑',3,1,eb 98 91,1507,149,,hangul,True,
5061,merge,할 수 없,'할 수 없',11,5,ed 95 a0 20 ec 88 98 20 ec 97 86,478,1816,contains_whitespace,hangul;whitespace,True,
5062,merge, 아름다운 영화,' 아름다운 영화',20,8,20 ec 95 84 eb a6 84 eb 8b a4 ec 9a b4 20 ec 98 81 ed 99 94,1327,1588,contains_whitespace,hangul;whitespace,True,
5063,merge,",,\n","',,\n'",3,3,2c 2c 0a,764,14,contains_whitespace;control_char,control;punct_symbol;whitespace,True,
5064,merge,\n왠,'\n왠',4,2,0a ec 99 a0,944,164,contains_whitespace;control_char,control;hangul;whitespace,True,
5065,merge,렷,'렷',3,1,eb a0 b7,339,187,,hangul,True,
5066,merge,움을,'움을',6,2,ec 9b 80 ec 9d 84,894,318,,hangul,True,
5067,merge, 사랑하는,' 사랑하는',13,5,20 ec 82 ac eb 9e 91 ed 95 98 eb 8a 94,819,504,contains_whitespace,hangul;whitespace,True,
5068,merge, 나서,' 나서',7,3,20 eb 82 98 ec 84 9c,408,321,contains_whitespace,hangul;whitespace,True,
5069,merge, 떠오,' 떠오',7,3,20 eb 96 a0 ec 98 a4,1609,466,contains_whitespace,hangul;whitespace,True,
5070,merge,시간에,'시간에',9,3,ec 8b 9c ea b0 84 ec 97 90,966,300,,hangul,True,
5071,merge,\n지루,'\n지루',7,3,0a ec a7 80 eb a3 a8,14,1299,contains_whitespace;control_char,control;hangul;whitespace,True,
5072,merge,\n고,'\n고',4,2,0a ea b3 a0,14,277,contains_whitespace;control_char,control;hangul;whitespace,True,
5073,merge,학년,'학년',6,2,ed 95 99 eb 85 84,961,629,,hangul,True,
5074,merge, 볼수 있,' 볼수 있',11,5,20 eb b3 bc ec 88 98 20 ec 9e 88,670,1891,contains_whitespace,hangul;whitespace,True,
5075,merge,\n지,'\n지',4,2,0a ec a7 80,14,286,contains_whitespace;control_char,control;hangul;whitespace,True,
5076,merge,,b'\xac\xeb\x9e\x80',4,0,ac eb 9e 80,444,132,invalid_utf8,invalid_utf8,False,'utf-8' codec can't decode byte 0xac in position 0: invalid start byte
5077,merge,듭,'듭',3,1,eb 93 ad,298,177,,hangul,True,
5078,merge, 그린,' 그린',7,3,20 ea b7 b8 eb a6 b0,359,757,contains_whitespace,hangul;whitespace,True,
5079,merge,,b'\xaa\x85',2,0,aa 85,174,137,invalid_utf8,invalid_utf8,False,'utf-8' codec can't decode byte 0xaa in position 0: invalid start byte
5080,merge,로는,'로는',6,2,eb a1 9c eb 8a 94,325,272,,hangul,True,
5081,merge,성우,'성우',6,2,ec 84 b1 ec 9a b0,500,404,,hangul,True,
5082,merge, 퀄리티,' 퀄리티',10,4,20 ed 80 84 eb a6 ac ed 8b b0,3714,4421,contains_whitespace,hangul;whitespace,True,
5083,merge, 성격,' 성격',7,3,20 ec 84 b1 ea b2 a9,979,1102,contains_whitespace,hangul;whitespace,True,
5084,merge, 정신병,' 정신병',10,4,20 ec a0 95 ec 8b a0 eb b3 91,1864,1563,contains_whitespace,hangul;whitespace,True,
5085,merge, 좋았으나,' 좋았으나',13,5,20 ec a2 8b ec 95 98 ec 9c bc eb 82 98,860,1673,contains_whitespace,hangul;whitespace,True,
5086,merge,톤,'톤',3,1,ed 86 a4,484,168,,hangul,True,
5087,merge,두고,'두고',6,2,eb 91 90 ea b3 a0,846,277,,hangul,True,
5088,merge,샤,'샤',3,1,ec 83 a4,361,168,,hangul,True,
5089,merge, 아이들이,' 아이들이',13,5,20 ec 95 84 ec 9d b4 eb 93 a4 ec 9d b4,1202,593,contains_whitespace,hangul;whitespace,True,
5090,merge, 드라마는,' 드라마는',13,5,20 eb 93 9c eb 9d bc eb a7 88 eb 8a 94,730,272,contains_whitespace,hangul;whitespace,True,
5091,merge,정우,'정우',6,2,ec a0 95 ec 9a b0,395,404,,hangul,True,
5092,merge, 종교,' 종교',7,3,20 ec a2 85 ea b5 90,2317,927,contains_whitespace,hangul;whitespace,True,
5093,merge, 안무,' 안무',7,3,20 ec 95 88 eb ac b4,295,391,contains_whitespace,hangul;whitespace,True,
5094,merge,듣,'듣',3,1,eb 93 a3,298,167,,hangul,True,
5095,merge, 이쁜,' 이쁜',7,3,20 ec 9d b4 ec 81 9c,322,1827,contains_whitespace,hangul;whitespace,True,
5096,merge, 자살,' 자살',7,3,20 ec 9e 90 ec 82 b4,612,1045,contains_whitespace,hangul;whitespace,True,
5097,merge,가 될,'가 될',7,3,ea b0 80 20 eb 90 a0,290,1695,contains_whitespace,hangul;whitespace,True,
5098,merge,당신,'당신',6,2,eb 8b b9 ec 8b a0,734,545,,hangul,True,
5099,merge, 눈이,' 눈이',7,3,20 eb 88 88 ec 9d b4,1399,267,contains_whitespace,hangul;whitespace,True,
5100,merge, 엑,' 엑',4,2,20 ec 97 91,315,149,contains_whitespace,hangul;whitespace,True,
5101,merge, 말고,' 말고',7,3,20 eb a7 90 ea b3 a0,597,277,contains_whitespace,hangul;whitespace,True,
5102,merge, 흥미롭,' 흥미롭',10,4,20 ed 9d a5 eb af b8 eb a1 ad,1684,2306,contains_whitespace,hangul;whitespace,True,
5103,merge,하네요\n,'하네요\n',10,4,ed 95 98 eb 84 a4 ec 9a 94 0a,289,1351,contains_whitespace;control_char,control;hangul;whitespace,True,
5104,merge,일 뿐,'일 뿐',7,3,ec 9d bc 20 eb bf 90,518,1993,contains_whitespace,hangul;whitespace,True,
5105,merge, 죽이,' 죽이',7,3,20 ec a3 bd ec 9d b4,932,267,contains_whitespace,hangul;whitespace,True,
5106,merge, 화가,' 화가',7,3,20 ed 99 94 ea b0 80,1118,290,contains_whitespace,hangul;whitespace,True,
5107,merge,가가,'가가',6,2,ea b0 80 ea b0 80,290,290,,hangul,True,
5108,merge, 특수,' 특수',7,3,20 ed 8a b9 ec 88 98,1121,415,contains_whitespace,hangul;whitespace,True,
5109,merge,효과,'효과',6,2,ed 9a a8 ea b3 bc,2068,441,,hangul,True,
5110,merge, 마무리,' 마무리',10,4,20 eb a7 88 eb ac b4 eb a6 ac,3527,332,contains_whitespace,hangul;whitespace,True,
5111,merge, 10점 준,' 10점 준',10,6,20 31 30 ec a0 90 20 ec a4 80,999,1413,contains_whitespace,digit;hangul;whitespace,True,
5112,merge,그리,'그리',6,2,ea b7 b8 eb a6 ac,460,332,,hangul,True,
5113,merge, 제외,' 제외',7,3,20 ec a0 9c ec 99 b8,607,1562,contains_whitespace,hangul;whitespace,True,
5114,merge,.2,'.2',2,2,2e 32,50,54,,digit;punct_symbol,True,
5115,merge,\n좋은,'\n좋은',7,3,0a ec a2 8b ec 9d 80,1884,313,contains_whitespace;control_char,control;hangul;whitespace,True,
5116,merge, 진심으로,' 진심으로',13,5,20 ec a7 84 ec 8b ac ec 9c bc eb a1 9c,2155,432,contains_whitespace,hangul;whitespace,True,
5117,merge,게 만든,'게 만든',10,4,ea b2 8c 20 eb a7 8c eb 93 a0,319,1083,contains_whitespace,hangul;whitespace,True,
5118,merge,,b'\xeb\x8b\xa4\n\xec\xa1',6,0,eb 8b a4 0a ec a1,806,165,invalid_utf8,invalid_utf8,False,'utf-8' codec can't decode bytes in position 4-5: unexpected end of data
5119,merge, 뭉,' 뭉',4,2,20 eb ad 89,562,141,contains_whitespace,hangul;whitespace,True,
5120,merge,에요\n,'에요\n',7,3,ec 97 90 ec 9a 94 0a,300,1215,contains_whitespace;control_char,control;hangul;whitespace,True,
5121,merge, 영화중,' 영화중',10,4,20 ec 98 81 ed 99 94 ec a4 91,305,559,contains_whitespace,hangul;whitespace,True,
5122,merge, 씁쓸,' 씁쓸',7,3,20 ec 94 81 ec 93 b8,1668,4509,contains_whitespace,hangul;whitespace,True,
5123,merge,웃기,'웃기',6,2,ec 9b 83 ea b8 b0,1229,303,,hangul,True,
5124,merge, 무서웠,' 무서웠',10,4,20 eb ac b4 ec 84 9c ec 9b a0,1881,1117,contains_whitespace,hangul;whitespace,True,
5125,merge,,b'\xac\xeb\x9e\x98',4,0,ac eb 9e 98,444,156,invalid_utf8,invalid_utf8,False,'utf-8' codec can't decode byte 0xac in position 0: invalid start byte
5126,merge,,b'\xad\x89',2,0,ad 89,177,141,invalid_utf8,invalid_utf8,False,'utf-8' codec can't decode byte 0xad in position 0: invalid start byte
5127,merge, 되게,' 되게',7,3,20 eb 90 98 ea b2 8c,746,319,contains_whitespace,hangul;whitespace,True,
5128,merge,외로,'외로',6,2,ec 99 b8 eb a1 9c,1562,325,,hangul,True,
5129,merge,해주는,'해주는',9,3,ed 95 b4 ec a3 bc eb 8a 94,355,1278,,hangul,True,
5130,merge,저는,'저는',6,2,ec a0 80 eb 8a 94,667,272,,hangul,True,
5131,merge,략,'략',3,1,eb 9e b5,375,185,,hangul,True,
5132,merge, 결론,' 결론',7,3,20 ea b2 b0 eb a1 a0,836,1046,contains_whitespace,hangul;whitespace,True,
5133,merge,ㅈ,'ㅈ',3,1,e3 85 88,284,140,,hangul,True,
5134,merge,장을,'장을',6,2,ec 9e a5 ec 9d 84,425,318,,hangul,True,
5135,merge,한 소재,'한 소재',10,4,ed 95 9c 20 ec 86 8c ec 9e ac,304,1697,contains_whitespace,hangul;whitespace,True,
5136,merge,었던 영화,'었던 영화',13,5,ec 97 88 eb 8d 98 20 ec 98 81 ed 99 94,1241,305,contains_whitespace,hangul;whitespace,True,
5137,merge,들만,'들만',6,2,eb 93 a4 eb a7 8c,334,328,,hangul,True,
5138,merge,역대,'역대',6,2,ec 97 ad eb 8c 80,822,390,,hangul,True,
5139,merge,,b'\xeb\x84\x88\xeb',4,0,eb 84 88 eb,348,306,invalid_utf8,invalid_utf8,False,'utf-8' codec can't decode byte 0xeb in position 3: unexpected end of data
5140,merge, 썼,' 썼',4,2,20 ec 8d bc,260,1226,contains_whitespace,hangul;whitespace,True,
5141,merge,어이없,'어이없',9,3,ec 96 b4 ec 9d b4 ec 97 86,327,1750,,hangul,True,
5142,merge,겨진,'겨진',6,2,ea b2 a8 ec a7 84,974,422,,hangul,True,
5143,merge,대의,'대의',6,2,eb 8c 80 ec 9d 98,390,310,,hangul,True,
5144,merge, 몰입감,' 몰입감',10,4,20 eb aa b0 ec 9e 85 ea b0 90,1212,586,contains_whitespace,hangul;whitespace,True,
5145,merge, 스스로,' 스스로',10,4,20 ec 8a a4 ec 8a a4 eb a1 9c,494,3575,contains_whitespace,hangul;whitespace,True,
5146,merge,전편,'전편',6,2,ec a0 84 ed 8e b8,434,647,,hangul,True,
5147,merge, 꼴,' 꼴',4,2,20 ea bc b4,1013,184,contains_whitespace,hangul;whitespace,True,
5148,merge, 좋았다.\n,' 좋았다.\n',12,6,20 ec a2 8b ec 95 98 eb 8b a4 2e 0a,860,388,contains_whitespace;control_char,control;hangul;punct_symbol;whitespace,True,
5149,merge, 떨어지는,' 떨어지는',13,5,20 eb 96 a8 ec 96 b4 ec a7 80 eb 8a 94,1456,959,contains_whitespace,hangul;whitespace,True,
5150,merge,함은,'함은',6,2,ed 95 a8 ec 9d 80,528,313,,hangul,True,
5151,merge,재밌고,'재밌고',9,3,ec 9e ac eb b0 8c ea b3 a0,783,277,,hangul,True,
5152,merge, 여자가,' 여자가',10,4,20 ec 97 ac ec 9e 90 ea b0 80,1149,290,contains_whitespace,hangul;whitespace,True,
5153,merge,BS,'BS',2,2,42 53,70,87,,english,True,
5154,merge, 수준이,' 수준이',10,4,20 ec 88 98 ec a4 80 ec 9d b4,1397,267,contains_whitespace,hangul;whitespace,True,
5155,merge,아깝다\n,'아깝다\n',10,4,ec 95 84 ea b9 9d eb 8b a4 0a,1904,402,contains_whitespace;control_char,control;hangul;whitespace,True,
5156,merge, 내용을,' 내용을',10,4,20 eb 82 b4 ec 9a a9 ec 9d 84,773,318,contains_whitespace,hangul;whitespace,True,
5157,merge,의 명작,'의 명작',10,4,ec 9d 98 20 eb aa 85 ec 9e 91,310,1047,contains_whitespace,hangul;whitespace,True,
5158,merge, 이야기.,' 이야기.',11,5,20 ec 9d b4 ec 95 bc ea b8 b0 2e,1049,50,contains_whitespace,hangul;punct_symbol;whitespace,True,
5159,merge, 우연히,' 우연히',10,4,20 ec 9a b0 ec 97 b0 ed 9e 88,740,2793,contains_whitespace,hangul;whitespace,True,
5160,merge, 아이돌,' 아이돌',10,4,20 ec 95 84 ec 9d b4 eb 8f 8c,1202,1597,contains_whitespace,hangul;whitespace,True,
5161,merge,----,'----',4,4,2d 2d 2d 2d,2436,2436,repeated_run,punct_symbol,True,
5162,merge, 에피소드,' 에피소드',13,5,20 ec 97 90 ed 94 bc ec 86 8c eb 93 9c,4846,462,contains_whitespace,hangul;whitespace,True,
5163,merge,인들이,'인들이',9,3,ec 9d b8 eb 93 a4 ec 9d b4,341,593,,hangul,True,
5164,merge, 의심,' 의심',7,3,20 ec 9d 98 ec 8b ac,942,673,contains_whitespace,hangul;whitespace,True,
5165,merge,중국,'중국',6,2,ec a4 91 ea b5 ad,559,538,,hangul,True,
5166,merge,그대로,'그대로',9,3,ea b7 b8 eb 8c 80 eb a1 9c,460,949,,hangul,True,
5167,merge, 매력적이,' 매력적이',13,5,20 eb a7 a4 eb a0 a5 ec a0 81 ec 9d b4,1269,817,contains_whitespace,hangul;whitespace,True,
5168,merge,긋,'긋',3,1,ea b8 8b,288,143,,hangul,True,
5169,merge,얘기,'얘기',6,2,ec 96 98 ea b8 b0,3505,303,,hangul,True,
5170,merge, 아름다웠,' 아름다웠',13,5,20 ec 95 84 eb a6 84 eb 8b a4 ec 9b a0,1327,1117,contains_whitespace,hangul;whitespace,True,
5171,merge, 못하는,' 못하는',10,4,20 eb aa bb ed 95 98 eb 8a 94,588,504,contains_whitespace,hangul;whitespace,True,
5172,merge,거면,'거면',6,2,ea b1 b0 eb a9 b4,385,356,,hangul,True,
5173,merge,7년,'7년',4,2,37 eb 85 84,59,629,,digit;hangul,True,
5174,merge,전드,'전드',6,2,ec a0 84 eb 93 9c,434,462,,hangul,True,
5175,merge, 새끼,' 새끼',7,3,20 ec 83 88 eb 81 bc,429,2822,contains_whitespace,hangul;whitespace,True,
5176,merge, 없음,' 없음',7,3,20 ec 97 86 ec 9d 8c,409,370,contains_whitespace,hangul;whitespace,True,
5177,merge, 액션은,' 액션은',10,4,20 ec 95 a1 ec 85 98 ec 9d 80,936,313,contains_whitespace,hangul;whitespace,True,
5178,merge,구가,'구가',6,2,ea b5 ac ea b0 80,541,290,,hangul,True,
5179,merge,속으로,'속으로',9,3,ec 86 8d ec 9c bc eb a1 9c,788,432,,hangul,True,
5180,merge, 볼때마다,' 볼때마다',13,5,20 eb b3 bc eb 95 8c eb a7 88 eb 8b a4,670,3201,contains_whitespace,hangul;whitespace,True,
5181,merge,영화...,'영화...',9,5,ec 98 81 ed 99 94 2e 2e 2e,367,373,repeated_run,hangul;punct_symbol,True,
5182,merge, 느끼는,' 느끼는',10,4,20 eb 8a 90 eb 81 bc eb 8a 94,1766,272,contains_whitespace,hangul;whitespace,True,
5183,merge, 속에,' 속에',7,3,20 ec 86 8d ec 97 90,1279,300,contains_whitespace,hangul;whitespace,True,
5184,merge, 작품성,' 작품성',10,4,20 ec 9e 91 ed 92 88 ec 84 b1,885,500,contains_whitespace,hangul;whitespace,True,
5185,merge,스토리도,'스토리도',12,4,ec 8a a4 ed 86 a0 eb a6 ac eb 8f 84,1216,296,,hangul,True,
5186,merge,...정말,'...정말',9,5,2e 2e 2e ec a0 95 eb a7 90,373,653,repeated_run,hangul;punct_symbol,True,
5187,merge,인가?\n,'인가?\n',8,4,ec 9d b8 ea b0 80 3f 0a,1243,709,contains_whitespace;control_char,control;hangul;punct_symbol;whitespace,True,
5188,merge, 시걸,' 시걸',7,3,20 ec 8b 9c ea b1 b8,472,643,contains_whitespace,hangul;whitespace,True,
5189,merge, 더불어,' 더불어',10,4,20 eb 8d 94 eb b6 88 ec 96 b4,566,4865,contains_whitespace,hangul;whitespace,True,
5190,merge,누가,'누가',6,2,eb 88 84 ea b0 80,1745,290,,hangul,True,
5191,merge, 보게되,' 보게되',10,4,20 eb b3 b4 ea b2 8c eb 90 98,1768,700,contains_whitespace,hangul;whitespace,True,
5192,merge,\n이 영화는,'\n이 영화는',14,6,0a ec 9d b4 20 ec 98 81 ed 99 94 eb 8a 94,558,1003,contains_whitespace;control_char,control;hangul;whitespace,True,
5193,merge,날때,'날때',6,2,eb 82 a0 eb 95 8c,1075,574,,hangul,True,
5194,merge, 생각하고,' 생각하고',13,5,20 ec 83 9d ea b0 81 ed 95 98 ea b3 a0,581,437,contains_whitespace,hangul;whitespace,True,
5195,merge, 질리,' 질리',7,3,20 ec a7 88 eb a6 ac,1871,332,contains_whitespace,hangul;whitespace,True,
5196,merge,로써,'로써',6,2,eb a1 9c ec 8d a8,325,1682,,hangul,True,
5197,merge,지말고,'지말고',9,3,ec a7 80 eb a7 90 ea b3 a0,2431,277,,hangul,True,
5198,merge, 좀 더,' 좀 더',8,4,20 ec a2 80 20 eb 8d 94,765,566,contains_whitespace,hangul;whitespace,True,
5199,merge,인간의,'인간의',9,3,ec 9d b8 ea b0 84 ec 9d 98,2300,310,,hangul,True,
5200,merge, 좋네요,' 좋네요',10,4,20 ec a2 8b eb 84 a4 ec 9a 94,406,471,contains_whitespace,hangul;whitespace,True,
5201,merge, 희생,' 희생',7,3,20 ed 9d ac ec 83 9d,2292,592,contains_whitespace,hangul;whitespace,True,
5202,merge,힘들,'힘들',6,2,ed 9e 98 eb 93 a4,3053,334,,hangul,True,
5203,merge, ;;,' ;;',3,3,20 3b 3b,36,637,contains_whitespace,punct_symbol;whitespace,True,
5204,merge, 거짓,' 거짓',7,3,20 ea b1 b0 ec a7 93,838,2006,contains_whitespace,hangul;whitespace,True,
5205,merge, 옆,' 옆',4,2,20 ec 98 86,456,138,contains_whitespace,hangul;whitespace,True,
5206,merge,리며,'리며',6,2,eb a6 ac eb a9 b0,748,3998,,hangul,True,
5207,merge, 강력,' 강력',7,3,20 ea b0 95 eb a0 a5,1028,591,contains_whitespace,hangul;whitespace,True,
5208,merge,트콤,'트콤',6,2,ed 8a b8 ec bd a4,639,3379,,hangul,True,
5209,merge,해지는 영화,'해지는 영화',16,6,ed 95 b4 ec a7 80 eb 8a 94 20 ec 98 81 ed 99 94,2517,537,contains_whitespace,hangul;whitespace,True,
5210,merge, 끝난,' 끝난',7,3,20 eb 81 9d eb 82 9c,732,615,contains_whitespace,hangul;whitespace,True,
5211,merge, 한참,' 한참',7,3,20 ed 95 9c ec b0 b8,469,1496,contains_whitespace,hangul;whitespace,True,
5212,merge, 만나,' 만나',7,3,20 eb a7 8c eb 82 98,458,320,contains_whitespace,hangul;whitespace,True,
5213,merge,,b'\x88\xeb\x95\x8c',4,0,88 eb 95 8c,306,481,invalid_utf8,invalid_utf8,False,'utf-8' codec can't decode byte 0x88 in position 0: invalid start byte
5214,merge, 바랍,' 바랍',7,3,20 eb b0 94 eb 9e 8d,833,2396,contains_whitespace,hangul;whitespace,True,
5215,merge,고.,'고.',4,2,ea b3 a0 2e,277,50,,hangul;punct_symbol,True,
5216,merge, 이런걸,' 이런걸',10,4,20 ec 9d b4 eb 9f b0 ea b1 b8,631,643,contains_whitespace,hangul;whitespace,True,
5217,merge, 한다.,' 한다.',8,4,20 ed 95 9c eb 8b a4 2e,469,369,contains_whitespace,hangul;punct_symbol;whitespace,True,
5218,merge, 좌,' 좌',4,2,20 ec a2 8c,383,144,contains_whitespace,hangul;whitespace,True,
5219,merge,지어,'지어',6,2,ec a7 80 ec 96 b4,286,327,,hangul,True,
5220,merge, 믿을,' 믿을',7,3,20 eb af bf ec 9d 84,1473,318,contains_whitespace,hangul;whitespace,True,
5221,merge, 보니까,' 보니까',10,4,20 eb b3 b4 eb 8b 88 ea b9 8c,357,1302,contains_whitespace,hangul;whitespace,True,
5222,merge,가?\n,'가?\n',5,3,ea b0 80 3f 0a,290,709,contains_whitespace;control_char,control;hangul;punct_symbol;whitespace,True,
5223,merge,섹,'섹',3,1,ec 84 b9,292,189,,hangul,True,
5224,merge,,b'\xac\xeb\xb0',3,0,ac eb b0,294,180,invalid_utf8,invalid_utf8,False,'utf-8' codec can't decode byte 0xac in position 0: invalid start byte
5225,merge,가능,'가능',6,2,ea b0 80 eb 8a a5,290,1306,,hangul,True,
5226,merge,하다..\n,'하다..\n',9,5,ed 95 98 eb 8b a4 2e 2e 0a,1017,487,contains_whitespace;control_char,control;hangul;punct_symbol;whitespace,True,
5227,merge,리기,'리기',6,2,eb a6 ac ea b8 b0,332,303,,hangul,True,
5228,merge,......\n,'......\n',7,7,2e 2e 2e 2e 2e 2e 0a,427,487,contains_whitespace;control_char;repeated_run,control;punct_symbol;whitespace,True,
5229,merge,었냐,'었냐',6,2,ec 97 88 eb 83 90,270,2781,,hangul,True,
5230,merge,었다면,'었다면',9,3,ec 97 88 eb 8b a4 eb a9 b4,405,1051,,hangul,True,
5231,merge, 범인,' 범인',7,3,20 eb b2 94 ec 9d b8,2046,341,contains_whitespace,hangul;whitespace,True,
5232,merge,매우,'매우',6,2,eb a7 a4 ec 9a b0,1081,404,,hangul,True,
5233,merge, 새롭,' 새롭',7,3,20 ec 83 88 eb a1 ad,3839,177,contains_whitespace,hangul;whitespace,True,
5234,merge,앤,'앤',3,1,ec 95 a4,283,168,,hangul,True,
5235,merge, 어처구니,' 어처구니',13,5,20 ec 96 b4 ec b2 98 ea b5 ac eb 8b 88,455,4418,contains_whitespace,hangul;whitespace,True,
5236,merge,압,'압',3,1,ec 95 95,283,153,,hangul,True,
5237,merge, 나옴,' 나옴',7,3,20 eb 82 98 ec 98 b4,1842,184,contains_whitespace,hangul;whitespace,True,
5238,merge, 돈이,' 돈이',7,3,20 eb 8f 88 ec 9d b4,1080,267,contains_whitespace,hangul;whitespace,True,
5239,merge,했다는,'했다는',9,3,ed 96 88 eb 8b a4 eb 8a 94,526,644,,hangul,True,
5240,merge, 독립영화,' 독립영화',13,5,20 eb 8f 85 eb a6 bd ec 98 81 ed 99 94,3428,367,contains_whitespace,hangul;whitespace,True,
5241,merge,"지,","'지,'",4,2,ec a7 80 2c,286,48,,hangul;punct_symbol,True,
5242,merge,긴한데,'긴한데',9,3,ea b8 b4 ed 95 9c eb 8d b0,669,1840,,hangul,True,
5243,merge, 겨우,' 겨우',7,3,20 ea b2 a8 ec 9a b0,3064,404,contains_whitespace,hangul;whitespace,True,
5244,merge,지..\n,'지..\n',6,4,ec a7 80 2e 2e 0a,286,487,contains_whitespace;control_char,control;hangul;punct_symbol;whitespace,True,
5245,merge, 죄다,' 죄다',7,3,20 ec a3 84 eb 8b a4,2413,268,contains_whitespace,hangul;whitespace,True,
5246,merge, 결말도,' 결말도',10,4,20 ea b2 b0 eb a7 90 eb 8f 84,1443,296,contains_whitespace,hangul;whitespace,True,
5247,merge, 힐링,' 힐링',7,3,20 ed 9e 90 eb a7 81,963,4455,contains_whitespace,hangul;whitespace,True,
5248,merge, 모습이,' 모습이',10,4,20 eb aa a8 ec 8a b5 ec 9d b4,1542,267,contains_whitespace,hangul;whitespace,True,
5249,merge, 깨닫,' 깨닫',7,3,20 ea b9 a8 eb 8b ab,2220,3912,contains_whitespace,hangul;whitespace,True,
5250,merge,자는,'자는',6,2,ec 9e 90 eb 8a 94,392,272,,hangul,True,
5251,merge,다 ㅋㅋ,'다 ㅋㅋ',10,4,eb 8b a4 20 e3 85 8b e3 85 8b,268,718,contains_whitespace,hangul;whitespace,True,
5252,merge, 통쾌,' 통쾌',7,3,20 ed 86 b5 ec be 8c,1880,1323,contains_whitespace,hangul;whitespace,True,
5253,merge, 버렸,' 버렸',7,3,20 eb b2 84 eb a0 b8,1464,1030,contains_whitespace,hangul;whitespace,True,
5254,merge,추억,'추억',6,2,ec b6 94 ec 96 b5,899,738,,hangul,True,
5255,merge, 몰입이,' 몰입이',10,4,20 eb aa b0 ec 9e 85 ec 9d b4,1212,267,contains_whitespace,hangul;whitespace,True,
5256,merge, 흥미로,' 흥미로',10,4,20 ed 9d a5 eb af b8 eb a1 9c,1684,325,contains_whitespace,hangul;whitespace,True,
5257,merge, ㅠ\n,' ㅠ\n',5,3,20 e3 85 a0 0a,36,2101,contains_whitespace;control_char,control;hangul;whitespace,True,
5258,merge,너무너무,'너무너무',12,4,eb 84 88 eb ac b4 eb 84 88 eb ac b4,707,707,,hangul,True,
5259,merge, 5점,' 5점',5,3,20 35 ec a0 90,1553,366,contains_whitespace,digit;hangul;whitespace,True,
5260,merge,잔잔한,'잔잔한',9,3,ec 9e 94 ec 9e 94 ed 95 9c,2410,304,,hangul,True,
5261,merge,빡,'빡',3,1,eb b9 a1,676,165,,hangul,True,
5262,merge,할듯,'할듯',6,2,ed 95 a0 eb 93 af,478,613,,hangul,True,
5263,merge,켓,'켓',3,1,ec bc 93,992,151,,hangul,True,
5264,merge,화면,'화면',6,2,ed 99 94 eb a9 b4,279,356,,hangul,True,
5265,merge,불쌍,'불쌍',6,2,eb b6 88 ec 8c 8d,1370,1916,,hangul,True,
5266,merge,안타,'안타',6,2,ec 95 88 ed 83 80,699,635,,hangul,True,
5267,merge,,b'\xa8\xb8',2,0,a8 b8,172,188,invalid_utf8,invalid_utf8,False,'utf-8' codec can't decode byte 0xa8 in position 0: invalid start byte
5268,merge, 영화보다,' 영화보다',13,5,20 ec 98 81 ed 99 94 eb b3 b4 eb 8b a4,305,691,contains_whitespace,hangul;whitespace,True,
5269,merge,est,'est',3,3,65 73 74,105,1957,,english,True,
5270,merge, 효,' 효',4,2,20 ed 9a a8,2062,172,contains_whitespace,hangul;whitespace,True,
5271,merge, 기대했는데,' 기대했는데',16,6,20 ea b8 b0 eb 8c 80 ed 96 88 eb 8a 94 eb 8d b0,977,1518,contains_whitespace,hangul;whitespace,True,
5272,merge,렁,'렁',3,1,eb a0 81,339,133,,hangul,True,
5273,merge,기덕,'기덕',6,2,ea b8 b0 eb 8d 95,303,1858,,hangul,True,
5274,merge,구랑,'구랑',6,2,ea b5 ac eb 9e 91,354,2058,,hangul,True,
5275,merge, 왜이래,' 왜이래',10,4,20 ec 99 9c ec 9d b4 eb 9e 98,1863,525,contains_whitespace,hangul;whitespace,True,
5276,merge,시에,'시에',6,2,ec 8b 9c ec 97 90,365,300,,hangul,True,
5277,merge, 찌질,' 찌질',7,3,20 ec b0 8c ec a7 88,2935,869,contains_whitespace,hangul;whitespace,True,
5278,merge, <,' <',2,2,20 3c,36,64,contains_whitespace,punct_symbol;whitespace,True,
5279,merge, 보길,' 보길',7,3,20 eb b3 b4 ea b8 b8,357,782,contains_whitespace,hangul;whitespace,True,
5280,merge, 말을,' 말을',7,3,20 eb a7 90 ec 9d 84,597,318,contains_whitespace,hangul;whitespace,True,
5281,merge,결혼,'결혼',6,2,ea b2 b0 ed 98 bc,1089,1622,,hangul,True,
5282,merge,였습니다.,'였습니다.',13,5,ec 98 80 ec 8a b5 eb 8b 88 eb 8b a4 2e,641,1015,,hangul;punct_symbol,True,
5283,merge,감을,'감을',6,2,ea b0 90 ec 9d 84,586,318,,hangul,True,
5284,merge,봣는데,'봣는데',9,3,eb b4 a3 eb 8a 94 eb 8d b0,2463,393,,hangul,True,
5285,merge,팀,'팀',3,1,ed 8c 80,241,350,,hangul,True,
5286,merge,히는,'히는',6,2,ed 9e 88 eb 8a 94,503,272,,hangul,True,
5287,merge,\n아..,'\n아..',6,4,0a ec 95 84 2e 2e,872,266,contains_whitespace;control_char,control;hangul;punct_symbol;whitespace,True,
5288,merge, 재밌는데,' 재밌는데',13,5,20 ec 9e ac eb b0 8c eb 8a 94 eb 8d b0,521,393,contains_whitespace,hangul;whitespace,True,
5289,merge, 맡,' 맡',4,2,20 eb a7 a1,323,165,contains_whitespace,hangul;whitespace,True,
5290,merge,님들,'님들',6,2,eb 8b 98 eb 93 a4,852,334,,hangul,True,
5291,merge,파이어,'파이어',9,3,ed 8c 8c ec 9d b4 ec 96 b4,2820,327,,hangul,True,
5292,merge, 영화를 만들,' 영화를 만들',17,7,20 ec 98 81 ed 99 94 eb a5 bc 20 eb a7 8c eb 93 a4,929,704,contains_whitespace,hangul;whitespace,True,
5293,merge,웨,'웨',3,1,ec 9b a8,398,172,,hangul,True,
5294,merge,었음\n,'었음\n',7,3,ec 97 88 ec 9d 8c 0a,405,957,contains_whitespace;control_char,control;hangul;whitespace,True,
5295,merge,ㅋㅋㅋㅋㅋ,'ㅋㅋㅋㅋㅋ',15,5,e3 85 8b e3 85 8b e3 85 8b e3 85 8b e3 85 8b,584,314,repeated_run,hangul,True,
5296,merge,,b'\xac\xeb\x9e\x8c',4,0,ac eb 9e 8c,444,144,invalid_utf8,invalid_utf8,False,'utf-8' codec can't decode byte 0xac in position 0: invalid start byte
5297,merge,는 안,'는 안',7,3,eb 8a 94 20 ec 95 88,272,568,contains_whitespace,hangul;whitespace,True,
5298,merge,있던,'있던',6,2,ec 9e 88 eb 8d 98,274,811,,hangul,True,
5299,merge,주인공이,'주인공이',12,4,ec a3 bc ec 9d b8 ea b3 b5 ec 9d b4,1405,267,,hangul,True,
5300,merge,.4,'.4',2,2,2e 34,50,56,,digit;punct_symbol,True,
5301,merge, 한국영화는,' 한국영화는',16,6,20 ed 95 9c ea b5 ad ec 98 81 ed 99 94 eb 8a 94,1024,1180,contains_whitespace,hangul;whitespace,True,
5302,merge,만드는,'만드는',9,3,eb a7 8c eb 93 9c eb 8a 94,328,2475,,hangul,True,
5303,merge, 강렬,' 강렬',7,3,20 ea b0 95 eb a0 ac,1028,3232,contains_whitespace,hangul;whitespace,True,
5304,merge,러면,'러면',6,2,eb 9f ac eb a9 b4,1471,1621,,hangul,True,
5305,merge, 할까,' 할까',7,3,20 ed 95 a0 ea b9 8c,900,399,contains_whitespace,hangul;whitespace,True,
5306,merge,,b'\xb3\xb4\xeb\xa9\xb4',5,0,b3 b4 eb a9 b4,309,356,invalid_utf8,invalid_utf8,False,'utf-8' codec can't decode byte 0xb3 in position 0: invalid start byte
5307,merge,ie,'ie',2,2,69 65,109,105,,english,True,
5308,merge, w,' w',2,2,20 77,36,123,contains_whitespace,english;whitespace,True,
5309,merge,it,'it',2,2,69 74,109,120,,english,True,
5310,merge,,b'\xac\xeb\x8d\x94',4,0,ac eb 8d 94,2770,152,invalid_utf8,invalid_utf8,False,'utf-8' codec can't decode byte 0xac in position 0: invalid start byte
5311,merge, 나오면,' 나오면',10,4,20 eb 82 98 ec 98 a4 eb a9 b4,935,356,contains_whitespace,hangul;whitespace,True,
5312,merge,\n초,'\n초',4,2,0a ec b4 88,2195,140,contains_whitespace;control_char,control;hangul;whitespace,True,
5313,merge, 문화,' 문화',7,3,20 eb ac b8 ed 99 94,2144,279,contains_whitespace,hangul;whitespace,True,
5314,merge,었는데..,'었는데..',11,5,ec 97 88 eb 8a 94 eb 8d b0 2e 2e,1147,266,,hangul;punct_symbol,True,
5315,merge,불륜,'불륜',6,2,eb b6 88 eb a5 9c,3513,2870,,hangul,True,
5316,merge,범죄,'범죄',6,2,eb b2 94 ec a3 84,1512,2025,,hangul,True,
5317,merge,엑,'엑',3,1,ec 97 91,270,149,,hangul,True,
5318,merge, 예전에,' 예전에',10,4,20 ec 98 88 ec a0 84 ec 97 90,918,1663,contains_whitespace,hangul;whitespace,True,
5319,merge,강호,'강호',6,2,ea b0 95 ed 98 b8,1164,1014,,hangul,True,
5320,merge,,b'\x88\xeb\x8d\xb0',4,0,88 eb 8d b0,726,180,invalid_utf8,invalid_utf8,False,'utf-8' codec can't decode byte 0x88 in position 0: invalid start byte
5321,merge, 시시,' 시시',7,3,20 ec 8b 9c ec 8b 9c,472,365,contains_whitespace,hangul;whitespace,True,
5322,merge,는대,'는대',6,2,eb 8a 94 eb 8c 80,272,390,,hangul,True,
5323,merge,하기 짝,'하기 짝',10,4,ed 95 98 ea b8 b0 20 ec a7 9d,1106,3001,contains_whitespace,hangul;whitespace,True,
5324,merge,인 영화,'인 영화',10,4,ec 9d b8 20 ec 98 81 ed 99 94,341,305,contains_whitespace,hangul;whitespace,True,
5325,merge,하루,'하루',6,2,ed 95 98 eb a3 a8,289,533,,hangul,True,
5326,merge,주고싶,'주고싶',9,3,ec a3 bc ea b3 a0 ec 8b b6,1610,881,,hangul,True,
5327,merge,게 해주,'게 해주',10,4,ea b2 8c 20 ed 95 b4 ec a3 bc,2267,428,contains_whitespace,hangul;whitespace,True,
5328,merge,의영화,'의영화',9,3,ec 9d 98 ec 98 81 ed 99 94,310,367,,hangul,True,
5329,merge, 늘어,' 늘어',7,3,20 eb 8a 98 ec 96 b4,2592,327,contains_whitespace,hangul;whitespace,True,
5330,merge,넹,'넹',3,1,eb 84 b9,348,189,,hangul,True,
5331,merge,도 많,'도 많',7,3,eb 8f 84 20 eb a7 8e,296,675,contains_whitespace,hangul;whitespace,True,
5332,merge,지 마세요,'지 마세요',13,5,ec a7 80 20 eb a7 88 ec 84 b8 ec 9a 94,3378,928,contains_whitespace,hangul;whitespace,True,
5333,merge, 몽,' 몽',4,2,20 eb aa bd,364,193,contains_whitespace,hangul;whitespace,True,
5334,merge,을뻔,'을뻔',6,2,ec 9d 84 eb bb 94,318,1436,,hangul,True,
5335,merge, 처럼,' 처럼',7,3,20 ec b2 98 eb 9f bc,2483,1055,contains_whitespace,hangul;whitespace,True,
5336,merge,\n추,'\n추',4,2,0a ec b6 94,3101,152,contains_whitespace;control_char,control;hangul;whitespace,True,
5337,merge,한 영화는,'한 영화는',13,5,ed 95 9c 20 ec 98 81 ed 99 94 eb 8a 94,725,272,contains_whitespace,hangul;whitespace,True,
5338,merge, 그지,' 그지',7,3,20 ea b7 b8 ec a7 80,359,286,contains_whitespace,hangul;whitespace,True,
5339,merge,약간,'약간',6,2,ec 95 bd ea b0 84,1601,442,,hangul,True,
5340,merge,,b'\xac\xeb\xa6\xac\xeb\x8a\x94',7,0,ac eb a6 ac eb 8a 94,1126,272,invalid_utf8,invalid_utf8,False,'utf-8' codec can't decode byte 0xac in position 0: invalid start byte
5341,merge, 최고!,' 최고!',8,4,20 ec b5 9c ea b3 a0 21,599,37,contains_whitespace,hangul;punct_symbol;whitespace,True,
5342,merge, 섞,' 섞',4,2,20 ec 84 9e,470,162,contains_whitespace,hangul;whitespace,True,
5343,merge,모두,'모두',6,2,eb aa a8 eb 91 90,789,846,,hangul,True,
5344,merge, 뛰어넘,' 뛰어넘',10,4,20 eb 9b b0 ec 96 b4 eb 84 98,2462,1361,contains_whitespace,hangul;whitespace,True,
5345,merge,,b'\xaa\xbc',2,0,aa bc,174,192,invalid_utf8,invalid_utf8,False,'utf-8' codec can't decode byte 0xaa in position 0: invalid start byte
5346,merge,문제,'문제',6,2,eb ac b8 ec a0 9c,716,510,,hangul,True,
5347,merge, 대표,' 대표',7,3,20 eb 8c 80 ed 91 9c,513,1538,contains_whitespace,hangul;whitespace,True,
5348,merge, 하나의,' 하나의',10,4,20 ed 95 98 eb 82 98 ec 9d 98,912,310,contains_whitespace,hangul;whitespace,True,
5349,merge, 틀어,' 틀어',7,3,20 ed 8b 80 ec 96 b4,1392,1978,contains_whitespace,hangul;whitespace,True,
5350,merge, 쏟,' 쏟',4,2,20 ec 8f 9f,2614,163,contains_whitespace,hangul;whitespace,True,
5351,merge, 금,' 금',4,2,20 ea b8 88,36,638,contains_whitespace,hangul;whitespace,True,
5352,merge,의 끝,'의 끝',7,3,ec 9d 98 20 eb 81 9d,310,732,contains_whitespace,hangul;whitespace,True,
5353,merge, 북한,' 북한',7,3,20 eb b6 81 ed 95 9c,3720,304,contains_whitespace,hangul;whitespace,True,
5354,merge, 저예산,' 저예산',10,4,20 ec a0 80 ec 98 88 ec 82 b0,810,3522,contains_whitespace,hangul;whitespace,True,
5355,merge,VD,'VD',2,2,56 44,90,72,,english,True,
5356,merge, A,' A',2,2,20 41,36,69,contains_whitespace,english;whitespace,True,
5357,merge, ㅋㅋㅋㅋ\n,' ㅋㅋㅋㅋ\n',14,6,20 e3 85 8b e3 85 8b e3 85 8b e3 85 8b 0a,1925,14,contains_whitespace;control_char;repeated_run,control;hangul;whitespace,True,
5358,merge, 오랜,' 오랜',7,3,20 ec 98 a4 eb 9e 9c,640,1273,contains_whitespace,hangul;whitespace,True,
5359,merge,bs,'bs',2,2,62 73,102,119,,english,True,
5360,merge, 하는지,' 하는지',10,4,20 ed 95 98 eb 8a 94 ec a7 80,411,945,contains_whitespace,hangul;whitespace,True,
5361,merge,리카,'리카',6,2,eb a6 ac ec b9 b4,332,1210,,hangul,True,
5362,merge,배우가,'배우가',9,3,eb b0 b0 ec 9a b0 ea b0 80,994,290,,hangul,True,
5363,merge,에로,'에로',6,2,ec 97 90 eb a1 9c,300,325,,hangul,True,
5364,merge, 체,' 체',4,2,20 ec b2 b4,606,184,contains_whitespace,hangul;whitespace,True,
5365,merge, 듯.\n,' 듯.\n',6,4,20 eb 93 af 2e 0a,1338,311,contains_whitespace;control_char,control;hangul;punct_symbol;whitespace,True,
5366,merge, 연결,' 연결',7,3,20 ec 97 b0 ea b2 b0,446,1089,contains_whitespace,hangul;whitespace,True,
5367,merge,아라,'아라',6,2,ec 95 84 eb 9d bc,338,330,,hangul,True,
5368,merge, 연기잘,' 연기잘',10,4,20 ec 97 b0 ea b8 b0 ec 9e 98,527,1100,contains_whitespace,hangul;whitespace,True,
5369,merge, 재밌게 본,' 재밌게 본',14,6,20 ec 9e ac eb b0 8c ea b2 8c 20 eb b3 b8,1059,619,contains_whitespace,hangul;whitespace,True,
5370,merge, 까지,' 까지',7,3,20 ea b9 8c ec a7 80,2308,286,contains_whitespace,hangul;whitespace,True,
5371,merge, 재밌었어요,' 재밌었어요',16,6,20 ec 9e ac eb b0 8c ec 97 88 ec 96 b4 ec 9a 94,521,1990,contains_whitespace,hangul;whitespace,True,
5372,merge, 반복,' 반복',7,3,20 eb b0 98 eb b3 b5,804,1136,contains_whitespace,hangul;whitespace,True,
5373,merge,,b' \xea\xbb',3,0,20 ea bb,299,191,invalid_utf8,invalid_utf8,False,'utf-8' codec can't decode bytes in position 1-2: unexpected end of data
5374,merge,봤던,'봤던',6,2,eb b4 a4 eb 8d 98,769,596,,hangul,True,
5375,merge,OOO기,'OOO기',6,4,4f 4f 4f ea b8 b0,3343,303,repeated_run,english;hangul,True,
5376,merge, 불구하고,' 불구하고',13,5,20 eb b6 88 ea b5 ac ed 95 98 ea b3 a0,1043,4725,contains_whitespace,hangul;whitespace,True,
5377,merge,방사,'방사',6,2,eb b0 a9 ec 82 ac,1032,544,,hangul,True,
5378,merge,신선,'신선',6,2,ec 8b a0 ec 84 a0,545,731,,hangul,True,
5379,merge,물을,'물을',6,2,eb ac bc ec 9d 84,745,318,,hangul,True,
5380,merge,80년대,'80년대',8,4,38 30 eb 85 84 eb 8c 80,60,1753,,digit;hangul,True,
5381,merge,. 영화,'. 영화',8,4,2e 20 ec 98 81 ed 99 94,50,305,contains_whitespace,hangul;punct_symbol;whitespace,True,
5382,merge, 재미없다.,' 재미없다.',14,6,20 ec 9e ac eb af b8 ec 97 86 eb 8b a4 2e,818,369,contains_whitespace,hangul;punct_symbol;whitespace,True,
5383,merge,러냐,'러냐',6,2,eb 9f ac eb 83 90,1471,1685,,hangul,True,
5384,merge,은 영화\n,'은 영화\n',11,5,ec 9d 80 20 ec 98 81 ed 99 94 0a,797,14,contains_whitespace;control_char,control;hangul;whitespace,True,
5385,merge, 기독교,' 기독교',10,4,20 ea b8 b0 eb 8f 85 ea b5 90,511,4001,contains_whitespace,hangul;whitespace,True,
5386,merge, 낮아서,' 낮아서',10,4,20 eb 82 ae ec 95 84 ec 84 9c,1207,1134,contains_whitespace,hangul;whitespace,True,
5387,merge,,b'\x88\x84',2,0,88 84,140,136,invalid_utf8,invalid_utf8,False,'utf-8' codec can't decode byte 0x88 in position 0: invalid start byte
5388,merge, 동안,' 동안',7,3,20 eb 8f 99 ec 95 88,1067,699,contains_whitespace,hangul;whitespace,True,
5389,merge, 아닙,' 아닙',7,3,20 ec 95 84 eb 8b 99,693,157,contains_whitespace,hangul;whitespace,True,
5390,merge, 어이가 없,' 어이가 없',14,6,20 ec 96 b4 ec 9d b4 ea b0 80 20 ec 97 86,2660,1161,contains_whitespace,hangul;whitespace,True,
5391,merge, 그들의,' 그들의',10,4,20 ea b7 b8 eb 93 a4 ec 9d 98,359,886,contains_whitespace,hangul;whitespace,True,
5392,merge,렐,'렐',3,1,eb a0 90,339,148,,hangul,True,
5393,merge, 명작이,' 명작이',10,4,20 eb aa 85 ec 9e 91 ec 9d b4,1047,267,contains_whitespace,hangul;whitespace,True,
5394,merge,보니까,'보니까',9,3,eb b3 b4 eb 8b 88 ea b9 8c,374,1302,,hangul,True,
5395,merge, 느낄 수 있,' 느낄 수 있',15,7,20 eb 8a 90 eb 82 84 20 ec 88 98 20 ec 9e 88,2297,970,contains_whitespace,hangul;whitespace,True,
5396,merge,,b'\xeb\xa4',2,0,eb a4,239,168,invalid_utf8,invalid_utf8,False,'utf-8' codec can't decode bytes in position 0-1: unexpected end of data
5397,merge,다!!\n,'다!!\n',6,4,eb 8b a4 21 21 0a,268,980,contains_whitespace;control_char,control;hangul;punct_symbol;whitespace,True,
5398,merge, 좋다.\n,' 좋다.\n',9,5,20 ec a2 8b eb 8b a4 2e 0a,406,388,contains_whitespace;control_char,control;hangul;punct_symbol;whitespace,True,
5399,merge, 딱히,' 딱히',7,3,20 eb 94 b1 ed 9e 88,1485,503,contains_whitespace,hangul;whitespace,True,
5400,merge, 농,' 농',4,2,20 eb 86 8d,775,145,contains_whitespace,hangul;whitespace,True,
5401,merge, 담아,' 담아',7,3,20 eb 8b b4 ec 95 84,1582,338,contains_whitespace,hangul;whitespace,True,
5402,merge, 검색,' 검색',7,3,20 ea b2 80 ec 83 89,3113,1104,contains_whitespace,hangul;whitespace,True,
5403,merge,동생,'동생',6,2,eb 8f 99 ec 83 9d,768,592,,hangul,True,
5404,merge, 위대,' 위대',7,3,20 ec 9c 84 eb 8c 80,1011,390,contains_whitespace,hangul;whitespace,True,
5405,merge,레스,'레스',6,2,eb a0 88 ec 8a a4,572,371,,hangul,True,
5406,merge,펙,'펙',3,1,ed 8e 99,570,157,,hangul,True,
5407,merge, 덜,' 덜',4,2,20 eb 8d 9c,507,160,contains_whitespace,hangul;whitespace,True,
5408,merge, 악당,' 악당',7,3,20 ec 95 85 eb 8b b9,1595,734,contains_whitespace,hangul;whitespace,True,
5409,merge, 이루,' 이루',7,3,20 ec 9d b4 eb a3 a8,322,533,contains_whitespace,hangul;whitespace,True,
5410,merge,었는지,'었는지',9,3,ec 97 88 eb 8a 94 ec a7 80,405,945,,hangul,True,
5411,merge, 녹,' 녹',4,2,20 eb 85 b9,821,189,contains_whitespace,hangul;whitespace,True,
5412,merge, 일부,' 일부',7,3,20 ec 9d bc eb b6 80,701,523,contains_whitespace,hangul;whitespace,True,
5413,merge, 쓰래기,' 쓰래기',10,4,20 ec 93 b0 eb 9e 98 ea b8 b0,1384,4098,contains_whitespace,hangul;whitespace,True,
5414,merge,하는것,'하는것',9,3,ed 95 98 eb 8a 94 ea b2 83,504,420,,hangul,True,
5415,merge, 봤더니,' 봤더니',10,4,20 eb b4 a4 eb 8d 94 eb 8b 88,480,2150,contains_whitespace,hangul;whitespace,True,
5416,merge,.......,'.......',7,7,2e 2e 2e 2e 2e 2e 2e,427,373,repeated_run,punct_symbol,True,
5417,merge,점수,'점수',6,2,ec a0 90 ec 88 98,366,415,,hangul,True,
5418,merge, 뽑,' 뽑',4,2,20 eb bd 91,3193,149,contains_whitespace,hangul;whitespace,True,
5419,merge, 당연,' 당연',7,3,20 eb 8b b9 ec 97 b0,1129,483,contains_whitespace,hangul;whitespace,True,
5420,merge,야야,'야야',6,2,ec 95 bc ec 95 bc,412,412,,hangul,True,
5421,merge,~~~~~~~~,'~~~~~~~~',8,8,7e 7e 7e 7e 7e 7e 7e 7e,1826,1826,repeated_run,punct_symbol,True,
5422,merge, 모험,' 모험',7,3,20 eb aa a8 ed 97 98,535,1851,contains_whitespace,hangul;whitespace,True,
5423,merge,임스,'임스',6,2,ec 9e 84 ec 8a a4,578,371,,hangul,True,
5424,merge, 뱀,' 뱀',4,2,20 eb b1 80,261,4185,contains_whitespace,hangul;whitespace,True,
5425,merge,다지,'다지',6,2,eb 8b a4 ec a7 80,268,286,,hangul,True,
5426,merge, 등장인물,' 등장인물',13,5,20 eb 93 b1 ec 9e a5 ec 9d b8 eb ac bc,2618,2787,contains_whitespace,hangul;whitespace,True,
5427,merge, 비주얼,' 비주얼',10,4,20 eb b9 84 ec a3 bc ec 96 bc,682,4850,contains_whitespace,hangul;whitespace,True,
5428,merge,없어,'없어',6,2,ec 97 86 ec 96 b4,401,327,,hangul,True,
5429,merge, 마이너,' 마이너',10,4,20 eb a7 88 ec 9d b4 eb 84 88,2966,1764,contains_whitespace,hangul;whitespace,True,
5430,merge, 매력적인,' 매력적인',13,5,20 eb a7 a4 eb a0 a5 ec a0 81 ec 9d b8,1269,724,contains_whitespace,hangul;whitespace,True,
5431,merge,\n기대,'\n기대',7,3,0a ea b8 b0 eb 8c 80,14,1490,contains_whitespace;control_char,control;hangul;whitespace,True,
5432,merge,re,'re',2,2,72 65,118,105,,english,True,
5433,merge,이 아닌,'이 아닌',10,4,ec 9d b4 20 ec 95 84 eb 8b 8c,267,1111,contains_whitespace,hangul;whitespace,True,
5434,merge,의 연기는,'의 연기는',13,5,ec 9d 98 20 ec 97 b0 ea b8 b0 eb 8a 94,1488,272,contains_whitespace,hangul;whitespace,True,
5435,merge,자체가,'자체가',9,3,ec 9e 90 ec b2 b4 ea b0 80,2603,290,,hangul,True,
5436,merge,음을,'음을',6,2,ec 9d 8c ec 9d 84,370,318,,hangul,True,
5437,merge,버스터,'버스터',9,3,eb b2 84 ec 8a a4 ed 84 b0,685,1346,,hangul,True,
5438,merge,재밌음,'재밌음',9,3,ec 9e ac eb b0 8c ec 9d 8c,783,370,,hangul,True,
5439,merge,라는게,'라는게',9,3,eb 9d bc eb 8a 94 ea b2 8c,1097,319,,hangul,True,
5440,merge, 느끼게,' 느끼게',10,4,20 eb 8a 90 eb 81 bc ea b2 8c,1766,319,contains_whitespace,hangul;whitespace,True,
5441,merge,작은,'작은',6,2,ec 9e 91 ec 9d 80,423,313,,hangul,True,
5442,merge, 그럭저럭,' 그럭저럭',13,5,20 ea b7 b8 eb 9f ad ec a0 80 eb 9f ad,359,3918,contains_whitespace,hangul;whitespace,True,
5443,merge,고있,'고있',6,2,ea b3 a0 ec 9e 88,277,421,,hangul,True,
5444,merge,폴,'폴',3,1,ed 8f b4,652,184,,hangul,True,
5445,merge, 이유는,' 이유는',10,4,20 ec 9d b4 ec 9c a0 eb 8a 94,1644,272,contains_whitespace,hangul;whitespace,True,
5446,merge,성애,'성애',6,2,ec 84 b1 ec 95 a0,500,798,,hangul,True,
5447,merge,정적인,'정적인',9,3,ec a0 95 ec a0 81 ec 9d b8,395,724,,hangul,True,
5448,merge,이 된,'이 된',7,3,ec 9d b4 20 eb 90 9c,267,1516,contains_whitespace,hangul;whitespace,True,
5449,merge, 다큐멘터리,' 다큐멘터리',16,6,20 eb 8b a4 ed 81 90 eb a9 98 ed 84 b0 eb a6 ac,4200,332,contains_whitespace,hangul;whitespace,True,
5450,merge, 일반,' 일반',7,3,20 ec 9d bc eb b0 98,701,878,contains_whitespace,hangul;whitespace,True,
5451,merge, 깊이,' 깊이',7,3,20 ea b9 8a ec 9d b4,2170,267,contains_whitespace,hangul;whitespace,True,
5452,merge,..?,'..?',3,3,2e 2e 3f,266,67,,punct_symbol,True,
5453,merge, 미치,' 미치',7,3,20 eb af b8 ec b9 98,672,516,contains_whitespace,hangul;whitespace,True,
5454,merge, 돌아가,' 돌아가',10,4,20 eb 8f 8c ec 95 84 ea b0 80,2002,290,contains_whitespace,hangul;whitespace,True,
5455,merge,상미,'상미',6,2,ec 83 81 eb af b8,433,497,,hangul,True,
5456,merge,간에,'간에',6,2,ea b0 84 ec 97 90,442,300,,hangul,True,
5457,merge,능력,'능력',6,2,eb 8a a5 eb a0 a5,1306,591,,hangul,True,
5458,merge, 덕분에,' 덕분에',10,4,20 eb 8d 95 eb b6 84 ec 97 90,3441,3759,contains_whitespace,hangul;whitespace,True,
5459,merge, 1점도 아깝,' 1점도 아깝',15,7,20 31 ec a0 90 eb 8f 84 20 ec 95 84 ea b9 9d,1105,1751,contains_whitespace,digit;hangul;whitespace,True,
5460,merge,스러워,'스러워',9,3,ec 8a a4 eb 9f ac ec 9b 8c,1244,754,,hangul,True,
5461,merge,된 영화,'된 영화',10,4,eb 90 9c 20 ec 98 81 ed 99 94,931,305,contains_whitespace,hangul;whitespace,True,
5462,merge,왓,'왓',3,1,ec 99 93,403,151,,hangul,True,
5463,merge,나와서,'나와서',9,3,eb 82 98 ec 99 80 ec 84 9c,320,2827,,hangul,True,
5464,merge,번은,'번은',6,2,eb b2 88 ec 9d 80,711,313,,hangul,True,
5465,merge, 빌려,' 빌려',7,3,20 eb b9 8c eb a0 a4,3245,512,contains_whitespace,hangul;whitespace,True,
5466,merge,",\n","',\n'",2,2,2c 0a,48,14,contains_whitespace;control_char,control;punct_symbol;whitespace,True,
5467,merge, 갈등,' 갈등',7,3,20 ea b0 88 eb 93 b1,1593,1189,contains_whitespace,hangul;whitespace,True,
5468,merge, 로그인,' 로그인',10,4,20 eb a1 9c ea b7 b8 ec 9d b8,1085,4508,contains_whitespace,hangul;whitespace,True,
5469,merge, 만드는 영화,' 만드는 영화',17,7,20 eb a7 8c eb 93 9c eb 8a 94 20 ec 98 81 ed 99 94,1373,537,contains_whitespace,hangul;whitespace,True,
5470,merge,도 아니,'도 아니',10,4,eb 8f 84 20 ec 95 84 eb 8b 88,296,770,contains_whitespace,hangul;whitespace,True,
5471,merge,독립,'독립',6,2,eb 8f 85 eb a6 bd,1579,1305,,hangul,True,
5472,merge,\n아주,'\n아주',7,3,0a ec 95 84 ec a3 bc,872,428,contains_whitespace;control_char,control;hangul;whitespace,True,
5473,merge, 감동도,' 감동도',10,4,20 ea b0 90 eb 8f 99 eb 8f 84,680,296,contains_whitespace,hangul;whitespace,True,
5474,merge, 연출도,' 연출도',10,4,20 ec 97 b0 ec b6 9c eb 8f 84,1033,296,contains_whitespace,hangul;whitespace,True,
5475,merge,된다.,'된다.',7,3,eb 90 9c eb 8b a4 2e,931,369,,hangul;punct_symbol,True,
5476,merge, 섬세,' 섬세',7,3,20 ec 84 ac ec 84 b8,3941,564,contains_whitespace,hangul;whitespace,True,
5477,merge,무지,'무지',6,2,eb ac b4 ec a7 80,617,286,,hangul,True,
5478,merge, 현실을,' 현실을',10,4,20 ed 98 84 ec 8b a4 ec 9d 84,1271,318,contains_whitespace,hangul;whitespace,True,
5479,merge,아가,'아가',6,2,ec 95 84 ea b0 80,338,290,,hangul,True,
5480,merge,오랜만에,'오랜만에',12,4,ec 98 a4 eb 9e 9c eb a7 8c ec 97 90,466,1694,,hangul,True,
5481,merge, 이런영화가,' 이런영화가',16,6,20 ec 9d b4 eb 9f b0 ec 98 81 ed 99 94 ea b0 80,631,1318,contains_whitespace,hangul;whitespace,True,
5482,merge,거의,'거의',6,2,ea b1 b0 ec 9d 98,385,310,,hangul,True,
5483,merge,연기를,'연기를',9,3,ec 97 b0 ea b8 b0 eb a5 bc,874,382,,hangul,True,
5484,merge,바람,'바람',6,2,eb b0 94 eb 9e 8c,805,1575,,hangul,True,
5485,merge,야말로,'야말로',9,3,ec 95 bc eb a7 90 eb a1 9c,412,3526,,hangul,True,
5486,merge, 처음부터 끝까지,' 처음부터 끝까지',23,9,20 ec b2 98 ec 9d 8c eb b6 80 ed 84 b0 20 eb 81 9d ea b9 8c ec a7 80,987,3189,contains_whitespace,hangul;whitespace,True,
5487,merge,쳐서,'쳐서',6,2,ec b3 90 ec 84 9c,1393,321,,hangul,True,
5488,merge, 박수를,' 박수를',10,4,20 eb b0 95 ec 88 98 eb a5 bc,1386,2553,contains_whitespace,hangul;whitespace,True,
5489,merge, 따뜻한,' 따뜻한',10,4,20 eb 94 b0 eb 9c bb ed 95 9c,1815,304,contains_whitespace,hangul;whitespace,True,
5490,merge, 오버,' 오버',7,3,20 ec 98 a4 eb b2 84,640,685,contains_whitespace,hangul;whitespace,True,
5491,merge,만들어,'만들어',9,3,eb a7 8c eb 93 a4 ec 96 b4,1431,327,,hangul,True,
5492,merge, 18,' 18',3,3,20 31 38,505,60,contains_whitespace,digit;whitespace,True,
5493,merge,듯..\n,'듯..\n',6,4,eb 93 af 2e 2e 0a,613,487,contains_whitespace;control_char,control;hangul;punct_symbol;whitespace,True,
5494,merge,떄,'떄',3,1,eb 96 84,849,136,,hangul,True,
5495,merge, 지금봐도,' 지금봐도',13,5,20 ec a7 80 ea b8 88 eb b4 90 eb 8f 84,3490,2541,contains_whitespace,hangul;whitespace,True,
5496,merge,영화임,'영화임',9,3,ec 98 81 ed 99 94 ec 9e 84,367,578,,hangul,True,
5497,merge,,b'\x8e\x81',2,0,8e 81,146,133,invalid_utf8,invalid_utf8,False,'utf-8' codec can't decode byte 0x8e in position 0: invalid start byte
5498,merge,펜,'펜',3,1,ed 8e 9c,570,160,,hangul,True,
5499,merge, 슈퍼,' 슈퍼',7,3,20 ec 8a 88 ed 8d bc,4084,1501,contains_whitespace,hangul;whitespace,True,
5500,merge,데이,'데이',6,2,eb 8d b0 ec 9d b4,346,267,,hangul,True,
5501,merge,장면이,'장면이',9,3,ec 9e a5 eb a9 b4 ec 9d b4,1448,267,,hangul,True,
5502,merge,휘,'휘',3,1,ed 9c 98,241,3782,,hangul,True,
5503,merge,,b' \xec\x96\xb4\xeb\x91',6,0,20 ec 96 b4 eb 91,455,1569,invalid_utf8,invalid_utf8,False,'utf-8' codec can't decode bytes in position 4-5: unexpected end of data
5504,merge, /,' /',2,2,20 2f,36,51,contains_whitespace,punct_symbol;whitespace,True,
5505,merge, 제작비,' 제작비',10,4,20 ec a0 9c ec 9e 91 eb b9 84,1806,624,contains_whitespace,hangul;whitespace,True,
5506,merge,내가 본,'내가 본',10,4,eb 82 b4 ea b0 80 20 eb b3 b8,1194,619,contains_whitespace,hangul;whitespace,True,
5507,merge, 특이,' 특이',7,3,20 ed 8a b9 ec 9d b4,1121,267,contains_whitespace,hangul;whitespace,True,
5508,merge,...\n정말,'...\n정말',10,6,2e 2e 2e 0a ec a0 95 eb a7 90,475,653,contains_whitespace;control_char;repeated_run,control;hangul;punct_symbol;whitespace,True,
5509,merge, 액션도,' 액션도',10,4,20 ec 95 a1 ec 85 98 eb 8f 84,936,296,contains_whitespace,hangul;whitespace,True,
5510,merge, 없다.,' 없다.',8,4,20 ec 97 86 eb 8b a4 2e,409,369,contains_whitespace,hangul;punct_symbol;whitespace,True,
5511,merge, 듯한,' 듯한',7,3,20 eb 93 af ed 95 9c,1338,304,contains_whitespace,hangul;whitespace,True,
5512,merge, 드럽게,' 드럽게',10,4,20 eb 93 9c eb 9f bd ea b2 8c,585,1969,contains_whitespace,hangul;whitespace,True,
5513,merge, 아깝다.\n,' 아깝다.\n',12,6,20 ec 95 84 ea b9 9d eb 8b a4 2e 0a,938,388,contains_whitespace;control_char,control;hangul;punct_symbol;whitespace,True,
5514,merge,남는,'남는',6,2,eb 82 a8 eb 8a 94,855,272,,hangul,True,
5515,merge, 무협,' 무협',7,3,20 eb ac b4 ed 98 91,554,3015,contains_whitespace,hangul;whitespace,True,
5516,merge,지가 않,'지가 않',10,4,ec a7 80 ea b0 80 20 ec 95 8a,2031,550,contains_whitespace,hangul;whitespace,True,
5517,merge,꽃,'꽃',3,1,ea bd 83,2575,135,,hangul,True,
5518,merge, 뭐라,' 뭐라',7,3,20 eb ad 90 eb 9d bc,723,330,contains_whitespace,hangul;whitespace,True,
5519,merge, 칭,' 칭',4,2,20 ec b9 ad,779,177,contains_whitespace,hangul;whitespace,True,
5520,merge,어설픈,'어설픈',9,3,ec 96 b4 ec 84 a4 ed 94 88,4379,1283,,hangul,True,
5521,merge, 기가,' 기가',7,3,20 ea b8 b0 ea b0 80,511,290,contains_whitespace,hangul;whitespace,True,
5522,merge,...\n이런,'...\n이런',10,6,2e 2e 2e 0a ec 9d b4 eb 9f b0,475,1230,contains_whitespace;control_char;repeated_run,control;hangul;punct_symbol;whitespace,True,
5523,merge, 쩌,' 쩌',4,2,20 ec a9 8c,2273,144,contains_whitespace,hangul;whitespace,True,
5524,merge, 스케일,' 스케일',10,4,20 ec 8a a4 ec bc 80 ec 9d bc,4532,518,contains_whitespace,hangul;whitespace,True,
5525,merge, 미드,' 미드',7,3,20 eb af b8 eb 93 9c,672,462,contains_whitespace,hangul;whitespace,True,
5526,merge,갖,'갖',3,1,ea b0 96,265,154,,hangul,True,
5527,merge,인과,'인과',6,2,ec 9d b8 ea b3 bc,341,441,,hangul,True,
5528,merge,들이 너무,'들이 너무',13,5,eb 93 a4 ec 9d b4 20 eb 84 88 eb ac b4,593,452,contains_whitespace,hangul;whitespace,True,
5529,merge,하지 않은,'하지 않은',13,5,ed 95 98 ec a7 80 20 ec 95 8a ec 9d 80,1654,313,contains_whitespace,hangul;whitespace,True,
5530,merge, 생각하면,' 생각하면',13,5,20 ec 83 9d ea b0 81 ed 95 98 eb a9 b4,581,1168,contains_whitespace,hangul;whitespace,True,
5531,merge,없는 영화,'없는 영화',13,5,ec 97 86 eb 8a 94 20 ec 98 81 ed 99 94,401,537,contains_whitespace,hangul;whitespace,True,
5532,merge, 재미없어,' 재미없어',13,5,20 ec 9e ac eb af b8 ec 97 86 ec 96 b4,818,327,contains_whitespace,hangul;whitespace,True,
5533,merge, 있지만,' 있지만',10,4,20 ec 9e 88 ec a7 80 eb a7 8c,431,436,contains_whitespace,hangul;whitespace,True,
5534,merge, 너무나도,' 너무나도',13,5,20 eb 84 88 eb ac b4 eb 82 98 eb 8f 84,452,1824,contains_whitespace,hangul;whitespace,True,
5535,merge,와의,'와의',6,2,ec 99 80 ec 9d 98,509,310,,hangul,True,
5536,merge, 인해,' 인해',7,3,20 ec 9d b8 ed 95 b4,580,355,contains_whitespace,hangul;whitespace,True,
5537,merge,을땐,'을땐',6,2,ec 9d 84 eb 95 90,318,2799,,hangul,True,
5538,merge,뎀,'뎀',3,1,eb 8e 80,3019,132,,hangul,True,
5539,merge,리지,'리지',6,2,eb a6 ac ec a7 80,332,286,,hangul,True,
5540,merge,젼,'젼',3,1,ec a0 bc,278,192,,hangul,True,
5541,merge,을 남,'을 남',7,3,ec 9d 84 20 eb 82 a8,318,649,contains_whitespace,hangul;whitespace,True,
5542,merge, 안보고,' 안보고',10,4,20 ec 95 88 eb b3 b4 ea b3 a0,2015,277,contains_whitespace,hangul;whitespace,True,
5543,merge, 오빠,' 오빠',7,3,20 ec 98 a4 eb b9 a0,640,1203,contains_whitespace,hangul;whitespace,True,
5544,merge, 아쉬웠,' 아쉬웠',10,4,20 ec 95 84 ec 89 ac ec 9b a0,1615,1117,contains_whitespace,hangul;whitespace,True,
5545,merge,화이팅,'화이팅',9,3,ed 99 94 ec 9d b4 ed 8c 85,279,2953,,hangul,True,
5546,merge, 어머니,' 어머니',10,4,20 ec 96 b4 eb a8 b8 eb 8b 88,455,2687,contains_whitespace,hangul;whitespace,True,
5547,merge, !!\n,' !!\n',4,4,20 21 21 0a,36,980,contains_whitespace;control_char,control;punct_symbol;whitespace,True,
5548,merge, 척,' 척',4,2,20 ec b2 99,606,157,contains_whitespace,hangul;whitespace,True,
5549,merge, 눈물을,' 눈물을',10,4,20 eb 88 88 eb ac bc ec 9d 84,1253,318,contains_whitespace,hangul;whitespace,True,
5550,merge, 어두,' 어두',7,3,20 ec 96 b4 eb 91 90,455,846,contains_whitespace,hangul;whitespace,True,
5551,merge, 잘 표현,' 잘 표현',11,5,20 ec 9e 98 20 ed 91 9c ed 98 84,549,1491,contains_whitespace,hangul;whitespace,True,
5552,merge,녕,'녕',3,1,eb 85 95,454,153,,hangul,True,
5553,merge,\n케,'\n케',4,2,0a ec bc 80,353,1906,contains_whitespace;control_char,control;hangul;whitespace,True,
5554,merge,하구,'하구',6,2,ed 95 98 ea b5 ac,289,541,,hangul,True,
5555,merge,지않은,'지않은',9,3,ec a7 80 ec 95 8a ec 9d 80,1289,313,,hangul,True,
5556,merge,한 내용,'한 내용',10,4,ed 95 9c 20 eb 82 b4 ec 9a a9,304,773,contains_whitespace,hangul;whitespace,True,
5557,merge,관이,'관이',6,2,ea b4 80 ec 9d b4,825,267,,hangul,True,
5558,merge, 뮤지컬,' 뮤지컬',10,4,20 eb ae a4 ec a7 80 ec bb ac,3501,4250,contains_whitespace,hangul;whitespace,True,
5559,merge,le,'le',2,2,6c 65,112,105,,english,True,
5560,merge," 연출,","' 연출,'",8,4,20 ec 97 b0 ec b6 9c 2c,1033,48,contains_whitespace,hangul;punct_symbol;whitespace,True,
5561,merge,뮤,'뮤',3,1,eb ae a4,239,2653,,hangul,True,
5562,merge, 바꾸,' 바꾸',7,3,20 eb b0 94 ea be b8,833,1811,contains_whitespace,hangul;whitespace,True,
5563,merge,움이,'움이',6,2,ec 9b 80 ec 9d b4,894,267,,hangul,True,
5564,merge,화는,'화는',6,2,ed 99 94 eb 8a 94,279,272,,hangul,True,
5565,merge,hh,'hh',2,2,68 68,108,108,,english,True,
5566,merge, 센,' 센',4,2,20 ec 84 bc,470,192,contains_whitespace,hangul;whitespace,True,
5567,merge, 더이상,' 더이상',10,4,20 eb 8d 94 ec 9d b4 ec 83 81,566,1613,contains_whitespace,hangul;whitespace,True,
5568,merge, 재미있네요,' 재미있네요',16,6,20 ec 9e ac eb af b8 ec 9e 88 eb 84 a4 ec 9a 94,461,3317,contains_whitespace,hangul;whitespace,True,
5569,merge,할수있,'할수있',9,3,ed 95 a0 ec 88 98 ec 9e 88,1505,421,,hangul,True,
5570,merge,하지마,'하지마',9,3,ed 95 98 ec a7 80 eb a7 88,1144,400,,hangul,True,
5571,merge,쯧,'쯧',3,1,ec af a7,1887,171,,hangul,True,
5572,merge, 채널,' 채널',7,3,20 ec b1 84 eb 84 90,2619,3044,contains_whitespace,hangul;whitespace,True,
5573,merge, 우리가,' 우리가',10,4,20 ec 9a b0 eb a6 ac ea b0 80,1329,290,contains_whitespace,hangul;whitespace,True,
5574,merge, 음악과,' 음악과',10,4,20 ec 9d 8c ec 95 85 ea b3 bc,1455,441,contains_whitespace,hangul;whitespace,True,
5575,merge, 기억에 남는,' 기억에 남는',17,7,20 ea b8 b0 ec 96 b5 ec 97 90 20 eb 82 a8 eb 8a 94,2659,272,contains_whitespace,hangul;whitespace,True,
5576,merge, 겨울,' 겨울',7,3,20 ea b2 a8 ec 9a b8,3064,861,contains_whitespace,hangul;whitespace,True,
5577,merge,훈훈,'훈훈',6,2,ed 9b 88 ed 9b 88,1297,1297,,hangul,True,
5578,merge,장에서,'장에서',9,3,ec 9e a5 ec 97 90 ec 84 9c,425,463,,hangul,True,
5579,merge,,b' \xed\x84',3,0,20 ed 84,297,136,invalid_utf8,invalid_utf8,False,'utf-8' codec can't decode bytes in position 1-2: unexpected end of data
5580,merge,년이 지,'년이 지',10,4,eb 85 84 ec 9d b4 20 ec a7 80,629,2767,contains_whitespace,hangul;whitespace,True,
5581,merge,종일,'종일',6,2,ec a2 85 ec 9d bc,1541,518,,hangul,True,
5582,merge, 일깨,' 일깨',7,3,20 ec 9d bc ea b9 a8,701,2928,contains_whitespace,hangul;whitespace,True,
5583,merge,쩡,'쩡',3,1,ec a9 a1,1267,165,,hangul,True,
5584,merge, 둘다,' 둘다',7,3,20 eb 91 98 eb 8b a4,2147,268,contains_whitespace,hangul;whitespace,True,
5585,merge, 이해하기,' 이해하기',13,5,20 ec 9d b4 ed 95 b4 ed 95 98 ea b8 b0,975,1106,contains_whitespace,hangul;whitespace,True,
5586,merge, 봤을때,' 봤을때',10,4,20 eb b4 a4 ec 9d 84 eb 95 8c,480,1446,contains_whitespace,hangul;whitespace,True,
5587,merge, 그거,' 그거',7,3,20 ea b7 b8 ea b1 b0,359,385,contains_whitespace,hangul;whitespace,True,
5588,merge, 비판,' 비판',7,3,20 eb b9 84 ed 8c 90,682,941,contains_whitespace,hangul;whitespace,True,
5589,merge, 뜻,' 뜻',4,2,20 eb 9c bb,1912,191,contains_whitespace,hangul;whitespace,True,
5590,merge,수도 있,'수도 있',10,4,ec 88 98 eb 8f 84 20 ec 9e 88,415,1325,contains_whitespace,hangul;whitespace,True,
5591,merge,얼굴,'얼굴',6,2,ec 96 bc ea b5 b4,1498,1795,,hangul,True,
5592,merge, 시도,' 시도',7,3,20 ec 8b 9c eb 8f 84,472,296,contains_whitespace,hangul;whitespace,True,
5593,merge,었습니다.,'었습니다.',13,5,ec 97 88 ec 8a b5 eb 8b 88 eb 8b a4 2e,405,1015,,hangul;punct_symbol,True,
5594,merge, 밑에,' 밑에',7,3,20 eb b0 91 ec 97 90,376,2952,contains_whitespace,hangul;whitespace,True,
5595,merge,별점,'별점',6,2,eb b3 84 ec a0 90,1093,366,,hangul,True,
5596,merge, 활,' 활',4,2,20 ed 99 9c,890,160,contains_whitespace,hangul;whitespace,True,
5597,merge,영이,'영이',6,2,ec 98 81 ec 9d b4,791,267,,hangul,True,
5598,merge, 사진,' 사진',7,3,20 ec 82 ac ec a7 84,722,422,contains_whitespace,hangul;whitespace,True,
5599,merge,0대,'0대',4,2,30 eb 8c 80,52,390,,digit;hangul,True,
5600,merge,텝,'텝',3,1,ed 85 9d,831,161,,hangul,True,
5601,merge, 포르노,' 포르노',10,4,20 ed 8f ac eb a5 b4 eb 85 b8,4974,4423,contains_whitespace,hangul;whitespace,True,
5602,merge,델,'델',3,1,eb 8d b8,316,188,,hangul,True,
5603,merge,은거,'은거',6,2,ec 9d 80 ea b1 b0,313,385,,hangul,True,
5604,merge, 슬펐,' 슬펐',7,3,20 ec 8a ac ed 8e 90,1198,4588,contains_whitespace,hangul;whitespace,True,
5605,merge,잔인,'잔인',6,2,ec 9e 94 ec 9d b8,996,341,,hangul,True,
5606,merge,을 줄,'을 줄',7,3,ec 9d 84 20 ec a4 84,318,1160,contains_whitespace,hangul;whitespace,True,
5607,merge, 외계,' 외계',7,3,20 ec 99 b8 ea b3 84,1457,728,contains_whitespace,hangul;whitespace,True,
5608,merge,,b'\xa9\xeb\x8b\x88\xeb\x8b\xa4.',8,0,a9 eb 8b 88 eb 8b a4 2e,871,369,invalid_utf8,invalid_utf8,False,'utf-8' codec can't decode byte 0xa9 in position 0: invalid start byte
5609,merge, 배우들도,' 배우들도',13,5,20 eb b0 b0 ec 9a b0 eb 93 a4 eb 8f 84,735,1465,contains_whitespace,hangul;whitespace,True,
5610,merge,행복,'행복',6,2,ed 96 89 eb b3 b5,967,1136,,hangul,True,
5611,merge, 교육,' 교육',7,3,20 ea b5 90 ec 9c a1,1614,2990,contains_whitespace,hangul;whitespace,True,
5612,merge,컥,'컥',3,1,ec bb a5,1290,169,,hangul,True,
5613,merge, 속에서,' 속에서',10,4,20 ec 86 8d ec 97 90 ec 84 9c,1279,463,contains_whitespace,hangul;whitespace,True,
5614,merge,노출,'노출',6,2,eb 85 b8 ec b6 9c,820,752,,hangul,True,
5615,merge,다\n진짜,'다\n진짜',10,4,eb 8b a4 0a ec a7 84 ec a7 9c,402,690,contains_whitespace;control_char,control;hangul;whitespace,True,
5616,merge, 울고,' 울고',7,3,20 ec 9a b8 ea b3 a0,1094,277,contains_whitespace,hangul;whitespace,True,
5617,merge, 좀더,' 좀더',7,3,20 ec a2 80 eb 8d 94,765,662,contains_whitespace,hangul;whitespace,True,
5618,merge,하신,'하신',6,2,ed 95 98 ec 8b a0,289,545,,hangul,True,
5619,merge,재미도,'재미도',9,3,ec 9e ac eb af b8 eb 8f 84,678,296,,hangul,True,
5620,merge,네..\n,'네..\n',6,4,eb 84 a4 2e 2e 0a,379,487,contains_whitespace;control_char,control;hangul;punct_symbol;whitespace,True,
5621,merge, 펼,' 펼',4,2,20 ed 8e bc,1068,192,contains_whitespace,hangul;whitespace,True,
5622,merge,갓,'갓',3,1,ea b0 93,265,151,,hangul,True,
5623,merge,"스,","'스,'",4,2,ec 8a a4 2c,371,48,,hangul;punct_symbol,True,
5624,merge, 이것도,' 이것도',10,4,20 ec 9d b4 ea b2 83 eb 8f 84,322,1173,contains_whitespace,hangul;whitespace,True,
5625,merge, 달라,' 달라',7,3,20 eb 8b ac eb 9d bc,372,1206,contains_whitespace,hangul;whitespace,True,
5626,merge,이의,'이의',6,2,ec 9d b4 ec 9d 98,267,310,,hangul,True,
5627,merge, 스포,' 스포',7,3,20 ec 8a a4 ed 8f ac,494,815,contains_whitespace,hangul;whitespace,True,
5628,merge,tv 전기세가,'tv 전기세가',15,7,74 76 20 ec a0 84 ea b8 b0 ec 84 b8 ea b0 80,3713,3778,contains_whitespace,english;hangul;whitespace,True,
5629,merge,",,,\n","',,,\n'",4,4,2c 2c 2c 0a,1886,14,contains_whitespace;control_char;repeated_run,control;punct_symbol;whitespace,True,
5630,merge, 위로,' 위로',7,3,20 ec 9c 84 eb a1 9c,536,721,contains_whitespace,hangul;whitespace,True,
5631,merge, 과장,' 과장',7,3,20 ea b3 bc ec 9e a5,1380,425,contains_whitespace,hangul;whitespace,True,
5632,merge, 볼만한,' 볼만한',10,4,20 eb b3 bc eb a7 8c ed 95 9c,1311,304,contains_whitespace,hangul;whitespace,True,
5633,merge,시원,'시원',6,2,ec 8b 9c ec 9b 90,365,736,,hangul,True,
5634,merge, 이런 쓰레기,' 이런 쓰레기',17,7,20 ec 9d b4 eb 9f b0 20 ec 93 b0 eb a0 88 ea b8 b0,631,839,contains_whitespace,hangul;whitespace,True,
5635,merge, 그렇고,' 그렇고',10,4,20 ea b7 b8 eb a0 87 ea b3 a0,1646,277,contains_whitespace,hangul;whitespace,True,
5636,merge, 욕망,' 욕망',7,3,20 ec 9a 95 eb a7 9d,1433,727,contains_whitespace,hangul;whitespace,True,
5637,merge,독특,'독특',6,2,eb 8f 85 ed 8a b9,1579,1442,,hangul,True,
5638,merge,하고 싶은,'하고 싶은',13,5,ed 95 98 ea b3 a0 20 ec 8b b6 ec 9d 80,2391,313,contains_whitespace,hangul;whitespace,True,
5639,merge,어가는,'어가는',9,3,ec 96 b4 ea b0 80 eb 8a 94,327,1238,,hangul,True,
5640,merge,것도 아니고,'것도 아니고',16,6,ea b2 83 eb 8f 84 20 ec 95 84 eb 8b 88 ea b3 a0,1173,1761,contains_whitespace,hangul;whitespace,True,
5641,merge,습니다...,'습니다...',12,6,ec 8a b5 eb 8b 88 eb 8b a4 2e 2e 2e,557,971,repeated_run,hangul;punct_symbol,True,
5642,merge,심으로,'심으로',9,3,ec 8b ac ec 9c bc eb a1 9c,673,432,,hangul,True,
5643,merge, ㅅㅂ,' ㅅㅂ',7,3,20 e3 85 85 e3 85 82,3681,3180,contains_whitespace,hangul;whitespace,True,
5644,merge,어른,'어른',6,2,ec 96 b4 eb a5 b8,327,792,,hangul,True,
5645,merge,만 보,'만 보',7,3,eb a7 8c 20 eb b3 b4,328,357,contains_whitespace,hangul;whitespace,True,
5646,merge,쥐,'쥐',3,1,ec a5 90,3259,148,,hangul,True,
5647,merge,로서,'로서',6,2,eb a1 9c ec 84 9c,325,321,,hangul,True,
5648,merge, 솔,' 솔',4,2,20 ec 86 94,777,152,contains_whitespace,hangul;whitespace,True,
5649,merge,에휴,'에휴',6,2,ec 97 90 ed 9c b4,300,1777,,hangul,True,
5650,merge,었음.,'었음.',7,3,ec 97 88 ec 9d 8c 2e,405,1154,,hangul;punct_symbol,True,
5651,merge,힐,'힐',3,1,ed 9e 90,465,148,,hangul,True,
5652,merge,룩,'룩',3,1,eb a3 a9,486,173,,hangul,True,
5653,merge,늦,'늦',3,1,eb 8a a6,269,170,,hangul,True,
5654,merge,테이,'테이',6,2,ed 85 8c ec 9d b4,831,922,,hangul,True,
5655,merge, 삶의,' 삶의',7,3,20 ec 82 b6 ec 9d 98,1720,310,contains_whitespace,hangul;whitespace,True,
5656,merge,아쉽,'아쉽',6,2,ec 95 84 ec 89 bd,338,3496,,hangul,True,
5657,merge,체가,'체가',6,2,ec b2 b4 ea b0 80,683,290,,hangul,True,
5658,merge,올라,'올라',6,2,ec 98 ac eb 9d bc,360,1206,,hangul,True,
5659,merge, 연기에,' 연기에',10,4,20 ec 97 b0 ea b8 b0 ec 97 90,527,300,contains_whitespace,hangul;whitespace,True,
5660,merge, 생각없이,' 생각없이',13,5,20 ec 83 9d ea b0 81 ec 97 86 ec 9d b4,581,1109,contains_whitespace,hangul;whitespace,True,
5661,merge, 전작,' 전작',7,3,20 ec a0 84 ec 9e 91,543,423,contains_whitespace,hangul;whitespace,True,
5662,merge, 달려,' 달려',7,3,20 eb 8b ac eb a0 a4,372,1941,contains_whitespace,hangul;whitespace,True,
5663,merge, 술,' 술',4,2,20 ec 88 a0,1107,164,contains_whitespace,hangul;whitespace,True,
5664,merge, 뒤로,' 뒤로',7,3,20 eb 92 a4 eb a1 9c,2022,325,contains_whitespace,hangul;whitespace,True,
5665,merge,ad,'ad',2,2,61 64,101,104,,english,True,
5666,merge, 아직까지,' 아직까지',13,5,20 ec 95 84 ec a7 81 ea b9 8c ec a7 80,1534,634,contains_whitespace,hangul;whitespace,True,
5667,merge,덤,'덤',3,1,eb 8d a4,316,168,,hangul,True,
5668,merge, 한방,' 한방',7,3,20 ed 95 9c eb b0 a9,469,1032,contains_whitespace,hangul;whitespace,True,
5669,merge, 겪,' 겪',4,2,20 ea b2 aa,587,174,contains_whitespace,hangul;whitespace,True,
5670,merge, 플롯,' 플롯',7,3,20 ed 94 8c eb a1 af,3452,3711,contains_whitespace,hangul;whitespace,True,
5671,merge, 해피엔딩,' 해피엔딩',13,5,20 ed 95 b4 ed 94 bc ec 97 94 eb 94 a9,4390,2645,contains_whitespace,hangul;whitespace,True,
5672,merge,빗,'빗',3,1,eb b9 97,676,155,,hangul,True,
5673,merge,,b' \xec\x8a\xa4\xeb\xa6\xb4\xeb\x9f\xac\xeb',11,0,20 ec 8a a4 eb a6 b4 eb 9f ac eb,1296,1471,invalid_utf8,invalid_utf8,False,'utf-8' codec can't decode byte 0xeb in position 10: unexpected end of data
5674,merge,인듯\n,'인듯\n',7,3,ec 9d b8 eb 93 af 0a,1645,14,contains_whitespace;control_char,control;hangul;whitespace,True,
5675,merge, 헐리웃,' 헐리웃',10,4,20 ed 97 90 eb a6 ac ec 9b 83,2433,3687,contains_whitespace,hangul;whitespace,True,
5676,merge, 압권,' 압권',7,3,20 ec 95 95 ea b6 8c,2946,1847,contains_whitespace,hangul;whitespace,True,
5677,merge, 남자가,' 남자가',10,4,20 eb 82 a8 ec 9e 90 ea b0 80,1362,290,contains_whitespace,hangul;whitespace,True,
5678,merge, 니콜,' 니콜',7,3,20 eb 8b 88 ec bd 9c,2334,2905,contains_whitespace,hangul;whitespace,True,
5679,merge,\n2,'\n2',2,2,0a 32,14,54,contains_whitespace;control_char,control;digit;whitespace,True,
5680,merge, 무비,' 무비',7,3,20 eb ac b4 eb b9 84,554,624,contains_whitespace,hangul;whitespace,True,
5681,merge, 대중,' 대중',7,3,20 eb 8c 80 ec a4 91,513,559,contains_whitespace,hangul;whitespace,True,
5682,merge, 좋았다,' 좋았다',10,4,20 ec a2 8b ec 95 98 eb 8b a4,860,268,contains_whitespace,hangul;whitespace,True,
5683,merge, 봤습니다.,' 봤습니다.',14,6,20 eb b4 a4 ec 8a b5 eb 8b 88 eb 8b a4 2e,480,1015,contains_whitespace,hangul;punct_symbol;whitespace,True,
5684,merge,인거같,'인거같',9,3,ec 9d b8 ea b1 b0 ea b0 99,341,2049,,hangul,True,
5685,merge,인도,'인도',6,2,ec 9d b8 eb 8f 84,341,296,,hangul,True,
5686,merge, 여행,' 여행',7,3,20 ec 97 ac ed 96 89,622,967,contains_whitespace,hangul;whitespace,True,
5687,merge,위로,'위로',6,2,ec 9c 84 eb a1 9c,342,721,,hangul,True,
5688,merge,난다.,'난다.',7,3,eb 82 9c eb 8b a4 2e,615,369,,hangul;punct_symbol,True,
5689,merge,배우들이,'배우들이',12,4,eb b0 b0 ec 9a b0 eb 93 a4 ec 9d b4,994,593,,hangul,True,
5690,merge,~!!\n,'~!!\n',4,4,7e 21 21 0a,130,980,contains_whitespace;control_char,control;punct_symbol;whitespace,True,
5691,merge, 타이,' 타이',7,3,20 ed 83 80 ec 9d b4,1796,267,contains_whitespace,hangul;whitespace,True,
5692,merge,았음,'았음',6,2,ec 95 98 ec 9d 8c,467,370,,hangul,True,
5693,merge,구나\n,'구나\n',7,3,ea b5 ac eb 82 98 0a,1256,14,contains_whitespace;control_char,control;hangul;whitespace,True,
5694,merge, 호러,' 호러',7,3,20 ed 98 b8 eb 9f ac,1598,552,contains_whitespace,hangul;whitespace,True,
5695,merge, 깜짝,' 깜짝',7,3,20 ea b9 9c ec a7 9d,3837,1918,contains_whitespace,hangul;whitespace,True,
5696,merge, 시각,' 시각',7,3,20 ec 8b 9c ea b0 81,472,498,contains_whitespace,hangul;whitespace,True,
5697,merge, ㅈ,' ㅈ',4,2,20 e3 85 88,1786,140,contains_whitespace,hangul;whitespace,True,
5698,merge,수의,'수의',6,2,ec 88 98 ec 9d 98,415,310,,hangul,True,
5699,merge, 들어가,' 들어가',10,4,20 eb 93 a4 ec 96 b4 ea b0 80,1895,290,contains_whitespace,hangul;whitespace,True,
5700,merge,(웃음,'(웃음',7,3,28 ec 9b 83 ec 9d 8c,44,2992,,hangul;punct_symbol,True,
5701,merge,한다고,'한다고',9,3,ed 95 9c eb 8b a4 ea b3 a0,304,778,,hangul,True,
5702,merge,는 영화를,'는 영화를',13,5,eb 8a 94 20 ec 98 81 ed 99 94 eb a5 bc,537,382,contains_whitespace,hangul;whitespace,True,
5703,merge,.ㅋ.ㅋ,'.ㅋ.ㅋ',8,4,2e e3 85 8b 2e e3 85 8b,4645,4645,,hangul;punct_symbol,True,
5704,merge,\n이제,'\n이제',7,3,0a ec 9d b4 ec a0 9c,558,510,contains_whitespace;control_char,control;hangul;whitespace,True,
5705,merge, 견자단,' 견자단',10,4,20 ea b2 ac ec 9e 90 eb 8b a8,3745,4110,contains_whitespace,hangul;whitespace,True,
5706,merge,말도,'말도',6,2,eb a7 90 eb 8f 84,381,296,,hangul,True,
5707,merge,.\n이런,'.\n이런',8,4,2e 0a ec 9d b4 eb 9f b0,311,1230,contains_whitespace;control_char,control;hangul;punct_symbol;whitespace,True,
5708,merge,웨이,'웨이',6,2,ec 9b a8 ec 9d b4,398,2192,,hangul,True,
5709,merge, 손발이,' 손발이',10,4,20 ec 86 90 eb b0 9c ec 9d b4,1499,3598,contains_whitespace,hangul;whitespace,True,
5710,merge,을 알,'을 알',7,3,ec 9d 84 20 ec 95 8c,318,630,contains_whitespace,hangul;whitespace,True,
5711,merge, 많아,' 많아',7,3,20 eb a7 8e ec 95 84,675,338,contains_whitespace,hangul;whitespace,True,
5712,merge,요소,'요소',6,2,ec 9a 94 ec 86 8c,326,595,,hangul,True,
5713,merge,ㅋㅋㅋㅋㅋㅋㅋ,'ㅋㅋㅋㅋㅋㅋㅋ',21,7,e3 85 8b e3 85 8b e3 85 8b e3 85 8b e3 85 8b e3 85 8b e3 85 8b,584,1240,repeated_run,hangul,True,
5714,merge,시대를,'시대를',9,3,ec 8b 9c eb 8c 80 eb a5 bc,2283,382,,hangul,True,
5715,merge,재밌다,'재밌다',9,3,ec 9e ac eb b0 8c eb 8b a4,783,268,,hangul,True,
5716,merge, 연기와,' 연기와',10,4,20 ec 97 b0 ea b8 b0 ec 99 80,527,509,contains_whitespace,hangul;whitespace,True,
5717,merge,조연,'조연',6,2,ec a1 b0 ec 97 b0,862,483,,hangul,True,
5718,merge, 탄생,' 탄생',7,3,20 ed 83 84 ec 83 9d,2362,592,contains_whitespace,hangul;whitespace,True,
5719,merge,이 정말,'이 정말',10,4,ec 9d b4 20 ec a0 95 eb a7 90,267,532,contains_whitespace,hangul;whitespace,True,
5720,merge,칸,'칸',3,1,ec b9 b8,419,188,,hangul,True,
5721,merge, 늦,' 늦',4,2,20 eb 8a a6,560,170,contains_whitespace,hangul;whitespace,True,
5722,merge,은 너무,'은 너무',10,4,ec 9d 80 20 eb 84 88 eb ac b4,313,452,contains_whitespace,hangul;whitespace,True,
5723,merge,근래,'근래',6,2,ea b7 bc eb 9e 98,1138,525,,hangul,True,
5724,merge, 조작,' 조작',7,3,20 ec a1 b0 ec 9e 91,747,423,contains_whitespace,hangul;whitespace,True,
5725,merge, 상업,' 상업',7,3,20 ec 83 81 ec 97 85,814,1661,contains_whitespace,hangul;whitespace,True,
5726,merge, 영혼,' 영혼',7,3,20 ec 98 81 ed 98 bc,879,1622,contains_whitespace,hangul;whitespace,True,
5727,merge,시나,'시나',6,2,ec 8b 9c eb 82 98,365,320,,hangul,True,
5728,merge, 한다.\n,' 한다.\n',9,5,20 ed 95 9c eb 8b a4 2e 0a,469,388,contains_whitespace;control_char,control;hangul;punct_symbol;whitespace,True,
5729,merge,을 수 없,'을 수 없',11,5,ec 9d 84 20 ec 88 98 20 ec 97 86,318,1816,contains_whitespace,hangul;whitespace,True,
5730,merge, 분들은,' 분들은',10,4,20 eb b6 84 eb 93 a4 ec 9d 80,995,917,contains_whitespace,hangul;whitespace,True,
5731,merge,갑자기,'갑자기',9,3,ea b0 91 ec 9e 90 ea b8 b0,2036,1782,,hangul,True,
5732,merge,시카,'시카',6,2,ec 8b 9c ec b9 b4,365,1210,,hangul,True,
5733,merge,버림,'버림',6,2,eb b2 84 eb a6 bc,685,1193,,hangul,True,
5734,merge,트가,'트가',6,2,ed 8a b8 ea b0 80,639,290,,hangul,True,
5735,merge,성에,'성에',6,2,ec 84 b1 ec 97 90,500,300,,hangul,True,
5736,merge,퓨터,'퓨터',6,2,ed 93 a8 ed 84 b0,4773,547,,hangul,True,
5737,merge,,b' \xec\x8c',3,0,20 ec 8c,260,144,invalid_utf8,invalid_utf8,False,'utf-8' codec can't decode bytes in position 1-2: unexpected end of data
5738,merge, 패러디,' 패러디',10,4,20 ed 8c a8 eb 9f ac eb 94 94,2279,4868,contains_whitespace,hangul;whitespace,True,
5739,merge,조금,'조금',6,2,ec a1 b0 ea b8 88,862,638,,hangul,True,
5740,merge, 꽝,' 꽝',4,2,20 ea bd 9d,1758,161,contains_whitespace,hangul;whitespace,True,
5741,merge, 뉴,' 뉴',4,2,20 eb 89 b4,261,3926,contains_whitespace,hangul;whitespace,True,
5742,merge, 옥,' 옥',4,2,20 ec 98 a5,456,169,contains_whitespace,hangul;whitespace,True,
5743,merge,할까,'할까',6,2,ed 95 a0 ea b9 8c,478,399,,hangul,True,
5744,merge, 해결,' 해결',7,3,20 ed 95 b4 ea b2 b0,753,1089,contains_whitespace,hangul;whitespace,True,
5745,merge, 그렇다고,' 그렇다고',13,5,20 ea b7 b8 eb a0 87 eb 8b a4 ea b3 a0,1646,778,contains_whitespace,hangul;whitespace,True,
5746,merge,버그,'버그',6,2,eb b2 84 ea b7 b8,685,460,,hangul,True,
5747,merge,지나,'지나',6,2,ec a7 80 eb 82 98,286,320,,hangul,True,
5748,merge,도 잘,'도 잘',7,3,eb 8f 84 20 ec 9e 98,296,549,contains_whitespace,hangul;whitespace,True,
5749,merge, 슬프고,' 슬프고',10,4,20 ec 8a ac ed 94 84 ea b3 a0,2149,277,contains_whitespace,hangul;whitespace,True,
5750,merge,바이,'바이',6,2,eb b0 94 ec 9d b4,805,267,,hangul,True,
5751,merge, 쓸데없는,' 쓸데없는',13,5,20 ec 93 b8 eb 8d b0 ec 97 86 eb 8a 94,4357,933,contains_whitespace,hangul;whitespace,True,
5752,merge, 심하게,' 심하게',10,4,20 ec 8b ac ed 95 98 ea b2 8c,1153,621,contains_whitespace,hangul;whitespace,True,
5753,merge, 담겨,' 담겨',7,3,20 eb 8b b4 ea b2 a8,1582,974,contains_whitespace,hangul;whitespace,True,
5754,merge, 감동도 없고,' 감동도 없고',17,7,20 ea b0 90 eb 8f 99 eb 8f 84 20 ec 97 86 ea b3 a0,680,1447,contains_whitespace,hangul;whitespace,True,
5755,merge, 사극,' 사극',7,3,20 ec 82 ac ea b7 b9,722,953,contains_whitespace,hangul;whitespace,True,
5756,merge,드라마를,'드라마를',12,4,eb 93 9c eb 9d bc eb a7 88 eb a5 bc,2628,829,,hangul,True,
5757,merge,이영화,'이영화',9,3,ec 9d b4 ec 98 81 ed 99 94,267,367,,hangul,True,
5758,merge, 수입,' 수입',7,3,20 ec 88 98 ec 9e 85,531,583,contains_whitespace,hangul;whitespace,True,
5759,merge,졸작,'졸작',6,2,ec a1 b8 ec 9e 91,2710,423,,hangul,True,
5760,merge,이름,'이름',6,2,ec 9d b4 eb a6 84,267,636,,hangul,True,
5761,merge,먹는,'먹는',6,2,eb a8 b9 eb 8a 94,1099,272,,hangul,True,
5762,merge, 국민,' 국민',7,3,20 ea b5 ad eb af bc,2019,947,contains_whitespace,hangul;whitespace,True,
5763,merge,,b' \xec\x96\xb4\xeb\x94',6,0,20 ec 96 b4 eb 94,455,459,invalid_utf8,invalid_utf8,False,'utf-8' codec can't decode bytes in position 4-5: unexpected end of data
5764,merge, 도망,' 도망',7,3,20 eb 8f 84 eb a7 9d,997,727,contains_whitespace,hangul;whitespace,True,
5765,merge, 맹,' 맹',4,2,20 eb a7 b9,323,189,contains_whitespace,hangul;whitespace,True,
5766,merge,들고,'들고',6,2,eb 93 a4 ea b3 a0,334,277,,hangul,True,
5767,merge, 남편,' 남편',7,3,20 eb 82 a8 ed 8e b8,649,647,contains_whitespace,hangul;whitespace,True,
5768,merge, 그의,' 그의',7,3,20 ea b7 b8 ec 9d 98,359,310,contains_whitespace,hangul;whitespace,True,
5769,merge, 잘생겼,' 잘생겼',10,4,20 ec 9e 98 ec 83 9d ea b2 bc,3299,1986,contains_whitespace,hangul;whitespace,True,
5770,merge, 한명,' 한명',7,3,20 ed 95 9c eb aa 85,469,713,contains_whitespace,hangul;whitespace,True,
5771,merge,한편,'한편',6,2,ed 95 9c ed 8e b8,304,647,,hangul,True,
5772,merge, 빡,' 빡',4,2,20 eb b9 a1,671,165,contains_whitespace,hangul;whitespace,True,
5773,merge,귀엽,'귀엽',6,2,ea b7 80 ec 97 bd,1900,1967,,hangul,True,
5774,merge,뿔,'뿔',3,1,eb bf 94,3680,152,,hangul,True,
5775,merge,언제,'언제',6,2,ec 96 b8 ec a0 9c,519,1288,,hangul,True,
5776,merge, 아동,' 아동',7,3,20 ec 95 84 eb 8f 99,349,768,contains_whitespace,hangul;whitespace,True,
5777,merge, 시리,' 시리',7,3,20 ec 8b 9c eb a6 ac,472,332,contains_whitespace,hangul;whitespace,True,
5778,merge,었다는,'었다는',9,3,ec 97 88 eb 8b a4 eb 8a 94,405,644,,hangul,True,
5779,merge,믿고,'믿고',6,2,eb af bf ea b3 a0,4307,277,,hangul,True,
5780,merge, 12,' 12',3,3,20 31 32,505,54,contains_whitespace,digit;whitespace,True,
5781,merge,년전,'년전',6,2,eb 85 84 ec a0 84,629,434,,hangul,True,
5782,merge,지 못하는,'지 못하는',13,5,ec a7 80 20 eb aa bb ed 95 98 eb 8a 94,1515,504,contains_whitespace,hangul;whitespace,True,
5783,merge, 다양,' 다양',7,3,20 eb 8b a4 ec 96 91,416,1280,contains_whitespace,hangul;whitespace,True,
5784,merge,,b'\x86\x93',2,0,86 93,138,151,invalid_utf8,invalid_utf8,False,'utf-8' codec can't decode byte 0x86 in position 0: invalid start byte
5785,merge, 빠진,' 빠진',7,3,20 eb b9 a0 ec a7 84,1251,422,contains_whitespace,hangul;whitespace,True,
5786,merge,.ㅠ,'.ㅠ',4,2,2e e3 85 a0,50,445,,hangul;punct_symbol,True,
5787,merge, 뭔지,' 뭔지',7,3,20 eb ad 94 ec a7 80,1114,286,contains_whitespace,hangul;whitespace,True,
5788,merge,..정말,'..정말',8,4,2e 2e ec a0 95 eb a7 90,266,653,,hangul;punct_symbol,True,
5789,merge,가 안,'가 안',7,3,ea b0 80 20 ec 95 88,290,568,contains_whitespace,hangul;whitespace,True,
5790,merge, 벌써,' 벌써',7,3,20 eb b2 8c ec 8d a8,2587,1682,contains_whitespace,hangul;whitespace,True,
5791,merge,구로,'구로',6,2,ea b5 ac eb a1 9c,1623,702,,hangul,True,
5792,merge, 육,' 육',4,2,20 ec 9c a1,536,165,contains_whitespace,hangul;whitespace,True,
5793,merge, 줌,' 줌',4,2,20 ec a4 8c,548,144,contains_whitespace,hangul;whitespace,True,
5794,merge,,b' \xeb\x8c',3,0,20 eb 8c,261,144,invalid_utf8,invalid_utf8,False,'utf-8' codec can't decode bytes in position 1-2: unexpected end of data
5795,merge, 아예,' 아예',7,3,20 ec 95 84 ec 98 88,349,1086,contains_whitespace,hangul;whitespace,True,
5796,merge,봐주,'봐주',6,2,eb b4 90 ec a3 bc,898,428,,hangul,True,
5797,merge, 이제야,' 이제야',10,4,20 ec 9d b4 ec a0 9c ec 95 bc,1721,412,contains_whitespace,hangul;whitespace,True,
5798,merge,세기,'세기',6,2,ec 84 b8 ea b8 b0,564,303,,hangul,True,
5799,merge,스러웠,'스러웠',9,3,ec 8a a4 eb 9f ac ec 9b a0,1244,1117,,hangul,True,
5800,merge,았지만,'았지만',9,3,ec 95 98 ec a7 80 eb a7 8c,467,436,,hangul,True,
5801,merge, 징,' 징',4,2,20 ec a7 95,351,153,contains_whitespace,hangul;whitespace,True,
5802,merge, 소재가,' 소재가',10,4,20 ec 86 8c ec 9e ac ea b0 80,1697,290,contains_whitespace,hangul;whitespace,True,
5803,merge,나니,'나니',6,2,eb 82 98 eb 8b 88,320,336,,hangul,True,
5804,merge, 밋,' 밋',4,2,20 eb b0 8b,376,143,contains_whitespace,hangul;whitespace,True,
5805,merge, 밋밋,' 밋밋',7,3,20 eb b0 8b eb b0 8b,5804,3738,contains_whitespace,hangul;whitespace,True,
5806,merge,번이나,'번이나',9,3,eb b2 88 ec 9d b4 eb 82 98,711,939,,hangul,True,
5807,merge,을 쓰,'을 쓰',7,3,ec 9d 84 20 ec 93 b0,318,1384,contains_whitespace,hangul;whitespace,True,
5808,merge, 드라마라,' 드라마라',13,5,20 eb 93 9c eb 9d bc eb a7 88 eb 9d bc,2116,317,contains_whitespace,hangul;whitespace,True,
5809,merge,재밌는데,'재밌는데',12,4,ec 9e ac eb b0 8c eb 8a 94 eb 8d b0,783,393,,hangul,True,
5810,merge,,b' \xec\x85',3,0,20 ec 85,260,137,invalid_utf8,invalid_utf8,False,'utf-8' codec can't decode bytes in position 1-2: unexpected end of data
5811,merge,구요.,'구요.',7,3,ea b5 ac ec 9a 94 2e,541,1162,,hangul;punct_symbol,True,
5812,merge,은 아니,'은 아니',10,4,ec 9d 80 20 ec 95 84 eb 8b 88,313,770,contains_whitespace,hangul;whitespace,True,
5813,merge,버트,'버트',6,2,eb b2 84 ed 8a b8,685,639,,hangul,True,
5814,merge,에대,'에대',6,2,ec 97 90 eb 8c 80,300,390,,hangul,True,
5815,merge,ver,'ver',3,3,76 65 72,122,2572,,english,True,
5816,merge,은 이,'은 이',7,3,ec 9d 80 20 ec 9d b4,313,322,contains_whitespace,hangul;whitespace,True,
5817,merge,취향,'취향',6,2,ec b7 a8 ed 96 a5,2849,1532,,hangul,True,
5818,merge, 아까울,' 아까울',10,4,20 ec 95 84 ea b9 8c ec 9a b8,1087,861,contains_whitespace,hangul;whitespace,True,
5819,merge, 경험,' 경험',7,3,20 ea b2 bd ed 97 98,1525,1851,contains_whitespace,hangul;whitespace,True,
5820,merge,항,'항',3,1,ed 95 ad,264,177,,hangul,True,
5821,merge, 소중함을,' 소중함을',13,5,20 ec 86 8c ec a4 91 ed 95 a8 ec 9d 84,2981,2133,contains_whitespace,hangul;whitespace,True,
5822,merge, 1시간,' 1시간',8,4,20 31 ec 8b 9c ea b0 84,505,966,contains_whitespace,digit;hangul;whitespace,True,
5823,merge, 것 같다.\n,' 것 같다.\n',13,7,20 ea b2 83 20 ea b0 99 eb 8b a4 2e 0a,1649,388,contains_whitespace;control_char,control;hangul;punct_symbol;whitespace,True,
5824,merge, 필요한,' 필요한',10,4,20 ed 95 84 ec 9a 94 ed 95 9c,1308,304,contains_whitespace,hangul;whitespace,True,
5825,merge,나만,'나만',6,2,eb 82 98 eb a7 8c,320,328,,hangul,True,
5826,merge, 열연,' 열연',7,3,20 ec 97 b4 ec 97 b0,1450,483,contains_whitespace,hangul;whitespace,True,
5827,merge,좋아하는,'좋아하는',12,4,ec a2 8b ec 95 84 ed 95 98 eb 8a 94,1807,504,,hangul,True,
5828,merge,려다가,'려다가',9,3,eb a0 a4 eb 8b a4 ea b0 80,512,827,,hangul,True,
5829,merge, 발로,' 발로',7,3,20 eb b0 9c eb a1 9c,1131,325,contains_whitespace,hangul;whitespace,True,
5830,merge,다\n정말,'다\n정말',10,4,eb 8b a4 0a ec a0 95 eb a7 90,402,653,contains_whitespace;control_char,control;hangul;whitespace,True,
5831,merge, 재미없다,' 재미없다',13,5,20 ec 9e ac eb af b8 ec 97 86 eb 8b a4,818,268,contains_whitespace,hangul;whitespace,True,
5832,merge, 뻔하고,' 뻔하고',10,4,20 eb bb 94 ed 95 98 ea b3 a0,1343,437,contains_whitespace,hangul;whitespace,True,
5833,merge,의 극치,'의 극치',10,4,ec 9d 98 20 ea b7 b9 ec b9 98,4547,516,contains_whitespace,hangul;whitespace,True,
5834,merge,류의,'류의',6,2,eb a5 98 ec 9d 98,989,310,,hangul,True,
5835,merge, 예뻐,' 예뻐',7,3,20 ec 98 88 eb bb 90,3465,2496,contains_whitespace,hangul;whitespace,True,
5836,merge, 등등,' 등등',7,3,20 eb 93 b1 eb 93 b1,1594,1189,contains_whitespace,hangul;whitespace,True,
5837,merge,받는,'받는',6,2,eb b0 9b eb 8a 94,1285,272,,hangul,True,
5838,merge,부족,'부족',6,2,eb b6 80 ec a1 b1,523,832,,hangul,True,
5839,merge, 조잡,' 조잡',7,3,20 ec a1 b0 ec 9e a1,747,1414,contains_whitespace,hangul;whitespace,True,
5840,merge, 이해할수,' 이해할수',13,5,20 ec 9d b4 ed 95 b4 ed 95 a0 ec 88 98,975,1505,contains_whitespace,hangul;whitespace,True,
5841,merge, 떨어짐,' 떨어짐',10,4,20 eb 96 a8 ec 96 b4 ec a7 90,1456,1678,contains_whitespace,hangul;whitespace,True,
5842,merge,겠네,'겠네',6,2,ea b2 a0 eb 84 a4,551,379,,hangul,True,
5843,merge, 응원,' 응원',7,3,20 ec 9d 91 ec 9b 90,3903,736,contains_whitespace,hangul;whitespace,True,
5844,merge,하나도,'하나도',9,3,ed 95 98 eb 82 98 eb 8f 84,1092,296,,hangul,True,
5845,merge, 없어,' 없어',7,3,20 ec 97 86 ec 96 b4,409,327,contains_whitespace,hangul;whitespace,True,
5846,merge,,b' \xec\xaf',3,0,20 ec af,260,179,invalid_utf8,invalid_utf8,False,'utf-8' codec can't decode bytes in position 1-2: unexpected end of data
5847,merge,들 다,'들 다',7,3,eb 93 a4 20 eb 8b a4,334,416,contains_whitespace,hangul;whitespace,True,
5848,merge, ㅇ,' ㅇ',4,2,20 e3 85 87,36,1259,contains_whitespace,hangul;whitespace,True,
5849,merge, 듯.,' 듯.',5,3,20 eb 93 af 2e,1338,50,contains_whitespace,hangul;punct_symbol;whitespace,True,
5850,merge,게봤,'게봤',6,2,ea b2 8c eb b4 a4,319,769,,hangul,True,
5851,merge, M창,' M창',5,3,20 4d ec b0 bd,3322,1733,contains_whitespace,english;hangul;whitespace,True,
5852,merge,어색,'어색',6,2,ec 96 b4 ec 83 89,327,1104,,hangul,True,
5853,merge, 느껴지는,' 느껴지는',13,5,20 eb 8a 90 ea bb b4 ec a7 80 eb 8a 94,1599,959,contains_whitespace,hangul;whitespace,True,
5854,merge, 카리스,' 카리스',10,4,20 ec b9 b4 eb a6 ac ec 8a a4,1802,2864,contains_whitespace,hangul;whitespace,True,
5855,merge,해선,'해선',6,2,ed 95 b4 ec 84 a0,355,731,,hangul,True,
5856,merge, 귀여워,' 귀여워',10,4,20 ea b7 80 ec 97 ac ec 9b 8c,2008,754,contains_whitespace,hangul;whitespace,True,
5857,merge, 본영화,' 본영화',10,4,20 eb b3 b8 ec 98 81 ed 99 94,619,367,contains_whitespace,hangul;whitespace,True,
5858,merge,다 ㅡㅡ,'다 ㅡㅡ',10,4,eb 8b a4 20 e3 85 a1 e3 85 a1,896,916,contains_whitespace,hangul;whitespace,True,
5859,merge,프닝,'프닝',6,2,ed 94 84 eb 8b 9d,837,2119,,hangul,True,
5860,merge, 레이,' 레이',7,3,20 eb a0 88 ec 9d b4,1830,267,contains_whitespace,hangul;whitespace,True,
5861,merge,아깝다,'아깝다',9,3,ec 95 84 ea b9 9d eb 8b a4,1904,268,,hangul,True,
5862,merge,아쉬,'아쉬',6,2,ec 95 84 ec 89 ac,338,2266,,hangul,True,
5863,merge,아까움,'아까움',9,3,ec 95 84 ea b9 8c ec 9b 80,2057,894,,hangul,True,
5864,merge,땅,'땅',3,1,eb 95 85,1479,137,,hangul,True,
5865,merge, 중 가장,' 중 가장',11,5,20 ec a4 91 20 ea b0 80 ec 9e a5,729,1208,contains_whitespace,hangul;whitespace,True,
5866,merge, 일깨워,' 일깨워',10,4,20 ec 9d bc ea b9 a8 ec 9b 8c,5582,754,contains_whitespace,hangul;whitespace,True,
5867,merge, 아닌듯,' 아닌듯',10,4,20 ec 95 84 eb 8b 8c eb 93 af,1111,613,contains_whitespace,hangul;whitespace,True,
5868,merge,을 것,'을 것',7,3,ec 9d 84 20 ea b2 83,318,661,contains_whitespace,hangul;whitespace,True,
5869,merge,을 위한,'을 위한',10,4,ec 9d 84 20 ec 9c 84 ed 95 9c,318,2743,contains_whitespace,hangul;whitespace,True,
5870,merge, 언제나,' 언제나',10,4,20 ec 96 b8 ec a0 9c eb 82 98,2263,320,contains_whitespace,hangul;whitespace,True,
5871,merge, 선물,' 선물',7,3,20 ec 84 a0 eb ac bc,1262,745,contains_whitespace,hangul;whitespace,True,
5872,merge,에 반,'에 반',7,3,ec 97 90 20 eb b0 98,300,804,contains_whitespace,hangul;whitespace,True,
5873,merge,평범,'평범',6,2,ed 8f 89 eb b2 94,1221,1512,,hangul,True,
5874,merge,를 보,'를 보',7,3,eb a5 bc 20 eb b3 b4,382,357,contains_whitespace,hangul;whitespace,True,
5875,merge,\n가,'\n가',4,2,0a ea b0 80,14,290,contains_whitespace;control_char,control;hangul;whitespace,True,
5876,merge,요?\n,'요?\n',5,3,ec 9a 94 3f 0a,326,709,contains_whitespace;control_char,control;hangul;punct_symbol;whitespace,True,
5877,merge, 7점대,' 7점대',8,4,20 37 ec a0 90 eb 8c 80,1632,2328,contains_whitespace,digit;hangul;whitespace,True,
5878,merge,개연,'개연',6,2,ea b0 9c ec 97 b0,577,483,,hangul,True,
5879,merge,,b'\xb4\xed\x93\xa8\xed\x84\xb0',7,0,b4 ed 93 a8 ed 84 b0,184,5736,invalid_utf8,invalid_utf8,False,'utf-8' codec can't decode byte 0xb4 in position 0: invalid start byte
5880,merge, 어색하고,' 어색하고',13,5,20 ec 96 b4 ec 83 89 ed 95 98 ea b3 a0,1936,437,contains_whitespace,hangul;whitespace,True,
5881,merge,사건,'사건',6,2,ec 82 ac ea b1 b4,544,477,,hangul,True,
5882,merge,이없는,'이없는',9,3,ec 9d b4 ec 97 86 eb 8a 94,267,933,,hangul,True,
5883,merge,시키는,'시키는',9,3,ec 8b 9c ed 82 a4 eb 8a 94,2223,272,,hangul,True,
5884,merge, 보지마라,' 보지마라',13,5,20 eb b3 b4 ec a7 80 eb a7 88 eb 9d bc,357,2444,contains_whitespace,hangul;whitespace,True,
5885,merge, 역겹,' 역겹',7,3,20 ec 97 ad ea b2 b9,843,2445,contains_whitespace,hangul;whitespace,True,
5886,merge, 잘 만들,' 잘 만들',11,5,20 ec 9e 98 20 eb a7 8c eb 93 a4,549,704,contains_whitespace,hangul;whitespace,True,
5887,merge, 평점이 높,' 평점이 높',14,6,20 ed 8f 89 ec a0 90 ec 9d b4 20 eb 86 92,1248,1324,contains_whitespace,hangul;whitespace,True,
5888,merge, 꽃,' 꽃',4,2,20 ea bd 83,1758,135,contains_whitespace,hangul;whitespace,True,
5889,merge,에다가,'에다가',9,3,ec 97 90 eb 8b a4 ea b0 80,300,827,,hangul,True,
5890,merge,하는건,'하는건',9,3,ed 95 98 eb 8a 94 ea b1 b4,504,477,,hangul,True,
5891,merge, a,' a',2,2,20 61,36,101,contains_whitespace,english;whitespace,True,
5892,merge,,b'\n\xec\xa9',3,0,0a ec a9,353,173,invalid_utf8,invalid_utf8,False,'utf-8' codec can't decode bytes in position 1-2: unexpected end of data
5893,merge, 비밀,' 비밀',7,3,20 eb b9 84 eb b0 80,682,2344,contains_whitespace,hangul;whitespace,True,
5894,merge, 첩,' 첩',4,2,20 ec b2 a9,606,173,contains_whitespace,hangul;whitespace,True,
5895,merge,등장,'등장',6,2,eb 93 b1 ec 9e a5,1189,425,,hangul,True,
5896,merge, 아깝다\n,' 아깝다\n',11,5,20 ec 95 84 ea b9 9d eb 8b a4 0a,938,402,contains_whitespace;control_char,control;hangul;whitespace,True,
5897,merge,소룡,'소룡',6,2,ec 86 8c eb a3 a1,595,1870,,hangul,True,
5898,merge, !!,' !!',3,3,20 21 21,36,384,contains_whitespace,punct_symbol;whitespace,True,
5899,merge,다\n너무,'다\n너무',10,4,eb 8b a4 0a eb 84 88 eb ac b4,402,707,contains_whitespace;control_char,control;hangul;whitespace,True,
5900,merge, 세상에,' 세상에',10,4,20 ec 84 b8 ec 83 81 ec 97 90,1979,300,contains_whitespace,hangul;whitespace,True,
5901,merge, 년,' 년',4,2,20 eb 85 84,821,136,contains_whitespace,hangul;whitespace,True,
5902,merge, 넌,' 넌',4,2,20 eb 84 8c,396,144,contains_whitespace,hangul;whitespace,True,
5903,merge, 나머지,' 나머지',10,4,20 eb 82 98 eb a8 b8 ec a7 80,3619,286,contains_whitespace,hangul;whitespace,True,
5904,merge,를 보는,'를 보는',10,4,eb a5 bc 20 eb b3 b4 eb 8a 94,382,847,contains_whitespace,hangul;whitespace,True,
5905,merge, 나왔으면,' 나왔으면',13,5,20 eb 82 98 ec 99 94 ec 9c bc eb a9 b4,1604,826,contains_whitespace,hangul;whitespace,True,
5906,merge,시다,'시다',6,2,ec 8b 9c eb 8b a4,365,268,,hangul,True,
5907,merge, 좋았어요,' 좋았어요',13,5,20 ec a2 8b ec 95 98 ec 96 b4 ec 9a 94,860,540,contains_whitespace,hangul;whitespace,True,
5908,merge,의 진,'의 진',7,3,ec 9d 98 20 ec a7 84,310,489,contains_whitespace,hangul;whitespace,True,
5909,merge,칙,'칙',3,1,ec b9 99,419,157,,hangul,True,
5910,merge,허무,'허무',6,2,ed 97 88 eb ac b4,858,391,,hangul,True,
5911,merge,느끼,'느끼',6,2,eb 8a 90 eb 81 bc,981,1079,,hangul,True,
5912,merge, 반전이,' 반전이',10,4,20 eb b0 98 ec a0 84 ec 9d b4,1340,267,contains_whitespace,hangul;whitespace,True,
5913,merge,몇번을,'몇번을',9,3,eb aa 87 eb b2 88 ec 9d 84,1909,3243,,hangul,True,
5914,merge,은 진짜,'은 진짜',10,4,ec 9d 80 20 ec a7 84 ec a7 9c,313,601,contains_whitespace,hangul;whitespace,True,
5915,merge,..\n진짜,'..\n진짜',9,5,2e 2e 0a ec a7 84 ec a7 9c,487,690,contains_whitespace;control_char,control;hangul;punct_symbol;whitespace,True,
5916,merge, 부실,' 부실',7,3,20 eb b6 80 ec 8b a4,705,604,contains_whitespace,hangul;whitespace,True,
5917,merge, 가까,' 가까',7,3,20 ea b0 80 ea b9 8c,485,399,contains_whitespace,hangul;whitespace,True,
5918,merge,감은,'감은',6,2,ea b0 90 ec 9d 80,586,313,,hangul,True,
5919,merge,아까운,'아까운',9,3,ec 95 84 ea b9 8c ec 9a b4,2057,492,,hangul,True,
5920,merge, 좋아해서,' 좋아해서',13,5,20 ec a2 8b ec 95 84 ed 95 b4 ec 84 9c,803,687,contains_whitespace,hangul;whitespace,True,
5921,merge,버리는,'버리는',9,3,eb b2 84 eb a6 ac eb 8a 94,685,1169,,hangul,True,
5922,merge,,b'\xb5\xec\xa7\x80',4,0,b5 ec a7 80,185,286,invalid_utf8,invalid_utf8,False,'utf-8' codec can't decode byte 0xb5 in position 0: invalid start byte
5923,merge, 스토리에,' 스토리에',13,5,20 ec 8a a4 ed 86 a0 eb a6 ac ec 97 90,689,300,contains_whitespace,hangul;whitespace,True,
5924,merge, 남주,' 남주',7,3,20 eb 82 a8 ec a3 bc,649,428,contains_whitespace,hangul;whitespace,True,
5925,merge,에 걸,'에 걸',7,3,ec 97 90 20 ea b1 b8,300,1232,contains_whitespace,hangul;whitespace,True,
5926,merge,,b' \xea\xb8',3,0,20 ea b8,36,288,invalid_utf8,invalid_utf8,False,'utf-8' codec can't decode bytes in position 1-2: unexpected end of data
5927,merge,,b'\xb4\x84',2,0,b4 84,184,136,invalid_utf8,invalid_utf8,False,'utf-8' codec can't decode byte 0xb4 in position 0: invalid start byte
5928,merge, 담배,' 담배',7,3,20 eb 8b b4 eb b0 b0,1582,1294,contains_whitespace,hangul;whitespace,True,
5929,merge, 별로였,' 별로였',10,4,20 eb b3 84 eb a1 9c ec 98 80,1122,641,contains_whitespace,hangul;whitespace,True,
5930,merge,멋진,'멋진',6,2,eb a9 8b ec a7 84,1885,422,,hangul,True,
5931,merge, 맨날,' 맨날',7,3,20 eb a7 a8 eb 82 a0,3029,1075,contains_whitespace,hangul;whitespace,True,
5932,merge, 끝났,' 끝났',7,3,20 eb 81 9d eb 82 ac,732,1718,contains_whitespace,hangul;whitespace,True,
5933,merge,뭐가,'뭐가',6,2,eb ad 90 ea b0 80,1112,290,,hangul,True,
5934,merge,저도,'저도',6,2,ec a0 80 eb 8f 84,667,296,,hangul,True,
5935,merge,과의,'과의',6,2,ea b3 bc ec 9d 98,441,310,,hangul,True,
5936,merge,진않,'진않',6,2,ec a7 84 ec 95 8a,422,951,,hangul,True,
5937,merge, 냉,' 냉',4,2,20 eb 83 89,3387,141,contains_whitespace,hangul;whitespace,True,
5938,merge, 주기,' 주기',7,3,20 ec a3 bc ea b8 b0,563,303,contains_whitespace,hangul;whitespace,True,
5939,merge,잭,'잭',3,1,ec 9e ad,274,177,,hangul,True,
5940,merge,부를,'부를',6,2,eb b6 80 eb a5 bc,523,382,,hangul,True,
5941,merge,시나리오,'시나리오',12,4,ec 8b 9c eb 82 98 eb a6 ac ec 98 a4,365,1769,,hangul,True,
5942,merge,지금까지,'지금까지',12,4,ec a7 80 ea b8 88 ea b9 8c ec a7 80,1810,634,,hangul,True,
5943,merge,스럽다.\n,'스럽다.\n',11,5,ec 8a a4 eb 9f bd eb 8b a4 2e 0a,1257,388,contains_whitespace;control_char,control;hangul;punct_symbol;whitespace,True,
5944,merge, 추억이,' 추억이',10,4,20 ec b6 94 ec 96 b5 ec 9d b4,2041,267,contains_whitespace,hangul;whitespace,True,
5945,merge,\n마지막,'\n마지막',10,4,0a eb a7 88 ec a7 80 eb a7 89,14,1415,contains_whitespace;control_char,control;hangul;whitespace,True,
5946,merge,것들,'것들',6,2,ea b2 83 eb 93 a4,420,334,,hangul,True,
5947,merge, 영화보고,' 영화보고',13,5,20 ec 98 81 ed 99 94 eb b3 b4 ea b3 a0,305,781,contains_whitespace,hangul;whitespace,True,
5948,merge, 하이,' 하이',7,3,20 ed 95 98 ec 9d b4,411,267,contains_whitespace,hangul;whitespace,True,
5949,merge,,b' \xec\xb8',3,0,20 ec b8,260,188,invalid_utf8,invalid_utf8,False,'utf-8' codec can't decode bytes in position 1-2: unexpected end of data
5950,merge,과서,'과서',6,2,ea b3 bc ec 84 9c,441,321,,hangul,True,
5951,merge, 국내,' 국내',7,3,20 ea b5 ad eb 82 b4,2019,453,contains_whitespace,hangul;whitespace,True,
5952,merge, 우주,' 우주',7,3,20 ec 9a b0 ec a3 bc,740,428,contains_whitespace,hangul;whitespace,True,
5953,merge,9점,'9점',4,2,39 ec a0 90,61,366,,digit;hangul,True,
5954,merge,거든,'거든',6,2,ea b1 b0 eb 93 a0,385,598,,hangul,True,
5955,merge,영환,'영환',6,2,ec 98 81 ed 99 98,791,1578,,hangul,True,
5956,merge, 내돈,' 내돈',7,3,20 eb 82 b4 eb 8f 88,482,1514,contains_whitespace,hangul;whitespace,True,
5957,merge, 뛰어난,' 뛰어난',10,4,20 eb 9b b0 ec 96 b4 eb 82 9c,2462,615,contains_whitespace,hangul;whitespace,True,
5958,merge, 최고였,' 최고였',10,4,20 ec b5 9c ea b3 a0 ec 98 80,599,641,contains_whitespace,hangul;whitespace,True,
5959,merge,,b'\xed\x88\xac\xeb',4,0,ed 88 ac eb,1322,294,invalid_utf8,invalid_utf8,False,'utf-8' codec can't decode byte 0xeb in position 3: unexpected end of data
5960,merge, 섹스,' 섹스',7,3,20 ec 84 b9 ec 8a a4,2752,371,contains_whitespace,hangul;whitespace,True,
5961,merge, 유쾌한,' 유쾌한',10,4,20 ec 9c a0 ec be 8c ed 95 9c,2216,304,contains_whitespace,hangul;whitespace,True,
5962,merge,. 정말,'. 정말',8,4,2e 20 ec a0 95 eb a7 90,50,532,contains_whitespace,hangul;punct_symbol;whitespace,True,
5963,merge,점에서,'점에서',9,3,ec a0 90 ec 97 90 ec 84 9c,366,463,,hangul,True,
5964,merge, 이뻐,' 이뻐',7,3,20 ec 9d b4 eb bb 90,322,4275,contains_whitespace,hangul;whitespace,True,
5965,merge, 팀,' 팀',4,2,20 ed 8c 80,297,350,contains_whitespace,hangul;whitespace,True,
5966,merge,털,'털',3,1,ed 84 b8,2523,188,,hangul,True,
5967,merge, 유지,' 유지',7,3,20 ec 9c a0 ec a7 80,679,286,contains_whitespace,hangul;whitespace,True,
5968,merge,을것,'을것',6,2,ec 9d 84 ea b2 83,318,420,,hangul,True,
5969,merge, 재밌게 봤는데,' 재밌게 봤는데',20,8,20 ec 9e ac eb b0 8c ea b2 8c 20 eb b4 a4 eb 8a 94 eb 8d b0,1059,841,contains_whitespace,hangul;whitespace,True,
5970,merge, 빼고,' 빼고',7,3,20 eb b9 bc ea b3 a0,1873,277,contains_whitespace,hangul;whitespace,True,
5971,merge,올리,'올리',6,2,ec 98 ac eb a6 ac,360,1126,,hangul,True,
5972,merge, 안볼,' 안볼',7,3,20 ec 95 88 eb b3 bc,3247,192,contains_whitespace,hangul;whitespace,True,
5973,merge, G,' G',2,2,20 47,36,75,contains_whitespace,english;whitespace,True,
5974,merge, 화려한,' 화려한',10,4,20 ed 99 94 eb a0 a4 ed 95 9c,3393,304,contains_whitespace,hangul;whitespace,True,
5975,merge, 모른,' 모른',7,3,20 eb aa a8 eb a5 b8,535,792,contains_whitespace,hangul;whitespace,True,
5976,merge, 노답,' 노답',7,3,20 eb 85 b8 eb 8b b5,906,901,contains_whitespace,hangul;whitespace,True,
5977,merge, 최고의 드라마,' 최고의 드라마',20,8,20 ec b5 9c ea b3 a0 ec 9d 98 20 eb 93 9c eb 9d bc eb a7 88,1222,730,contains_whitespace,hangul;whitespace,True,
5978,merge, 인생을,' 인생을',10,4,20 ec 9d b8 ec 83 9d ec 9d 84,1356,318,contains_whitespace,hangul;whitespace,True,
5979,merge,,b'\xeb\x8b\xa4\n\xec\xb2',6,0,eb 8b a4 0a ec b2,806,182,invalid_utf8,invalid_utf8,False,'utf-8' codec can't decode bytes in position 4-5: unexpected end of data
5980,merge,을뿐,'을뿐',6,2,ec 9d 84 eb bf 90,318,1444,,hangul,True,
5981,merge, 얼마,' 얼마',7,3,20 ec 96 bc eb a7 88,1228,400,contains_whitespace,hangul;whitespace,True,
5982,merge, 웃음이,' 웃음이',10,4,20 ec 9b 83 ec 9d 8c ec 9d b4,2240,267,contains_whitespace,hangul;whitespace,True,
5983,merge,"인데,","'인데,'",7,3,ec 9d b8 eb 8d b0 2c,904,48,,hangul;punct_symbol,True,
5984,merge,각본,'각본',6,2,ea b0 81 eb b3 b8,498,626,,hangul,True,
5985,merge, 3편,' 3편',5,3,20 33 ed 8e b8,965,647,contains_whitespace,digit;hangul;whitespace,True,
5986,merge, 낳,' 낳',4,2,20 eb 82 b3,329,183,contains_whitespace,hangul;whitespace,True,
5987,merge, 망쳐,' 망쳐',7,3,20 eb a7 9d ec b3 90,1200,1393,contains_whitespace,hangul;whitespace,True,
5988,merge,만 봐도,'만 봐도',10,4,eb a7 8c 20 eb b4 90 eb 8f 84,328,1445,contains_whitespace,hangul;whitespace,True,
5989,merge,짜증나,'짜증나',9,3,ec a7 9c ec a6 9d eb 82 98,2251,320,,hangul,True,
5990,merge, 나만,' 나만',7,3,20 eb 82 98 eb a7 8c,408,328,contains_whitespace,hangul;whitespace,True,
5991,merge, 차이,' 차이',7,3,20 ec b0 a8 ec 9d b4,1185,267,contains_whitespace,hangul;whitespace,True,
5992,merge, 대놓고,' 대놓고',10,4,20 eb 8c 80 eb 86 93 ea b3 a0,513,2201,contains_whitespace,hangul;whitespace,True,
5993,merge,도..,'도..',5,3,eb 8f 84 2e 2e,296,266,,hangul;punct_symbol,True,
5994,merge,었다고,'었다고',9,3,ec 97 88 eb 8b a4 ea b3 a0,405,778,,hangul,True,
5995,merge,아는,'아는',6,2,ec 95 84 eb 8a 94,338,272,,hangul,True,
5996,merge, 개봉했,' 개봉했',10,4,20 ea b0 9c eb b4 89 ed 96 88,1592,526,contains_whitespace,hangul;whitespace,True,
5997,merge,ㅗ,'ㅗ',3,1,e3 85 97,284,155,,hangul,True,
5998,merge,었을까,'었을까',9,3,ec 97 88 ec 9d 84 ea b9 8c,405,1091,,hangul,True,
5999,merge,인것 같,'인것 같',10,4,ec 9d b8 ea b2 83 20 ea b0 99,341,1713,contains_whitespace,hangul;whitespace,True,
6000,merge,남기,'남기',6,2,eb 82 a8 ea b8 b0,855,303,,hangul,True,
6001,merge,해졌,'해졌',6,2,ed 95 b4 ec a1 8c,355,1348,,hangul,True,
6002,merge, 정서,' 정서',7,3,20 ec a0 95 ec 84 9c,430,321,contains_whitespace,hangul;whitespace,True,
6003,merge,장애,'장애',6,2,ec 9e a5 ec 95 a0,425,798,,hangul,True,
6004,merge, 메시지,' 메시지',10,4,20 eb a9 94 ec 8b 9c ec a7 80,3140,286,contains_whitespace,hangul;whitespace,True,
6005,merge,탐,'탐',3,1,ed 83 90,457,148,,hangul,True,
6006,merge,을 읽,'을 읽',7,3,ec 9d 84 20 ec 9d bd,318,2239,contains_whitespace,hangul;whitespace,True,
6007,merge, 사람들의,' 사람들의',13,5,20 ec 82 ac eb 9e 8c eb 93 a4 ec 9d 98,695,886,contains_whitespace,hangul;whitespace,True,
6008,merge,10자,'10자',5,3,31 30 ec 9e 90,1799,392,,digit;hangul,True,
6009,merge, 설득,' 설득',7,3,20 ec 84 a4 eb 93 9d,1130,1776,contains_whitespace,hangul;whitespace,True,
6010,merge,가는줄,'가는줄',9,3,ea b0 80 eb 8a 94 ec a4 84,1238,840,,hangul,True,
6011,merge,들로,'들로',6,2,eb 93 a4 eb a1 9c,334,325,,hangul,True,
6012,merge,... 정말,'... 정말',10,6,2e 2e 2e 20 ec a0 95 eb a7 90,373,532,contains_whitespace;repeated_run,hangul;punct_symbol;whitespace,True,
6013,merge, 못생,' 못생',7,3,20 eb aa bb ec 83 9d,588,592,contains_whitespace,hangul;whitespace,True,
6014,merge, 좋음,' 좋음',7,3,20 ec a2 8b ec 9d 8c,406,370,contains_whitespace,hangul;whitespace,True,
6015,merge,이 없다.,'이 없다.',11,5,ec 9d b4 20 ec 97 86 eb 8b a4 2e,1303,369,contains_whitespace,hangul;punct_symbol;whitespace,True,
6016,merge,중에서,'중에서',9,3,ec a4 91 ec 97 90 ec 84 9c,559,463,,hangul,True,
6017,merge,테일,'테일',6,2,ed 85 8c ec 9d bc,1127,518,,hangul,True,
6018,merge, 비슷한,' 비슷한',10,4,20 eb b9 84 ec 8a b7 ed 95 9c,2786,304,contains_whitespace,hangul;whitespace,True,
6019,merge,닉,'닉',3,1,eb 8b 89,263,141,,hangul,True,
6020,merge,즈의,'즈의',6,2,ec a6 88 ec 9d 98,950,310,,hangul,True,
6021,merge, 액션이,' 액션이',10,4,20 ec 95 a1 ec 85 98 ec 9d b4,936,267,contains_whitespace,hangul;whitespace,True,
6022,merge, 고전,' 고전',7,3,20 ea b3 a0 ec a0 84,813,434,contains_whitespace,hangul;whitespace,True,
6023,merge,하는 영화\n,'하는 영화\n',14,6,ed 95 98 eb 8a 94 20 ec 98 81 ed 99 94 0a,504,1103,contains_whitespace;control_char,control;hangul;whitespace,True,
6024,merge,애니메이션,'애니메이션',15,5,ec 95 a0 eb 8b 88 eb a9 94 ec 9d b4 ec 85 98,4739,1800,,hangul,True,
6025,merge, 불러,' 불러',7,3,20 eb b6 88 eb 9f ac,2202,1565,contains_whitespace,hangul;whitespace,True,
6026,merge, 화끈,' 화끈',7,3,20 ed 99 94 eb 81 88,1118,3743,contains_whitespace,hangul;whitespace,True,
6027,merge,~♥~♥,'~♥~♥',8,4,7e e2 99 a5 7e e2 99 a5,4832,4832,,punct_symbol,True,
6028,merge,폭력,'폭력',6,2,ed 8f ad eb a0 a5,2070,591,,hangul,True,
6029,merge, 20년,' 20년',6,4,20 32 30 eb 85 84,809,1115,contains_whitespace,digit;hangul;whitespace,True,
6030,merge, 할말,' 할말',7,3,20 ed 95 a0 eb a7 90,900,381,contains_whitespace,hangul;whitespace,True,
6031,merge, 손색,' 손색',7,3,20 ec 86 90 ec 83 89,1499,1104,contains_whitespace,hangul;whitespace,True,
6032,merge, 자주,' 자주',7,3,20 ec 9e 90 ec a3 bc,612,428,contains_whitespace,hangul;whitespace,True,
6033,merge,에게는,'에게는',9,3,ec 97 90 ea b2 8c eb 8a 94,978,272,,hangul,True,
6034,merge,셔서,'셔서',6,2,ec 85 94 ec 84 9c,2600,321,,hangul,True,
6035,merge, 뭐지,' 뭐지',7,3,20 eb ad 90 ec a7 80,723,286,contains_whitespace,hangul;whitespace,True,
6036,merge, 이럴,' 이럴',7,3,20 ec 9d b4 eb 9f b4,322,2242,contains_whitespace,hangul;whitespace,True,
6037,merge,투리,'투리',6,2,ed 88 ac eb a6 ac,1322,1126,,hangul,True,
6038,merge,속의,'속의',6,2,ec 86 8d ec 9d 98,788,310,,hangul,True,
6039,merge,록버스터,'록버스터',12,4,eb a1 9d eb b2 84 ec 8a a4 ed 84 b0,1037,5437,,hangul,True,
6040,merge,만 하,'만 하',7,3,eb a7 8c 20 ed 95 98,328,411,contains_whitespace,hangul;whitespace,True,
6041,merge,하게 만들,'하게 만들',13,5,ed 95 98 ea b2 8c 20 eb a7 8c eb 93 a4,621,704,contains_whitespace,hangul;whitespace,True,
6042,merge,을 주는,'을 주는',10,4,ec 9d 84 20 ec a3 bc eb 8a 94,2033,272,contains_whitespace,hangul;whitespace,True,
6043,merge, 아무런,' 아무런',10,4,20 ec 95 84 eb ac b4 eb 9f b0,1379,451,contains_whitespace,hangul;whitespace,True,
6044,merge, 신비,' 신비',7,3,20 ec 8b a0 eb b9 84,889,624,contains_whitespace,hangul;whitespace,True,
6045,merge, OST,' OST',4,4,20 4f 53 54,36,3798,contains_whitespace,english;whitespace,True,
6046,merge, 애들은,' 애들은',10,4,20 ec 95 a0 eb 93 a4 ec 9d 80,762,917,contains_whitespace,hangul;whitespace,True,
6047,merge, 봉,' 봉',4,2,20 eb b4 89,410,141,contains_whitespace,hangul;whitespace,True,
6048,merge, 인터,' 인터',7,3,20 ec 9d b8 ed 84 b0,580,547,contains_whitespace,hangul;whitespace,True,
6049,merge,섯,'섯',3,1,ec 84 af,292,179,,hangul,True,
6050,merge,다\n원,'다\n원',7,3,eb 8b a4 0a ec 9b 90,806,4487,contains_whitespace;control_char,control;hangul;whitespace,True,
6051,merge, 끔,' 끔',4,2,20 eb 81 94,627,152,contains_whitespace,hangul;whitespace,True,
6052,merge, 한계,' 한계',7,3,20 ed 95 9c ea b3 84,469,728,contains_whitespace,hangul;whitespace,True,
6053,merge,0000,'0000',4,4,30 30 30 30,1070,1070,repeated_run,digit,True,
6054,merge,만을,'만을',6,2,eb a7 8c ec 9d 84,328,318,,hangul,True,
6055,merge,해..,'해..',5,3,ed 95 b4 2e 2e,355,266,,hangul;punct_symbol,True,
6056,merge,더라구요,'더라구요',12,4,eb 8d 94 eb 9d bc ea b5 ac ec 9a 94,1385,2722,,hangul,True,
6057,merge,하지 않는,'하지 않는',13,5,ed 95 98 ec a7 80 20 ec 95 8a eb 8a 94,289,1476,contains_whitespace,hangul;whitespace,True,
6058,merge,수 없는,'수 없는',10,4,ec 88 98 20 ec 97 86 eb 8a 94,415,991,contains_whitespace,hangul;whitespace,True,
6059,merge,논,'논',3,1,eb 85 bc,454,192,,hangul,True,
6060,merge,에 나온,'에 나온',10,4,ec 97 90 20 eb 82 98 ec 98 a8,300,1427,contains_whitespace,hangul;whitespace,True,
6061,merge, p,' p',2,2,20 70,36,116,contains_whitespace,english;whitespace,True,
6062,merge,,b'\xac\xeb\xa6\xac\xeb\xa5\xbc',7,0,ac eb a6 ac eb a5 bc,3072,829,invalid_utf8,invalid_utf8,False,'utf-8' codec can't decode byte 0xac in position 0: invalid start byte
6063,merge,뭐지,'뭐지',6,2,eb ad 90 ec a7 80,1112,286,,hangul,True,
6064,merge,을 보는,'을 보는',10,4,ec 9d 84 20 eb b3 b4 eb 8a 94,318,847,contains_whitespace,hangul;whitespace,True,
6065,merge,으로는,'으로는',9,3,ec 9c bc eb a1 9c eb 8a 94,432,272,,hangul,True,
6066,merge,아\n,'아\n',4,2,ec 95 84 0a,338,14,contains_whitespace;control_char,control;hangul;whitespace,True,
6067,merge,쏘,'쏘',3,1,ec 8f 98,3825,156,,hangul,True,
6068,merge,았어요,'았어요',9,3,ec 95 98 ec 96 b4 ec 9a 94,467,540,,hangul,True,
6069,merge, 지루해서,' 지루해서',13,5,20 ec a7 80 eb a3 a8 ed 95 b4 ec 84 9c,720,687,contains_whitespace,hangul;whitespace,True,
6070,merge,질끌,'질끌',6,2,ec a7 88 eb 81 8c,4697,144,,hangul,True,
6071,merge,,b'\x88\xeb\xb2\xbd\xec\x97\x90',7,0,88 eb b2 bd ec 97 90,4193,300,invalid_utf8,invalid_utf8,False,'utf-8' codec can't decode byte 0x88 in position 0: invalid start byte
6072,merge, 무언가,' 무언가',10,4,20 eb ac b4 ec 96 b8 ea b0 80,554,4798,contains_whitespace,hangul;whitespace,True,
6073,merge,임새,'임새',6,2,ec 9e 84 ec 83 88,578,2121,,hangul,True,
6074,merge, 상관,' 상관',7,3,20 ec 83 81 ea b4 80,814,825,contains_whitespace,hangul;whitespace,True,
6075,merge, 연출과,' 연출과',10,4,20 ec 97 b0 ec b6 9c ea b3 bc,1033,441,contains_whitespace,hangul;whitespace,True,
6076,merge, 케이블,' 케이블',10,4,20 ec bc 80 ec 9d b4 eb b8 94,2311,3480,contains_whitespace,hangul;whitespace,True,
6077,merge, 축,' 축',4,2,20 ec b6 95,616,153,contains_whitespace,hangul;whitespace,True,
6078,merge, 한 번,' 한 번',8,4,20 ed 95 9c 20 eb b2 88,469,2800,contains_whitespace,hangul;whitespace,True,
6079,merge, 잊을수,' 잊을수',10,4,20 ec 9e 8a ec 9d 84 ec 88 98,1735,2329,contains_whitespace,hangul;whitespace,True,
6080,merge,위원,'위원',6,2,ec 9c 84 ec 9b 90,835,736,,hangul,True,
6081,merge, 지금은,' 지금은',10,4,20 ec a7 80 ea b8 88 ec 9d 80,1227,313,contains_whitespace,hangul;whitespace,True,
6082,merge,괜,'괜',3,1,ea b4 9c,655,160,,hangul,True,
6083,merge, 방영,' 방영',7,3,20 eb b0 a9 ec 98 81,1304,791,contains_whitespace,hangul;whitespace,True,
6084,merge, 있네,' 있네',7,3,20 ec 9e 88 eb 84 a4,293,990,contains_whitespace,hangul;whitespace,True,
6085,merge, 로드,' 로드',7,3,20 eb a1 9c eb 93 9c,1085,462,contains_whitespace,hangul;whitespace,True,
6086,merge, 어우,' 어우',7,3,20 ec 96 b4 ec 9a b0,455,404,contains_whitespace,hangul;whitespace,True,
6087,merge,삶,'삶',3,1,ec 82 b6,394,186,,hangul,True,
6088,merge, 감동적인 영화,' 감동적인 영화',20,8,20 ea b0 90 eb 8f 99 ec a0 81 ec 9d b8 20 ec 98 81 ed 99 94,680,2938,contains_whitespace,hangul;whitespace,True,
6089,merge,다. 그리고,'다. 그리고',14,6,eb 8b a4 2e 20 ea b7 b8 eb a6 ac ea b3 a0,369,1060,contains_whitespace,hangul;punct_symbol;whitespace,True,
6090,merge,드림,'드림',6,2,eb 93 9c eb a6 bc,462,1193,,hangul,True,
6091,merge, ㅇㅇ,' ㅇㅇ',7,3,20 e3 85 87 e3 85 87,36,2411,contains_whitespace,hangul;whitespace,True,
6092,merge, 위해서,' 위해서',10,4,20 ec 9c 84 ed 95 b4 ec 84 9c,1011,687,contains_whitespace,hangul;whitespace,True,
6093,merge,지도 모르겠,'지도 모르겠',16,6,ec a7 80 eb 8f 84 20 eb aa a8 eb a5 b4 ea b2 a0,973,1268,contains_whitespace,hangul;whitespace,True,
6094,merge, 낚시,' 낚시',7,3,20 eb 82 9a ec 8b 9c,2005,365,contains_whitespace,hangul;whitespace,True,
6095,merge,이슨,'이슨',6,2,ec 9d b4 ec 8a a8,267,888,,hangul,True,
6096,merge,2점,'2점',4,2,32 ec a0 90,54,366,,digit;hangul,True,
6097,merge,8점,'8점',4,2,38 ec a0 90,60,366,,digit;hangul,True,
6098,merge,ㄷㄷ\n,'ㄷㄷ\n',7,3,e3 84 b7 e3 84 b7 0a,1596,14,contains_whitespace;control_char,control;hangul;whitespace,True,
6099,merge, 보여줬,' 보여줬',10,4,20 eb b3 b4 ec 97 ac ec a4 ac,1158,2650,contains_whitespace,hangul;whitespace,True,
6100,merge,오래,'오래',6,2,ec 98 a4 eb 9e 98,466,525,,hangul,True,
6101,merge, 영화다,' 영화다',10,4,20 ec 98 81 ed 99 94 eb 8b a4,305,268,contains_whitespace,hangul;whitespace,True,
6102,merge,가 왜,'가 왜',7,3,ea b0 80 20 ec 99 9c,290,628,contains_whitespace,hangul;whitespace,True,
6103,merge,훌륭,'훌륭',6,2,ed 9b 8c eb a5 ad,1139,1779,,hangul,True,
6104,merge,방사수,'방사수',9,3,eb b0 a9 ec 82 ac ec 88 98,5377,415,,hangul,True,
6105,merge,를 다,'를 다',7,3,eb a5 bc 20 eb 8b a4,382,416,contains_whitespace,hangul;whitespace,True,
6106,merge, 비행,' 비행',7,3,20 eb b9 84 ed 96 89,682,967,contains_whitespace,hangul;whitespace,True,
6107,merge,보영,'보영',6,2,eb b3 b4 ec 98 81,374,791,,hangul,True,
6108,merge, 감정이입,' 감정이입',13,5,20 ea b0 90 ec a0 95 ec 9d b4 ec 9e 85,4021,583,contains_whitespace,hangul;whitespace,True,
6109,merge,놈들,'놈들',6,2,eb 86 88 eb 93 a4,1951,334,,hangul,True,
6110,merge, 디즈니,' 디즈니',10,4,20 eb 94 94 ec a6 88 eb 8b 88,1821,4452,contains_whitespace,hangul;whitespace,True,
6111,merge,도있,'도있',6,2,eb 8f 84 ec 9e 88,296,421,,hangul,True,
6112,merge, 왤,' 왤',4,2,20 ec 99 a4,447,168,contains_whitespace,hangul;whitespace,True,
6113,merge, 위대한,' 위대한',10,4,20 ec 9c 84 eb 8c 80 ed 95 9c,1011,2225,contains_whitespace,hangul;whitespace,True,
6114,merge,감사,'감사',6,2,ea b0 90 ec 82 ac,586,544,,hangul,True,
6115,merge, 데리고,' 데리고',10,4,20 eb 8d b0 eb a6 ac ea b3 a0,1833,739,contains_whitespace,hangul;whitespace,True,
6116,merge, 헐리우드,' 헐리우드',13,5,20 ed 97 90 eb a6 ac ec 9a b0 eb 93 9c,2433,3352,contains_whitespace,hangul;whitespace,True,
6117,merge, 할 수 있,' 할 수 있',12,6,20 ed 95 a0 20 ec 88 98 20 ec 9e 88,900,970,contains_whitespace,hangul;whitespace,True,
6118,merge, 1위,' 1위',5,3,20 31 ec 9c 84,505,835,contains_whitespace,digit;hangul;whitespace,True,
6119,merge, 10점준,' 10점준',9,5,20 31 30 ec a0 90 ec a4 80,999,657,contains_whitespace,digit;hangul;whitespace,True,
6120,merge,\n최고의 영화,'\n최고의 영화',17,7,0a ec b5 9c ea b3 a0 ec 9d 98 20 ec 98 81 ed 99 94,1675,830,contains_whitespace;control_char,control;hangul;whitespace,True,
6121,merge, 평점이 낮은,' 평점이 낮은',17,7,20 ed 8f 89 ec a0 90 ec 9d b4 20 eb 82 ae ec 9d 80,1248,2834,contains_whitespace,hangul;whitespace,True,
6122,merge,로만,'로만',6,2,eb a1 9c eb a7 8c,325,328,,hangul,True,
6123,merge, 상징,' 상징',7,3,20 ec 83 81 ec a7 95,814,2293,contains_whitespace,hangul;whitespace,True,
6124,merge,가지고,'가지고',9,3,ea b0 80 ec a7 80 ea b3 a0,290,1347,,hangul,True,
6125,merge,겨서,'겨서',6,2,ea b2 a8 ec 84 9c,974,321,,hangul,True,
6126,merge,\n카,'\n카',4,2,0a ec b9 b4,3078,184,contains_whitespace;control_char,control;hangul;whitespace,True,
6127,merge, 생각나서,' 생각나서',13,5,20 ec 83 9d ea b0 81 eb 82 98 ec 84 9c,581,1270,contains_whitespace,hangul;whitespace,True,
6128,merge,표정,'표정',6,2,ed 91 9c ec a0 95,1538,395,,hangul,True,
6129,merge, 보통,' 보통',7,3,20 eb b3 b4 ed 86 b5,357,1336,contains_whitespace,hangul;whitespace,True,
6130,merge, 아기,' 아기',7,3,20 ec 95 84 ea b8 b0,349,303,contains_whitespace,hangul;whitespace,True,
6131,merge,건지..,'건지..',8,4,ea b1 b4 ec a7 80 2e 2e,1486,266,,hangul;punct_symbol,True,
6132,merge,뜩,'뜩',3,1,eb 9c a9,1128,173,,hangul,True,
6133,merge,하지도 않,'하지도 않',13,5,ed 95 98 ec a7 80 eb 8f 84 20 ec 95 8a,289,1566,contains_whitespace,hangul;whitespace,True,
6134,merge,하다...\n,'하다...\n',10,6,ed 95 98 eb 8b a4 2e 2e 2e 0a,1017,475,contains_whitespace;control_char;repeated_run,control;hangul;punct_symbol;whitespace,True,
6135,merge,시청률,'시청률',9,3,ec 8b 9c ec b2 ad eb a5 a0,4028,2651,,hangul,True,
6136,merge, 앤,' 앤',4,2,20 ec 95 a4,295,168,contains_whitespace,hangul;whitespace,True,
6137,merge,난다\n,'난다\n',7,3,eb 82 9c eb 8b a4 0a,615,402,contains_whitespace;control_char,control;hangul;whitespace,True,
6138,merge,비슷,'비슷',6,2,eb b9 84 ec 8a b7,624,2325,,hangul,True,
6139,merge,좋은 영화,'좋은 영화',13,5,ec a2 8b ec 9d 80 20 ec 98 81 ed 99 94,780,797,contains_whitespace,hangul;whitespace,True,
6140,merge,피스,'피스',6,2,ed 94 bc ec 8a a4,1007,371,,hangul,True,
6141,merge, 재미 있,' 재미 있',11,5,20 ec 9e ac eb af b8 20 ec 9e 88,461,431,contains_whitespace,hangul;whitespace,True,
6142,merge,요...,'요...',6,4,ec 9a 94 2e 2e 2e,326,373,repeated_run,hangul;punct_symbol,True,
6143,merge, 바꿔,' 바꿔',7,3,20 eb b0 94 ea bf 94,5030,152,contains_whitespace,hangul;whitespace,True,
6144,merge,을 정도로,'을 정도로',13,5,ec 9d 84 20 ec a0 95 eb 8f 84 eb a1 9c,318,2740,contains_whitespace,hangul;whitespace,True,
6145,merge,오오,'오오',6,2,ec 98 a4 ec 98 a4,466,466,,hangul,True,
6146,merge,라이언,'라이언',9,3,eb 9d bc ec 9d b4 ec 96 b8,2153,1366,,hangul,True,
6147,merge,굉장히,'굉장히',9,3,ea b5 89 ec 9e a5 ed 9e 88,354,2692,,hangul,True,
6148,merge,몬,'몬',3,1,eb aa ac,426,176,,hangul,True,
6149,merge,ㅣ,'ㅣ',3,1,e3 85 a3,284,167,,hangul,True,
6150,merge, 잭,' 잭',4,2,20 ec 9e ad,293,177,contains_whitespace,hangul;whitespace,True,
6151,merge,계의,'계의',6,2,ea b3 84 ec 9d 98,728,310,,hangul,True,
6152,merge, 아침,' 아침',7,3,20 ec 95 84 ec b9 a8,349,2082,contains_whitespace,hangul;whitespace,True,
6153,merge, 느와르,' 느와르',10,4,20 eb 8a 90 ec 99 80 eb a5 b4,609,4809,contains_whitespace,hangul;whitespace,True,
6154,merge,넷,'넷',3,1,eb 84 b7,348,187,,hangul,True,
6155,merge, 풍경,' 풍경',7,3,20 ed 92 8d ea b2 bd,2611,870,contains_whitespace,hangul;whitespace,True,
6156,merge, 주성치,' 주성치',10,4,20 ec a3 bc ec 84 b1 ec b9 98,563,3963,contains_whitespace,hangul;whitespace,True,
6157,merge,보여,'보여',6,2,eb b3 b4 ec 97 ac,374,508,,hangul,True,
6158,merge,ll,'ll',2,2,6c 6c,112,112,,english,True,
6159,merge, 무술,' 무술',7,3,20 eb ac b4 ec 88 a0,554,1174,contains_whitespace,hangul;whitespace,True,
6160,merge,우기,'우기',6,2,ec 9a b0 ea b8 b0,404,303,,hangul,True,
6161,merge, 존경,' 존경',7,3,20 ec a1 b4 ea b2 bd,1239,870,contains_whitespace,hangul;whitespace,True,
6162,merge, 좋아하는데,' 좋아하는데',16,6,20 ec a2 8b ec 95 84 ed 95 98 eb 8a 94 eb 8d b0,803,1710,contains_whitespace,hangul;whitespace,True,
6163,merge,en,'en',2,2,65 6e,105,114,,english,True,
6164,merge, 10분,' 10분',6,4,20 31 30 eb b6 84,1664,546,contains_whitespace,digit;hangul;whitespace,True,
6165,merge, 생긴,' 생긴',7,3,20 ec 83 9d ea b8 b4,1292,669,contains_whitespace,hangul;whitespace,True,
6166,merge, 90년대,' 90년대',9,5,20 39 30 eb 85 84 eb 8c 80,1557,1753,contains_whitespace,digit;hangul;whitespace,True,
6167,merge, 박진,' 박진',7,3,20 eb b0 95 ec a7 84,1386,422,contains_whitespace,hangul;whitespace,True,
6168,merge,좋아요,'좋아요',9,3,ec a2 8b ec 95 84 ec 9a 94,780,1568,,hangul,True,
6169,merge,사의,'사의',6,2,ec 82 ac ec 9d 98,544,310,,hangul,True,
6170,merge, 영어,' 영어',7,3,20 ec 98 81 ec 96 b4,879,327,contains_whitespace,hangul;whitespace,True,
6171,merge,기도 하고,'기도 하고',13,5,ea b8 b0 eb 8f 84 20 ed 95 98 ea b3 a0,1487,1504,contains_whitespace,hangul;whitespace,True,
6172,merge,기대하고,'기대하고',12,4,ea b8 b0 eb 8c 80 ed 95 98 ea b3 a0,1490,437,,hangul,True,
6173,merge,전혀,'전혀',6,2,ec a0 84 ed 98 80,434,1064,,hangul,True,
6174,merge,지게,'지게',6,2,ec a7 80 ea b2 8c,286,319,,hangul,True,
6175,merge,광고,'광고',6,2,ea b4 91 ea b3 a0,1867,277,,hangul,True,
6176,merge, 유명한,' 유명한',10,4,20 ec 9c a0 eb aa 85 ed 95 9c,3145,304,contains_whitespace,hangul;whitespace,True,
6177,merge,해주세요,'해주세요',12,4,ed 95 b4 ec a3 bc ec 84 b8 ec 9a 94,2540,928,,hangul,True,
6178,merge,그나마,'그나마',9,3,ea b7 b8 eb 82 98 eb a7 88,460,1949,,hangul,True,
6179,merge,지도않고,'지도않고',12,4,ec a7 80 eb 8f 84 ec 95 8a ea b3 a0,3549,277,,hangul,True,
6180,merge, 볼거리,' 볼거리',10,4,20 eb b3 bc ea b1 b0 eb a6 ac,670,1882,contains_whitespace,hangul;whitespace,True,
6181,merge, 지루하다\n,' 지루하다\n',14,6,20 ec a7 80 eb a3 a8 ed 95 98 eb 8b a4 0a,720,1521,contains_whitespace;control_char,control;hangul;whitespace,True,
6182,merge, 영화에서,' 영화에서',13,5,20 ec 98 81 ed 99 94 ec 97 90 ec 84 9c,305,463,contains_whitespace,hangul;whitespace,True,
6183,merge, 일이,' 일이',7,3,20 ec 9d bc ec 9d b4,701,267,contains_whitespace,hangul;whitespace,True,
6184,merge,의 연속,'의 연속',10,4,ec 9d 98 20 ec 97 b0 ec 86 8d,3563,788,contains_whitespace,hangul;whitespace,True,
6185,merge,싸움,'싸움',6,2,ec 8b b8 ec 9b 80,2302,894,,hangul,True,
6186,merge,한 이야기,'한 이야기',13,5,ed 95 9c 20 ec 9d b4 ec 95 bc ea b8 b0,304,1049,contains_whitespace,hangul;whitespace,True,
6187,merge, 짜집,' 짜집',7,3,20 ec a7 9c ec a7 91,1031,1176,contains_whitespace,hangul;whitespace,True,
6188,merge,이기,'이기',6,2,ec 9d b4 ea b8 b0,267,303,,hangul,True,
6189,merge, 완전히,' 완전히',10,4,20 ec 99 84 ec a0 84 ed 9e 88,1113,503,contains_whitespace,hangul;whitespace,True,
6190,merge,진부,'진부',6,2,ec a7 84 eb b6 80,422,523,,hangul,True,
6191,merge, 80년대,' 80년대',9,5,20 38 30 eb 85 84 eb 8c 80,1696,1753,contains_whitespace,digit;hangul;whitespace,True,
6192,merge, 적절,' 적절',7,3,20 ec a0 81 ec a0 88,1291,1000,contains_whitespace,hangul;whitespace,True,
6193,merge,벗,'벗',3,1,eb b2 97,413,155,,hangul,True,
6194,merge,명의,'명의',6,2,eb aa 85 ec 9d 98,713,310,,hangul,True,
6195,merge,지 마라,'지 마라',10,4,ec a7 80 20 eb a7 88 eb 9d bc,286,4243,contains_whitespace,hangul;whitespace,True,
6196,merge, 지켜,' 지켜',7,3,20 ec a7 80 ec bc 9c,473,2127,contains_whitespace,hangul;whitespace,True,
6197,merge, 챙겨,' 챙겨',7,3,20 ec b1 99 ea b2 a8,4728,974,contains_whitespace,hangul;whitespace,True,
6198,merge, 10점\n,' 10점\n',7,5,20 31 30 ec a0 90 0a,999,14,contains_whitespace;control_char,control;digit;hangul;whitespace,True,
6199,merge,물이,'물이',6,2,eb ac bc ec 9d b4,745,267,,hangul,True,
6200,merge,은근,'은근',6,2,ec 9d 80 ea b7 bc,313,1138,,hangul,True,
6201,merge, 201,' 201',4,4,20 32 30 31,2544,53,contains_whitespace,digit;whitespace,True,
6202,merge, 죽이는,' 죽이는',10,4,20 ec a3 bd ec 9d b4 eb 8a 94,932,1539,contains_whitespace,hangul;whitespace,True,
6203,merge,\n아니,'\n아니',7,3,0a ec 95 84 eb 8b 88,872,336,contains_whitespace;control_char,control;hangul;whitespace,True,
6204,merge,ㅓ,'ㅓ',3,1,e3 85 93,284,151,,hangul,True,
6205,merge, 재미와,' 재미와',10,4,20 ec 9e ac eb af b8 ec 99 80,461,509,contains_whitespace,hangul;whitespace,True,
6206,merge, 진부한,' 진부한',10,4,20 ec a7 84 eb b6 80 ed 95 9c,2415,304,contains_whitespace,hangul;whitespace,True,
6207,merge, 한번 더,' 한번 더',11,5,20 ed 95 9c eb b2 88 20 eb 8d 94,1536,566,contains_whitespace,hangul;whitespace,True,
6208,merge,현재,'현재',6,2,ed 98 84 ec 9e ac,786,761,,hangul,True,
6209,merge,같다,'같다',6,2,ea b0 99 eb 8b a4,569,268,,hangul,True,
6210,merge,\n이 영화가,'\n이 영화가',14,6,0a ec 9d b4 20 ec 98 81 ed 99 94 ea b0 80,558,964,contains_whitespace;control_char,control;hangul;whitespace,True,
6211,merge, 끈,' 끈',4,2,20 eb 81 88,627,140,contains_whitespace,hangul;whitespace,True,
6212,merge,권이,'권이',6,2,ea b6 8c ec 9d b4,1420,922,,hangul,True,
6213,merge,야할,'야할',6,2,ec 95 bc ed 95 a0,412,478,,hangul,True,
6214,merge, 레전드,' 레전드',10,4,20 eb a0 88 ec a0 84 eb 93 9c,1830,5174,contains_whitespace,hangul;whitespace,True,
6215,merge,컷,'컷',3,1,ec bb b7,1290,187,,hangul,True,
6216,merge,이다...,'이다...',9,5,ec 9d b4 eb 8b a4 2e 2e 2e,267,971,repeated_run,hangul;punct_symbol,True,
6217,merge, 찍어,' 찍어',7,3,20 ec b0 8d ec 96 b4,1387,327,contains_whitespace,hangul;whitespace,True,
6218,merge,장한,'장한',6,2,ec 9e a5 ed 95 9c,425,304,,hangul,True,
6219,merge, 단지,' 단지',7,3,20 eb 8b a8 ec a7 80,1276,286,contains_whitespace,hangul;whitespace,True,
6220,merge, 것 같다.,' 것 같다.',12,6,20 ea b2 83 20 ea b0 99 eb 8b a4 2e,1649,369,contains_whitespace,hangul;punct_symbol;whitespace,True,
6221,merge, 맞추,' 맞추',7,3,20 eb a7 9e ec b6 94,1186,899,contains_whitespace,hangul;whitespace,True,
6222,merge, 없다.\n,' 없다.\n',9,5,20 ec 97 86 eb 8b a4 2e 0a,409,388,contains_whitespace;control_char,control;hangul;punct_symbol;whitespace,True,
6223,merge,전작,'전작',6,2,ec a0 84 ec 9e 91,434,423,,hangul,True,
6224,merge,가 정말,'가 정말',10,4,ea b0 80 20 ec a0 95 eb a7 90,290,532,contains_whitespace,hangul;whitespace,True,
6225,merge, 적당히,' 적당히',10,4,20 ec a0 81 eb 8b b9 ed 9e 88,1291,2108,contains_whitespace,hangul;whitespace,True,
6226,merge, 오브,' 오브',7,3,20 ec 98 a4 eb b8 8c,640,1493,contains_whitespace,hangul;whitespace,True,
6227,merge,게 본,'게 본',7,3,ea b2 8c 20 eb b3 b8,319,619,contains_whitespace,hangul;whitespace,True,
6228,merge, 버린,' 버린',7,3,20 eb b2 84 eb a6 b0,1464,757,contains_whitespace,hangul;whitespace,True,
6229,merge, 컨셉,' 컨셉',7,3,20 ec bb a8 ec 85 89,4872,4280,contains_whitespace,hangul;whitespace,True,
6230,merge, 티비에서,' 티비에서',13,5,20 ed 8b b0 eb b9 84 ec 97 90 ec 84 9c,2774,463,contains_whitespace,hangul;whitespace,True,
6231,merge,\n영화는,'\n영화는',10,4,0a ec 98 81 ed 99 94 eb 8a 94,1061,272,contains_whitespace;control_char,control;hangul;whitespace,True,
6232,merge,**,'**',2,2,2a 2a,46,46,,punct_symbol,True,
6233,merge,층,'층',3,1,ec b8 b5,1849,185,,hangul,True,
6234,merge, 앉,' 앉',4,2,20 ec 95 89,295,141,contains_whitespace,hangul;whitespace,True,
6235,merge, 저도,' 저도',7,3,20 ec a0 80 eb 8f 84,810,296,contains_whitespace,hangul;whitespace,True,
6236,merge, 이때,' 이때',7,3,20 ec 9d b4 eb 95 8c,322,574,contains_whitespace,hangul;whitespace,True,
6237,merge,니퍼,'니퍼',6,2,eb 8b 88 ed 8d bc,336,1501,,hangul,True,
6238,merge,007,'007',3,3,30 30 37,1070,59,,digit,True,
6239,merge,을 더,'을 더',7,3,ec 9d 84 20 eb 8d 94,318,566,contains_whitespace,hangul;whitespace,True,
6240,merge,이라고 생각,'이라고 생각',16,6,ec 9d b4 eb 9d bc ea b3 a0 20 ec 83 9d ea b0 81,1643,581,contains_whitespace,hangul;whitespace,True,
6241,merge,쥬,'쥬',3,1,ec a5 ac,3259,176,,hangul,True,
6242,merge, 결코,' 결코',7,3,20 ea b2 b0 ec bd 94,836,985,contains_whitespace,hangul;whitespace,True,
6243,merge, 어릴때,' 어릴때',10,4,20 ec 96 b4 eb a6 b4 eb 95 8c,455,2697,contains_whitespace,hangul;whitespace,True,
6244,merge,을 준,'을 준',7,3,ec 9d 84 20 ec a4 80,318,1413,contains_whitespace,hangul;whitespace,True,
6245,merge,...\n너무,'...\n너무',10,6,2e 2e 2e 0a eb 84 88 eb ac b4,475,707,contains_whitespace;control_char;repeated_run,control;hangul;punct_symbol;whitespace,True,
6246,merge,던지,'던지',6,2,eb 8d 98 ec a7 80,596,286,,hangul,True,
6247,merge, 납,' 납',4,2,20 eb 82 a9,329,173,contains_whitespace,hangul;whitespace,True,
6248,merge,나.,'나.',4,2,eb 82 98 2e,320,50,,hangul;punct_symbol,True,
6249,merge, 아줌마,' 아줌마',10,4,20 ec 95 84 ec a4 8c eb a7 88,349,4982,contains_whitespace,hangul;whitespace,True,
6250,merge, 했다.,' 했다.',8,4,20 ed 96 88 eb 8b a4 2e,1002,369,contains_whitespace,hangul;punct_symbol;whitespace,True,
6251,merge, 울컥,' 울컥',7,3,20 ec 9a b8 ec bb a5,1094,5612,contains_whitespace,hangul;whitespace,True,
6252,merge,린다,'린다',6,2,eb a6 b0 eb 8b a4,757,268,,hangul,True,
6253,merge,할 수 있는,'할 수 있는',14,6,ed 95 a0 20 ec 88 98 20 ec 9e 88 eb 8a 94,478,2350,contains_whitespace,hangul;whitespace,True,
6254,merge, 끼워,' 끼워',7,3,20 eb 81 bc ec 9b 8c,3135,754,contains_whitespace,hangul;whitespace,True,
6255,merge, 망친,' 망친',7,3,20 eb a7 9d ec b9 9c,1200,1039,contains_whitespace,hangul;whitespace,True,
6256,merge,렸을 때,'렸을 때',10,4,eb a0 b8 ec 9d 84 20 eb 95 8c,1030,2707,contains_whitespace,hangul;whitespace,True,
6257,merge,,b' \xec\x96\xb4\xec\xa8',6,0,20 ec 96 b4 ec a8,455,4006,invalid_utf8,invalid_utf8,False,'utf-8' codec can't decode bytes in position 4-5: unexpected end of data
6258,merge,시사회,'시사회',9,3,ec 8b 9c ec 82 ac ed 9a 8c,365,2959,,hangul,True,
6259,merge,싼,'싼',3,1,ec 8b bc,307,192,,hangul,True,
6260,merge, 왠만하면,' 왠만하면',13,5,20 ec 99 a0 eb a7 8c ed 95 98 eb a9 b4,2451,3184,contains_whitespace,hangul;whitespace,True,
6261,merge,바로,'바로',6,2,eb b0 94 eb a1 9c,805,325,,hangul,True,
6262,merge,칼,'칼',3,1,ec b9 bc,419,192,,hangul,True,
6263,merge,\n아무리,'\n아무리',10,4,0a ec 95 84 eb ac b4 eb a6 ac,4040,332,contains_whitespace;control_char,control;hangul;whitespace,True,
6264,merge,..진짜,'..진짜',8,4,2e 2e ec a7 84 ec a7 9c,266,690,,hangul;punct_symbol,True,
6265,merge,,b'\xec\x97\xac\xeb\x9f\xac\xeb',7,0,ec 97 ac eb 9f ac eb,1746,2032,invalid_utf8,invalid_utf8,False,'utf-8' codec can't decode byte 0xeb in position 6: unexpected end of data
6266,merge,이 없는,'이 없는',10,4,ec 9d b4 20 ec 97 86 eb 8a 94,267,991,contains_whitespace,hangul;whitespace,True,
6267,merge, 음악이,' 음악이',10,4,20 ec 9d 8c ec 95 85 ec 9d b4,1455,267,contains_whitespace,hangul;whitespace,True,
6268,merge,하는 것,'하는 것',10,4,ed 95 98 eb 8a 94 20 ea b2 83,504,661,contains_whitespace,hangul;whitespace,True,
6269,merge,과거,'과거',6,2,ea b3 bc ea b1 b0,441,385,,hangul,True,
6270,merge,우와,'우와',6,2,ec 9a b0 ec 99 80,404,509,,hangul,True,
6271,merge,멜로,'멜로',6,2,eb a9 9c eb a1 9c,340,2453,,hangul,True,
6272,merge,밤,'밤',3,1,eb b0 a4,363,168,,hangul,True,
6273,merge, 모르게,' 모르게',10,4,20 eb aa a8 eb a5 b4 ea b2 8c,937,319,contains_whitespace,hangul;whitespace,True,
6274,merge,빠진,'빠진',6,2,eb b9 a0 ec a7 84,1203,422,,hangul,True,
6275,merge,식이,'식이',6,2,ec 8b 9d ec 9d b4,882,267,,hangul,True,
6276,merge, 빼고는,' 빼고는',10,4,20 eb b9 bc ea b3 a0 eb 8a 94,1873,3136,contains_whitespace,hangul;whitespace,True,
6277,merge, 소름이,' 소름이',10,4,20 ec 86 8c eb a6 84 ec 9d b4,2126,267,contains_whitespace,hangul;whitespace,True,
6278,merge,시기,'시기',6,2,ec 8b 9c ea b8 b0,365,303,,hangul,True,
6279,merge,빨리,'빨리',6,2,eb b9 a8 eb a6 ac,2549,332,,hangul,True,
6280,merge,뭐냐,'뭐냐',6,2,eb ad 90 eb 83 90,1112,719,,hangul,True,
6281,merge,수현,'수현',6,2,ec 88 98 ed 98 84,415,786,,hangul,True,
6282,merge,,b'\xa8\xbc',2,0,a8 bc,172,192,invalid_utf8,invalid_utf8,False,'utf-8' codec can't decode byte 0xa8 in position 0: invalid start byte
6283,merge,후회,'후회',6,2,ed 9b 84 ed 9a 8c,1009,884,,hangul,True,
6284,merge,었다..,'었다..',8,4,ec 97 88 eb 8b a4 2e 2e,405,717,,hangul;punct_symbol,True,
6285,merge,별루,'별루',6,2,eb b3 84 eb a3 a8,1093,533,,hangul,True,
6286,merge, 의문,' 의문',7,3,20 ec 9d 98 eb ac b8,942,716,contains_whitespace,hangul;whitespace,True,
6287,merge, 봤다,' 봤다',7,3,20 eb b4 a4 eb 8b a4,480,268,contains_whitespace,hangul;whitespace,True,
6288,merge,아니면,'아니면',9,3,ec 95 84 eb 8b 88 eb a9 b4,2773,1621,,hangul,True,
6289,merge, 주인공은,' 주인공은',13,5,20 ec a3 bc ec 9d b8 ea b3 b5 ec 9d 80,1209,313,contains_whitespace,hangul;whitespace,True,
6290,merge, 군대,' 군대',7,3,20 ea b5 b0 eb 8c 80,2408,390,contains_whitespace,hangul;whitespace,True,
6291,merge, 양심,' 양심',7,3,20 ec 96 91 ec 8b ac,2148,673,contains_whitespace,hangul;whitespace,True,
6292,merge,로우,'로우',6,2,eb a1 9c ec 9a b0,325,404,,hangul,True,
6293,merge, 집에서,' 집에서',10,4,20 ec a7 91 ec 97 90 ec 84 9c,1382,463,contains_whitespace,hangul;whitespace,True,
6294,merge,굳굳,'굳굳',6,2,ea b5 b3 ea b5 b3,2622,2622,,hangul,True,
6295,merge, 이런영화를,' 이런영화를',16,6,20 ec 9d b4 eb 9f b0 ec 98 81 ed 99 94 eb a5 bc,631,1332,contains_whitespace,hangul;whitespace,True,
6296,merge,고도,'고도',6,2,ea b3 a0 eb 8f 84,277,296,,hangul,True,
6297,merge,옛날,'옛날',6,2,ec 98 9b eb 82 a0,360,2143,,hangul,True,
6298,merge, 무리,' 무리',7,3,20 eb ac b4 eb a6 ac,554,332,contains_whitespace,hangul;whitespace,True,
6299,merge, 아깝다.,' 아깝다.',11,5,20 ec 95 84 ea b9 9d eb 8b a4 2e,938,369,contains_whitespace,hangul;punct_symbol;whitespace,True,
6300,merge,옴,'옴',3,1,ec 98 b4,360,184,,hangul,True,
6301,merge, 할 수 없,' 할 수 없',12,6,20 ed 95 a0 20 ec 88 98 20 ec 97 86,900,1816,contains_whitespace,hangul;whitespace,True,
6302,merge, 좋을,' 좋을',7,3,20 ec a2 8b ec 9d 84,406,318,contains_whitespace,hangul;whitespace,True,
6303,merge, 볼때,' 볼때',7,3,20 eb b3 bc eb 95 8c,670,574,contains_whitespace,hangul;whitespace,True,
6304,merge, 눈에,' 눈에',7,3,20 eb 88 88 ec 97 90,1399,300,contains_whitespace,hangul;whitespace,True,
6305,merge, 위험,' 위험',7,3,20 ec 9c 84 ed 97 98,1011,1851,contains_whitespace,hangul;whitespace,True,
6306,merge, 초등학생,' 초등학생',13,5,20 ec b4 88 eb 93 b1 ed 95 99 ec 83 9d,1955,3788,contains_whitespace,hangul;whitespace,True,
6307,merge, 전투,' 전투',7,3,20 ec a0 84 ed 88 ac,543,1744,contains_whitespace,hangul;whitespace,True,
6308,merge, 배신,' 배신',7,3,20 eb b0 b0 ec 8b a0,1069,545,contains_whitespace,hangul;whitespace,True,
6309,merge,어나는,'어나는',9,3,ec 96 b4 eb 82 98 eb 8a 94,327,1258,,hangul,True,
6310,merge, 타고,' 타고',7,3,20 ed 83 80 ea b3 a0,1796,277,contains_whitespace,hangul;whitespace,True,
6311,merge, 기준,' 기준',7,3,20 ea b8 b0 ec a4 80,511,657,contains_whitespace,hangul;whitespace,True,
6312,merge,공포영화,'공포영화',12,4,ea b3 b5 ed 8f ac ec 98 81 ed 99 94,2368,367,,hangul,True,
6313,merge,했음.,'했음.',7,3,ed 96 88 ec 9d 8c 2e,526,1154,,hangul;punct_symbol,True,
6314,merge,솔,'솔',3,1,ec 86 94,625,152,,hangul,True,
6315,merge,음...\n,'음...\n',7,5,ec 9d 8c 2e 2e 2e 0a,370,475,contains_whitespace;control_char;repeated_run,control;hangul;punct_symbol;whitespace,True,
6316,merge, 받았,' 받았',7,3,20 eb b0 9b ec 95 98,1337,467,contains_whitespace,hangul;whitespace,True,
6317,merge, 옷,' 옷',4,2,20 ec 98 b7,456,187,contains_whitespace,hangul;whitespace,True,
6318,merge,,b'\xed\x9d\xac\xeb',4,0,ed 9d ac eb,799,294,invalid_utf8,invalid_utf8,False,'utf-8' codec can't decode byte 0xeb in position 3: unexpected end of data
6319,merge,코믹,'코믹',6,2,ec bd 94 eb af b9,985,1787,,hangul,True,
6320,merge,었습니다,'었습니다',12,4,ec 97 88 ec 8a b5 eb 8b 88 eb 8b a4,405,1082,,hangul,True,
6321,merge,빌,'빌',3,1,eb b9 8c,676,144,,hangul,True,
6322,merge,가리,'가리',6,2,ea b0 80 eb a6 ac,290,332,,hangul,True,
6323,merge, 명작을,' 명작을',10,4,20 eb aa 85 ec 9e 91 ec 9d 84,1047,318,contains_whitespace,hangul;whitespace,True,
6324,merge, 오바,' 오바',7,3,20 ec 98 a4 eb b0 94,640,805,contains_whitespace,hangul;whitespace,True,
6325,merge,을 너무,'을 너무',10,4,ec 9d 84 20 eb 84 88 eb ac b4,318,452,contains_whitespace,hangul;whitespace,True,
6326,merge,이있,'이있',6,2,ec 9d b4 ec 9e 88,267,421,,hangul,True,
6327,merge,랜드,'랜드',6,2,eb 9e 9c eb 93 9c,1273,462,,hangul,True,
6328,merge, 보게 되,' 보게 되',11,5,20 eb b3 b4 ea b2 8c 20 eb 90 98,1768,746,contains_whitespace,hangul;whitespace,True,
6329,merge,버려,'버려',6,2,eb b2 84 eb a0 a4,685,512,,hangul,True,
6330,merge, 드림,' 드림',7,3,20 eb 93 9c eb a6 bc,585,1193,contains_whitespace,hangul;whitespace,True,
6331,merge, 인내,' 인내',7,3,20 ec 9d b8 eb 82 b4,580,453,contains_whitespace,hangul;whitespace,True,
6332,merge, 마이클,' 마이클',10,4,20 eb a7 88 ec 9d b4 ed 81 b4,2966,1774,contains_whitespace,hangul;whitespace,True,
6333,merge,의 삶,'의 삶',7,3,ec 9d 98 20 ec 82 b6,310,1720,contains_whitespace,hangul;whitespace,True,
6334,merge,하지도,'하지도',9,3,ed 95 98 ec a7 80 eb 8f 84,289,973,,hangul,True,
6335,merge,이래,'이래',6,2,ec 9d b4 eb 9e 98,267,525,,hangul,True,
6336,merge, 신파,' 신파',7,3,20 ec 8b a0 ed 8c 8c,889,1235,contains_whitespace,hangul;whitespace,True,
6337,merge, 줄거,' 줄거',7,3,20 ec a4 84 ea b1 b0,1160,385,contains_whitespace,hangul;whitespace,True,
6338,merge,고 그,'고 그',7,3,ea b3 a0 20 ea b7 b8,277,359,contains_whitespace,hangul;whitespace,True,
6339,merge,간다,'간다',6,2,ea b0 84 eb 8b a4,442,268,,hangul,True,
6340,merge, 그렇다,' 그렇다',10,4,20 ea b7 b8 eb a0 87 eb 8b a4,1646,268,contains_whitespace,hangul;whitespace,True,
6341,merge, 극복,' 극복',7,3,20 ea b7 b9 eb b3 b5,1016,1136,contains_whitespace,hangul;whitespace,True,
6342,merge,보고있,'보고있',9,3,eb b3 b4 ea b3 a0 ec 9e 88,781,421,,hangul,True,
6343,merge,정도는,'정도는',9,3,ec a0 95 eb 8f 84 eb 8a 94,1019,272,,hangul,True,
6344,merge,\n이딴,'\n이딴',7,3,0a ec 9d b4 eb 94 b4,558,1580,contains_whitespace;control_char,control;hangul;whitespace,True,
6345,merge,앞으로,'앞으로',9,3,ec 95 9e ec 9c bc eb a1 9c,2688,432,,hangul,True,
6346,merge, 부럽,' 부럽',7,3,20 eb b6 80 eb 9f bd,705,864,contains_whitespace,hangul;whitespace,True,
6347,merge, 볼 수 있는,' 볼 수 있는',15,7,20 eb b3 bc 20 ec 88 98 20 ec 9e 88 eb 8a 94,670,2350,contains_whitespace,hangul;whitespace,True,
6348,merge,했습니다.,'했습니다.',13,5,ed 96 88 ec 8a b5 eb 8b 88 eb 8b a4 2e,526,1015,,hangul;punct_symbol,True,
6349,merge,다\n좋,'다\n좋',7,3,eb 8b a4 0a ec a2 8b,4542,143,contains_whitespace;control_char,control;hangul;whitespace,True,
6350,merge,티브,'티브',6,2,ed 8b b0 eb b8 8c,993,1493,,hangul,True,
6351,merge,편집,'편집',6,2,ed 8e b8 ec a7 91,647,1176,,hangul,True,
6352,merge, 모습을,' 모습을',10,4,20 eb aa a8 ec 8a b5 ec 9d 84,1542,318,contains_whitespace,hangul;whitespace,True,
6353,merge,형래,'형래',6,2,ed 98 95 eb 9e 98,1116,525,,hangul,True,
6354,merge, 전반,' 전반',7,3,20 ec a0 84 eb b0 98,543,878,contains_whitespace,hangul;whitespace,True,
6355,merge,했음\n,'했음\n',7,3,ed 96 88 ec 9d 8c 0a,526,957,contains_whitespace;control_char,control;hangul;whitespace,True,
6356,merge, 많은데,' 많은데',10,4,20 eb a7 8e ec 9d 80 eb 8d b0,1423,346,contains_whitespace,hangul;whitespace,True,
6357,merge, 하면서,' 하면서',10,4,20 ed 95 98 eb a9 b4 ec 84 9c,411,694,contains_whitespace,hangul;whitespace,True,
6358,merge, 보려고,' 보려고',10,4,20 eb b3 b4 eb a0 a4 ea b3 a0,357,1234,contains_whitespace,hangul;whitespace,True,
6359,merge,선생,'선생',6,2,ec 84 a0 ec 83 9d,731,592,,hangul,True,
6360,merge,시오,'시오',6,2,ec 8b 9c ec 98 a4,365,466,,hangul,True,
6361,merge,도 없이,'도 없이',10,4,eb 8f 84 20 ec 97 86 ec 9d b4,895,267,contains_whitespace,hangul;whitespace,True,
6362,merge, 에휴,' 에휴',7,3,20 ec 97 90 ed 9c b4,1151,1777,contains_whitespace,hangul;whitespace,True,
6363,merge,어떤,'어떤',6,2,ec 96 b4 eb 96 a4,2915,168,,hangul,True,
6364,merge,정화,'정화',6,2,ec a0 95 ed 99 94,395,279,,hangul,True,
6365,merge,,b' \xeb\xbb',3,0,20 eb bb,261,191,invalid_utf8,invalid_utf8,False,'utf-8' codec can't decode bytes in position 1-2: unexpected end of data
6366,merge, 오랫,' 오랫',7,3,20 ec 98 a4 eb 9e ab,640,3470,contains_whitespace,hangul;whitespace,True,
6367,merge, 젠,' 젠',4,2,20 ec a0 a0,331,164,contains_whitespace,hangul;whitespace,True,
6368,merge, 내용과,' 내용과',10,4,20 eb 82 b4 ec 9a a9 ea b3 bc,773,441,contains_whitespace,hangul;whitespace,True,
6369,merge,인지 모르겠,'인지 모르겠',16,6,ec 9d b8 ec a7 80 20 eb aa a8 eb a5 b4 ea b2 a0,1263,1268,contains_whitespace,hangul;whitespace,True,
6370,merge,미스,'미스',6,2,eb af b8 ec 8a a4,497,371,,hangul,True,
6371,merge, ^,' ^',2,2,20 5e,36,98,contains_whitespace,punct_symbol;whitespace,True,
6372,merge, 쵝오,' 쵝오',7,3,20 ec b5 9d ec 98 a4,260,4882,contains_whitespace,hangul;whitespace,True,
6373,merge, 낮게,' 낮게',7,3,20 eb 82 ae ea b2 8c,1207,319,contains_whitespace,hangul;whitespace,True,
6374,merge, 엿,' 엿',4,2,20 ec 97 bf,315,195,contains_whitespace,hangul;whitespace,True,
6375,merge,니다..,'니다..',8,4,eb 8b 88 eb 8b a4 2e 2e,336,717,,hangul;punct_symbol,True,
6376,merge, 영화는 처음,' 영화는 처음',17,7,20 ec 98 81 ed 99 94 eb 8a 94 20 ec b2 98 ec 9d 8c,1003,987,contains_whitespace,hangul;whitespace,True,
6377,merge, 판단,' 판단',7,3,20 ed 8c 90 eb 8b a8,2083,706,contains_whitespace,hangul;whitespace,True,
6378,merge,들끼리,'들끼리',9,3,eb 93 a4 eb 81 bc eb a6 ac,334,3876,,hangul,True,
6379,merge,세포,'세포',6,2,ec 84 b8 ed 8f ac,564,815,,hangul,True,
6380,merge,회가,'회가',6,2,ed 9a 8c ea b0 80,884,290,,hangul,True,
6381,merge, T,' T',2,2,20 54,36,88,contains_whitespace,english;whitespace,True,
6382,merge,우연히,'우연히',9,3,ec 9a b0 ec 97 b0 ed 9e 88,404,2793,,hangul,True,
6383,merge, 넘치,' 넘치',7,3,20 eb 84 98 ec b9 98,908,516,contains_whitespace,hangul;whitespace,True,
6384,merge,사라,'사라',6,2,ec 82 ac eb 9d bc,394,1206,,hangul,True,
6385,merge,,b'\x9f\xb0',2,0,9f b0,163,180,invalid_utf8,invalid_utf8,False,'utf-8' codec can't decode byte 0x9f in position 0: invalid start byte
6386,merge, 됬,' 됬',4,2,20 eb 90 ac,903,176,contains_whitespace,hangul;whitespace,True,
6387,merge,할 수 없는,'할 수 없는',14,6,ed 95 a0 20 ec 88 98 20 ec 97 86 eb 8a 94,478,2727,contains_whitespace,hangul;whitespace,True,
6388,merge, 이래서,' 이래서',10,4,20 ec 9d b4 eb 9e 98 ec 84 9c,3969,321,contains_whitespace,hangul;whitespace,True,
6389,merge, 우리는,' 우리는',10,4,20 ec 9a b0 eb a6 ac eb 8a 94,740,1169,contains_whitespace,hangul;whitespace,True,
6390,merge, ㅜㅜ\n,' ㅜㅜ\n',8,4,20 e3 85 9c e3 85 9c 0a,2474,14,contains_whitespace;control_char,control;hangul;whitespace,True,
6391,merge,어렸을때,'어렸을때',12,4,ec 96 b4 eb a0 b8 ec 9d 84 eb 95 8c,327,3321,,hangul,True,
6392,merge, 중요한,' 중요한',10,4,20 ec a4 91 ec 9a 94 ed 95 9c,3069,304,contains_whitespace,hangul;whitespace,True,
6393,merge,니?,'니?',4,2,eb 8b 88 3f,336,67,,hangul;punct_symbol,True,
6394,merge,꿈,'꿈',3,1,ea bf 88,1767,140,,hangul,True,
6395,merge,으리,'으리',6,2,ec 9c bc eb a6 ac,378,332,,hangul,True,
6396,merge, 씹,' 씹',4,2,20 ec 94 b9,1668,189,contains_whitespace,hangul;whitespace,True,
6397,merge, 마음에 들,' 마음에 들',14,6,20 eb a7 88 ec 9d 8c ec 97 90 20 eb 93 a4,3163,988,contains_whitespace,hangul;whitespace,True,
6398,merge,ㅎㅎㅎㅎ,'ㅎㅎㅎㅎ',12,4,e3 85 8e e3 85 8e e3 85 8e e3 85 8e,793,793,repeated_run,hangul,True,
6399,merge,의 한계,'의 한계',10,4,ec 9d 98 20 ed 95 9c ea b3 84,3541,728,contains_whitespace,hangul;whitespace,True,
6400,merge, 느껴졌,' 느껴졌',10,4,20 eb 8a 90 ea bb b4 ec a1 8c,1599,1348,contains_whitespace,hangul;whitespace,True,
6401,merge,스키,'스키',6,2,ec 8a a4 ed 82 a4,371,1048,,hangul,True,
6402,merge,\n언제,'\n언제',7,3,0a ec 96 b8 ec a0 9c,2558,1288,contains_whitespace;control_char,control;hangul;whitespace,True,
6403,merge,는지..,'는지..',8,4,eb 8a 94 ec a7 80 2e 2e,945,266,,hangul;punct_symbol,True,
6404,merge,쁘고,'쁘고',6,2,ec 81 98 ea b3 a0,1220,277,,hangul,True,
6405,merge,... 진짜,'... 진짜',10,6,2e 2e 2e 20 ec a7 84 ec a7 9c,373,601,contains_whitespace;repeated_run,hangul;punct_symbol;whitespace,True,
6406,merge,황당,'황당',6,2,ed 99 a9 eb 8b b9,1331,734,,hangul,True,
6407,merge,식을,'식을',6,2,ec 8b 9d ec 9d 84,882,318,,hangul,True,
6408,merge, 인도,' 인도',7,3,20 ec 9d b8 eb 8f 84,580,296,contains_whitespace,hangul;whitespace,True,
6409,merge,,b' \xeb\xa3',3,0,20 eb a3,261,167,invalid_utf8,invalid_utf8,False,'utf-8' codec can't decode bytes in position 1-2: unexpected end of data
6410,merge,마음이,'마음이',9,3,eb a7 88 ec 9d 8c ec 9d b4,2760,267,,hangul,True,
6411,merge, 보았는데,' 보았는데',13,5,20 eb b3 b4 ec 95 98 eb 8a 94 eb 8d b0,1859,393,contains_whitespace,hangul;whitespace,True,
6412,merge, 그것,' 그것',7,3,20 ea b7 b8 ea b2 83,359,420,contains_whitespace,hangul;whitespace,True,
6413,merge, 망쳤,' 망쳤',7,3,20 eb a7 9d ec b3 a4,1200,2459,contains_whitespace,hangul;whitespace,True,
6414,merge, 높게,' 높게',7,3,20 eb 86 92 ea b2 8c,1324,319,contains_whitespace,hangul;whitespace,True,
6415,merge,이다...\n,'이다...\n',10,6,ec 9d b4 eb 8b a4 2e 2e 2e 0a,1146,475,contains_whitespace;control_char;repeated_run,control;hangul;punct_symbol;whitespace,True,
6416,merge,"인,","'인,'",4,2,ec 9d b8 2c,341,48,,hangul;punct_symbol,True,
6417,merge, 떨,' 떨',4,2,20 eb 96 a8,930,172,contains_whitespace,hangul;whitespace,True,
6418,merge, 다니,' 다니',7,3,20 eb 8b a4 eb 8b 88,416,336,contains_whitespace,hangul;whitespace,True,
6419,merge, 탁,' 탁',4,2,20 ed 83 81,946,133,contains_whitespace,hangul;whitespace,True,
6420,merge,는 영화가,'는 영화가',13,5,eb 8a 94 20 ec 98 81 ed 99 94 ea b0 80,537,290,contains_whitespace,hangul;whitespace,True,
6421,merge, 잘못된,' 잘못된',10,4,20 ec 9e 98 eb aa bb eb 90 9c,2765,931,contains_whitespace,hangul;whitespace,True,
6422,merge,도아니고,'도아니고',12,4,eb 8f 84 ec 95 84 eb 8b 88 ea b3 a0,296,3235,,hangul,True,
6423,merge,,b'\xeb\x8b\xa4\n\xec\x83',6,0,eb 8b a4 0a ec 83,806,135,invalid_utf8,invalid_utf8,False,'utf-8' codec can't decode bytes in position 4-5: unexpected end of data
6424,merge,,b'\xac\xeb\x9f\xac',4,0,ac eb 9f ac,294,1565,invalid_utf8,invalid_utf8,False,'utf-8' codec can't decode byte 0xac in position 0: invalid start byte
6425,merge,\n3,'\n3',2,2,0a 33,14,55,contains_whitespace;control_char,control;digit;whitespace,True,
6426,merge,즈를,'즈를',6,2,ec a6 88 eb a5 bc,3370,829,,hangul,True,
6427,merge,사실,'사실',6,2,ec 82 ac ec 8b a4,544,604,,hangul,True,
6428,merge, 재밌어서,' 재밌어서',13,5,20 ec 9e ac eb b0 8c ec 96 b4 ec 84 9c,521,875,contains_whitespace,hangul;whitespace,True,
6429,merge,작\n,'작\n',4,2,ec 9e 91 0a,423,14,contains_whitespace;control_char,control;hangul;whitespace,True,
6430,merge, 해석,' 해석',7,3,20 ed 95 b4 ec 84 9d,753,1472,contains_whitespace,hangul;whitespace,True,
6431,merge, 작위,' 작위',7,3,20 ec 9e 91 ec 9c 84,708,835,contains_whitespace,hangul;whitespace,True,
6432,merge,,b'\x88\xeb\xa5\xbc',4,0,88 eb a5 bc,306,829,invalid_utf8,invalid_utf8,False,'utf-8' codec can't decode byte 0x88 in position 0: invalid start byte
6433,merge,었습니다.\n,'었습니다.\n',14,6,ec 97 88 ec 8a b5 eb 8b 88 eb 8b a4 2e 0a,405,1287,contains_whitespace;control_char,control;hangul;punct_symbol;whitespace,True,
6434,merge,생에,'생에',6,2,ec 83 9d ec 97 90,592,300,,hangul,True,
6435,merge, 세상을,' 세상을',10,4,20 ec 84 b8 ec 83 81 ec 9d 84,1979,318,contains_whitespace,hangul;whitespace,True,
6436,merge,낀,'낀',3,1,eb 82 80,291,132,,hangul,True,
6437,merge, 멋지고,' 멋지고',10,4,20 eb a9 8b ec a7 80 ea b3 a0,1063,1347,contains_whitespace,hangul;whitespace,True,
6438,merge,첫,'첫',3,1,ec b2 ab,407,175,,hangul,True,
6439,merge, 사고,' 사고',7,3,20 ec 82 ac ea b3 a0,722,277,contains_whitespace,hangul;whitespace,True,
6440,merge,ㄷㄷㄷ,'ㄷㄷㄷ',9,3,e3 84 b7 e3 84 b7 e3 84 b7,1596,1141,repeated_run,hangul,True,
6441,merge,,b'\xeb\xa6\xac\xeb\x8d',5,0,eb a6 ac eb 8d,748,145,invalid_utf8,invalid_utf8,False,'utf-8' codec can't decode bytes in position 3-4: unexpected end of data
6442,merge, 선동,' 선동',7,3,20 ec 84 a0 eb 8f 99,1262,768,contains_whitespace,hangul;whitespace,True,
6443,merge, 작품.\n,' 작품.\n',9,5,20 ec 9e 91 ed 92 88 2e 0a,885,311,contains_whitespace;control_char,control;hangul;punct_symbol;whitespace,True,
6444,merge,을 가진,'을 가진',10,4,ec 9d 84 20 ea b0 80 ec a7 84,2764,422,contains_whitespace,hangul;whitespace,True,
6445,merge,키스,'키스',6,2,ed 82 a4 ec 8a a4,1048,371,,hangul,True,
6446,merge, 히어로,' 히어로',10,4,20 ed 9e 88 ec 96 b4 eb a1 9c,2982,3132,contains_whitespace,hangul;whitespace,True,
6447,merge,. . .,'. . .',5,5,2e 20 2e 20 2e,1199,3294,contains_whitespace,punct_symbol;whitespace,True,
6448,merge,재밌게봤,'재밌게봤',12,4,ec 9e ac eb b0 8c ea b2 8c eb b4 a4,3100,769,,hangul,True,
6449,merge, 하나도 없,' 하나도 없',14,6,20 ed 95 98 eb 82 98 eb 8f 84 20 ec 97 86,912,895,contains_whitespace,hangul;whitespace,True,
6450,merge,멍,'멍',3,1,eb a9 8d,340,145,,hangul,True,
6451,merge, 대단한 영화,' 대단한 영화',17,7,20 eb 8c 80 eb 8b a8 ed 95 9c 20 ec 98 81 ed 99 94,1511,725,contains_whitespace,hangul;whitespace,True,
6452,merge,었어,'었어',6,2,ec 97 88 ec 96 b4,405,327,,hangul,True,
6453,merge, 시트콤,' 시트콤',10,4,20 ec 8b 9c ed 8a b8 ec bd a4,472,5208,contains_whitespace,hangul;whitespace,True,
6454,merge,부로,'부로',6,2,eb b6 80 eb a1 9c,523,325,,hangul,True,
6455,merge,다!!!,'다!!!',6,4,eb 8b a4 21 21 21,268,1211,repeated_run,hangul;punct_symbol,True,
6456,merge,내요,'내요',6,2,eb 82 b4 ec 9a 94,453,326,,hangul,True,
6457,merge, 암튼,' 암튼',7,3,20 ec 95 94 ed 8a bc,2416,1987,contains_whitespace,hangul;whitespace,True,
6458,merge,더더,'더더',6,2,eb 8d 94 eb 8d 94,662,662,,hangul,True,
6459,merge,된다.\n,'된다.\n',8,4,eb 90 9c eb 8b a4 2e 0a,931,388,contains_whitespace;control_char,control;hangul;punct_symbol;whitespace,True,
6460,merge, 내면,' 내면',7,3,20 eb 82 b4 eb a9 b4,482,356,contains_whitespace,hangul;whitespace,True,
6461,merge, 가져,' 가져',7,3,20 ea b0 80 ec a0 b8,485,952,contains_whitespace,hangul;whitespace,True,
6462,merge, 보기에는,' 보기에는',13,5,20 eb b3 b4 ea b8 b0 ec 97 90 eb 8a 94,1233,1371,contains_whitespace,hangul;whitespace,True,
6463,merge,이 없어서,'이 없어서',13,5,ec 9d b4 20 ec 97 86 ec 96 b4 ec 84 9c,1303,875,contains_whitespace,hangul;whitespace,True,
6464,merge,가..,'가..',5,3,ea b0 80 2e 2e,290,266,,hangul;punct_symbol,True,
6465,merge, 막판에,' 막판에',10,4,20 eb a7 89 ed 8c 90 ec 97 90,1231,3829,contains_whitespace,hangul;whitespace,True,
6466,merge,마무,'마무',6,2,eb a7 88 eb ac b4,275,391,,hangul,True,
6467,merge,\n줄,'\n줄',4,2,0a ec a4 84,2450,136,contains_whitespace;control_char,control;hangul;whitespace,True,
6468,merge,워드,'워드',6,2,ec 9b 8c eb 93 9c,754,462,,hangul,True,
6469,merge,받아서,'받아서',9,3,eb b0 9b ec 95 84 ec 84 9c,1285,1134,,hangul,True,
6470,merge, 올리,' 올리',7,3,20 ec 98 ac eb a6 ac,456,1126,contains_whitespace,hangul;whitespace,True,
6471,merge,톰,'톰',3,1,ed 86 b0,484,180,,hangul,True,
6472,merge,웟,'웟',3,1,ec 9b 9f,398,163,,hangul,True,
6473,merge,재미없음,'재미없음',12,4,ec 9e ac eb af b8 ec 97 86 ec 9d 8c,1320,370,,hangul,True,
6474,merge,,b'\x84\xec\x83\x88',4,0,84 ec 83 88,136,2121,invalid_utf8,invalid_utf8,False,'utf-8' codec can't decode byte 0x84 in position 0: invalid start byte
6475,merge,어주,'어주',6,2,ec 96 b4 ec a3 bc,327,428,,hangul,True,
6476,merge, 초반에,' 초반에',10,4,20 ec b4 88 eb b0 98 ec 97 90,2796,300,contains_whitespace,hangul;whitespace,True,
6477,merge, 너무 좋,' 너무 좋',11,5,20 eb 84 88 eb ac b4 20 ec a2 8b,452,406,contains_whitespace,hangul;whitespace,True,
6478,merge, 똑같은,' 똑같은',10,4,20 eb 98 91 ea b0 99 ec 9d 80,2485,948,contains_whitespace,hangul;whitespace,True,
6479,merge,마치,'마치',6,2,eb a7 88 ec b9 98,400,516,,hangul,True,
6480,merge,톱,'톱',3,1,ed 86 b1,484,181,,hangul,True,
6481,merge," 스토리,","' 스토리,'",11,5,20 ec 8a a4 ed 86 a0 eb a6 ac 2c,689,48,contains_whitespace,hangul;punct_symbol;whitespace,True,
6482,merge, 스트,' 스트',7,3,20 ec 8a a4 ed 8a b8,494,639,contains_whitespace,hangul;whitespace,True,
6483,merge,짜로,'짜로',6,2,ec a7 9c eb a1 9c,440,325,,hangul,True,
6484,merge,맘에,'맘에',6,2,eb a7 98 ec 97 90,3862,300,,hangul,True,
6485,merge, 동생,' 동생',7,3,20 eb 8f 99 ec 83 9d,1067,592,contains_whitespace,hangul;whitespace,True,
6486,merge,꿀,'꿀',3,1,ea bf 80,1767,132,,hangul,True,
6487,merge,같아요,'같아요',9,3,ea b0 99 ec 95 84 ec 9a 94,569,1568,,hangul,True,
6488,merge,여러,'여러',6,2,ec 97 ac eb 9f ac,1746,1565,,hangul,True,
6489,merge,,b'\xec\x95\x88\xeb\x90',5,0,ec 95 88 eb 90,1300,148,invalid_utf8,invalid_utf8,False,'utf-8' codec can't decode bytes in position 3-4: unexpected end of data
6490,merge,했으나,'했으나',9,3,ed 96 88 ec 9c bc eb 82 98,526,1673,,hangul,True,
6491,merge,,b'\xec\x95\x84\xeb\x8b',5,0,ec 95 84 eb 8b,338,263,invalid_utf8,invalid_utf8,False,'utf-8' codec can't decode bytes in position 3-4: unexpected end of data
6492,merge,야?,'야?',4,2,ec 95 bc 3f,412,67,,hangul;punct_symbol,True,
6493,merge, 를,' 를',4,2,20 eb a5 bc,261,829,contains_whitespace,hangul;whitespace,True,
6494,merge, 치밀,' 치밀',7,3,20 ec b9 98 eb b0 80,1430,2344,contains_whitespace,hangul;whitespace,True,
6495,merge,대한민국,'대한민국',12,4,eb 8c 80 ed 95 9c eb af bc ea b5 ad,2225,3171,,hangul,True,
6496,merge,나올,'나올',6,2,eb 82 98 ec 98 ac,2361,176,,hangul,True,
6497,merge, 13,' 13',3,3,20 31 33,505,55,contains_whitespace,digit;whitespace,True,
6498,merge,쓰고,'쓰고',6,2,ec 93 b0 ea b3 a0,1712,277,,hangul,True,
6499,merge,만한 영화,'만한 영화',13,5,eb a7 8c ed 95 9c 20 ec 98 81 ed 99 94,328,725,contains_whitespace,hangul;whitespace,True,
6500,merge,줍,'줍',3,1,ec a4 8d,389,145,,hangul,True,
6501,merge,의 영화.,'의 영화.',11,5,ec 9d 98 20 ec 98 81 ed 99 94 2e,830,50,contains_whitespace,hangul;punct_symbol;whitespace,True,
6502,merge, 빈약,' 빈약',7,3,20 eb b9 88 ec 95 bd,3435,1601,contains_whitespace,hangul;whitespace,True,
6503,merge,수로,'수로',6,2,ec 88 98 eb a1 9c,415,325,,hangul,True,
6504,merge, 하나같이,' 하나같이',13,5,20 ed 95 98 eb 82 98 ea b0 99 ec 9d b4,912,2056,contains_whitespace,hangul;whitespace,True,
6505,merge, 어려운,' 어려운',10,4,20 ec 96 b4 eb a0 a4 ec 9a b4,3554,492,contains_whitespace,hangul;whitespace,True,
6506,merge,하디,'하디',6,2,ed 95 98 eb 94 94,289,608,,hangul,True,
6507,merge, 끝나는,' 끝나는',10,4,20 eb 81 9d eb 82 98 eb 8a 94,732,1258,contains_whitespace,hangul;whitespace,True,
6508,merge,게 한,'게 한',7,3,ea b2 8c 20 ed 95 9c,319,469,contains_whitespace,hangul;whitespace,True,
6509,merge,멜,'멜',3,1,eb a9 9c,340,160,,hangul,True,
6510,merge, 그 이상,' 그 이상',11,5,20 ea b7 b8 20 ec 9d b4 ec 83 81,359,1223,contains_whitespace,hangul;whitespace,True,
6511,merge,복을,'복을',6,2,eb b3 b5 ec 9d 84,1136,318,,hangul,True,
6512,merge, 내게,' 내게',7,3,20 eb 82 b4 ea b2 8c,482,319,contains_whitespace,hangul;whitespace,True,
6513,merge,을 수,'을 수',7,3,ec 9d 84 20 ec 88 98,318,531,contains_whitespace,hangul;whitespace,True,
6514,merge, 과연,' 과연',7,3,20 ea b3 bc ec 97 b0,1380,483,contains_whitespace,hangul;whitespace,True,
6515,merge, 푸,' 푸',4,2,20 ed 91 b8,3251,188,contains_whitespace,hangul;whitespace,True,
6516,merge, 애국,' 애국',7,3,20 ec 95 a0 ea b5 ad,762,538,contains_whitespace,hangul;whitespace,True,
6517,merge,.1,'.1',2,2,2e 31,50,53,,digit;punct_symbol,True,
6518,merge, 순수한,' 순수한',10,4,20 ec 88 9c ec 88 98 ed 95 9c,2667,304,contains_whitespace,hangul;whitespace,True,
6519,merge, 사랑이,' 사랑이',10,4,20 ec 82 ac eb 9e 91 ec 9d b4,819,267,contains_whitespace,hangul;whitespace,True,
6520,merge, 각색,' 각색',7,3,20 ea b0 81 ec 83 89,1998,1104,contains_whitespace,hangul;whitespace,True,
6521,merge,\n이건 뭐,'\n이건 뭐',11,5,0a ec 9d b4 ea b1 b4 20 eb ad 90,2224,723,contains_whitespace;control_char,control;hangul;whitespace,True,
6522,merge,\n자,'\n자',4,2,0a ec 9e 90,14,392,contains_whitespace;control_char,control;hangul;whitespace,True,
6523,merge,엉성,'엉성',6,2,ec 97 89 ec 84 b1,2534,500,,hangul,True,
6524,merge,레이션,'레이션',9,3,eb a0 88 ec 9d b4 ec 85 98,2244,651,,hangul,True,
6525,merge, 살리,' 살리',7,3,20 ec 82 b4 eb a6 ac,887,332,contains_whitespace,hangul;whitespace,True,
6526,merge,ig,'ig',2,2,69 67,109,107,,english,True,
6527,merge, 끌어,' 끌어',7,3,20 eb 81 8c ec 96 b4,2513,327,contains_whitespace,hangul;whitespace,True,
6528,merge,용으로,'용으로',9,3,ec 9a a9 ec 9c bc eb a1 9c,520,432,,hangul,True,
6529,merge,부작,'부작',6,2,eb b6 80 ec 9e 91,523,423,,hangul,True,
6530,merge,팔이,'팔이',6,2,ed 8c 94 ec 9d b4,522,1074,,hangul,True,
6531,merge,어지고,'어지고',9,3,ec 96 b4 ec a7 80 ea b3 a0,327,1347,,hangul,True,
6532,merge,되는데,'되는데',9,3,eb 90 98 eb 8a 94 eb 8d b0,700,393,,hangul,True,
6533,merge, 다이,' 다이',7,3,20 eb 8b a4 ec 9d b4,416,267,contains_whitespace,hangul;whitespace,True,
6534,merge, 시대를,' 시대를',10,4,20 ec 8b 9c eb 8c 80 eb a5 bc,2246,382,contains_whitespace,hangul;whitespace,True,
6535,merge, 도전,' 도전',7,3,20 eb 8f 84 ec a0 84,495,790,contains_whitespace,hangul;whitespace,True,
6536,merge, 낙,' 낙',4,2,20 eb 82 99,329,157,contains_whitespace,hangul;whitespace,True,
6537,merge, 카리스마,' 카리스마',13,5,20 ec b9 b4 eb a6 ac ec 8a a4 eb a7 88,5854,400,contains_whitespace,hangul;whitespace,True,
6538,merge, 짜증나서,' 짜증나서',13,5,20 ec a7 9c ec a6 9d eb 82 98 ec 84 9c,1293,1270,contains_whitespace,hangul;whitespace,True,
6539,merge, 재밌다고,' 재밌다고',13,5,20 ec 9e ac eb b0 8c eb 8b a4 ea b3 a0,521,778,contains_whitespace,hangul;whitespace,True,
6540,merge, sf,' sf',3,3,20 73 66,2923,106,contains_whitespace,english;whitespace,True,
6541,merge, 배급,' 배급',7,3,20 eb b0 b0 ea b8 89,1069,910,contains_whitespace,hangul;whitespace,True,
6542,merge,코메디,'코메디',9,3,ec bd 94 eb a9 94 eb 94 94,985,2746,,hangul,True,
6543,merge,뛰,'뛰',3,1,eb 9b b0,239,1946,,hangul,True,
6544,merge, 정말 최고,' 정말 최고',14,6,20 ec a0 95 eb a7 90 20 ec b5 9c ea b3 a0,532,599,contains_whitespace,hangul;whitespace,True,
6545,merge,붕,'붕',3,1,eb b6 95,386,153,,hangul,True,
6546,merge, 영화인데,' 영화인데',13,5,20 ec 98 81 ed 99 94 ec 9d b8 eb 8d b0,305,904,contains_whitespace,hangul;whitespace,True,
6547,merge,님께,'님께',6,2,eb 8b 98 ea bb 98,852,1309,,hangul,True,
6548,merge,보지마세요,'보지마세요',15,5,eb b3 b4 ec a7 80 eb a7 88 ec 84 b8 ec 9a 94,3794,928,,hangul,True,
6549,merge, 모든걸,' 모든걸',10,4,20 eb aa a8 eb 93 a0 ea b1 b8,1410,643,contains_whitespace,hangul;whitespace,True,
6550,merge,게다가,'게다가',9,3,ea b2 8c eb 8b a4 ea b0 80,319,827,,hangul,True,
6551,merge,시간낭비,'시간낭비',12,4,ec 8b 9c ea b0 84 eb 82 ad eb b9 84,966,2468,,hangul,True,
6552,merge,다\n왜,'다\n왜',7,3,eb 8b a4 0a ec 99 9c,2879,160,contains_whitespace;control_char,control;hangul;whitespace,True,
6553,merge,정의,'정의',6,2,ec a0 95 ec 9d 98,395,310,,hangul,True,
6554,merge, 기대이상,' 기대이상',13,5,20 ea b8 b0 eb 8c 80 ec 9d b4 ec 83 81,977,1613,contains_whitespace,hangul;whitespace,True,
6555,merge,픔이,'픔이',6,2,ed 94 94 ec 9d b4,502,1074,,hangul,True,
6556,merge, 하길래,' 하길래',10,4,20 ed 95 98 ea b8 b8 eb 9e 98,411,2427,contains_whitespace,hangul;whitespace,True,
6557,merge, 조절,' 조절',7,3,20 ec a1 b0 ec a0 88,747,1000,contains_whitespace,hangul;whitespace,True,
6558,merge,8년,'8년',4,2,38 eb 85 84,60,629,,digit;hangul,True,
6559,merge,정도가,'정도가',9,3,ec a0 95 eb 8f 84 ea b0 80,1019,290,,hangul,True,
6560,merge, 예쁘고,' 예쁘고',10,4,20 ec 98 88 ec 81 98 ea b3 a0,2703,277,contains_whitespace,hangul;whitespace,True,
6561,merge,쩍,'쩍',3,1,ec a9 8d,1267,145,,hangul,True,
6562,merge, 배경음악,' 배경음악',13,5,20 eb b0 b0 ea b2 bd ec 9d 8c ec 95 85,2067,1839,contains_whitespace,hangul;whitespace,True,
6563,merge,.......\n,'.......\n',8,8,2e 2e 2e 2e 2e 2e 2e 0a,427,475,contains_whitespace;control_char;repeated_run,control;punct_symbol;whitespace,True,
6564,merge,어릴적,'어릴적',9,3,ec 96 b4 eb a6 b4 ec a0 81,327,3847,,hangul,True,
6565,merge,\n아름다운,'\n아름다운',13,5,0a ec 95 84 eb a6 84 eb 8b a4 ec 9a b4,872,4245,contains_whitespace;control_char,control;hangul;whitespace,True,
6566,merge, ㄱ,' ㄱ',4,2,20 e3 84 b1,36,2613,contains_whitespace,hangul;whitespace,True,
6567,merge,하하하,'하하하',9,3,ed 95 98 ed 95 98 ed 95 98,2385,289,repeated_run,hangul,True,
6568,merge,습니다!,'습니다!',10,4,ec 8a b5 eb 8b 88 eb 8b a4 21,1082,37,,hangul;punct_symbol,True,
6569,merge, 3D,' 3D',3,3,20 33 44,965,72,contains_whitespace,digit;english;whitespace,True,
6570,merge, 내려,' 내려',7,3,20 eb 82 b4 eb a0 a4,482,512,contains_whitespace,hangul;whitespace,True,
6571,merge, 타임,' 타임',7,3,20 ed 83 80 ec 9e 84,1796,578,contains_whitespace,hangul;whitespace,True,
6572,merge,줄은,'줄은',6,2,ec a4 84 ec 9d 80,840,313,,hangul,True,
6573,merge,영화보다,'영화보다',12,4,ec 98 81 ed 99 94 eb b3 b4 eb 8b a4,367,691,,hangul,True,
6574,merge,,b'\x97\x84',2,0,97 84,155,136,invalid_utf8,invalid_utf8,False,'utf-8' codec can't decode byte 0x97 in position 0: invalid start byte
6575,merge, 어떨,' 어떨',7,3,20 ec 96 b4 eb 96 a8,1133,172,contains_whitespace,hangul;whitespace,True,
6576,merge, 보기에,' 보기에',10,4,20 eb b3 b4 ea b8 b0 ec 97 90,1233,300,contains_whitespace,hangul;whitespace,True,
6577,merge,할수 있,'할수 있',10,4,ed 95 a0 ec 88 98 20 ec 9e 88,1505,431,contains_whitespace,hangul;whitespace,True,
6578,merge, 몬,' 몬',4,2,20 eb aa ac,364,176,contains_whitespace,hangul;whitespace,True,
6579,merge, 할말이,' 할말이',10,4,20 ed 95 a0 eb a7 90 ec 9d b4,900,1172,contains_whitespace,hangul;whitespace,True,
6580,merge, 뭘 말,' 뭘 말',8,4,20 eb ad 98 20 eb a7 90,2009,597,contains_whitespace,hangul;whitespace,True,
6581,merge,저예산,'저예산',9,3,ec a0 80 ec 98 88 ec 82 b0,667,3522,,hangul,True,
6582,merge,전개가,'전개가',9,3,ec a0 84 ea b0 9c ea b0 80,2289,290,,hangul,True,
6583,merge, 아이들,' 아이들',10,4,20 ec 95 84 ec 9d b4 eb 93 a4,1202,334,contains_whitespace,hangul;whitespace,True,
6584,merge, 최고다,' 최고다',10,4,20 ec b5 9c ea b3 a0 eb 8b a4,599,268,contains_whitespace,hangul;whitespace,True,
6585,merge,"영화,","'영화,'",7,3,ec 98 81 ed 99 94 2c,367,48,,hangul;punct_symbol,True,
6586,merge,이여,'이여',6,2,ec 9d b4 ec 97 ac,267,508,,hangul,True,
6587,merge,음..\n,'음..\n',6,4,ec 9d 8c 2e 2e 0a,370,487,contains_whitespace;control_char,control;hangul;punct_symbol;whitespace,True,
6588,merge, 이상하게,' 이상하게',13,5,20 ec 9d b4 ec 83 81 ed 95 98 ea b2 8c,1223,621,contains_whitespace,hangul;whitespace,True,
6589,merge, 쫌,' 쫌',4,2,20 ec ab 8c,3181,144,contains_whitespace,hangul;whitespace,True,
6590,merge,비가,'비가',6,2,eb b9 84 ea b0 80,624,290,,hangul,True,
6591,merge, 웃김,' 웃김',7,3,20 ec 9b 83 ea b9 80,800,1159,contains_whitespace,hangul;whitespace,True,
6592,merge,아이가,'아이가',9,3,ec 95 84 ec 9d b4 ea b0 80,338,1692,,hangul,True,
6593,merge,토록,'토록',6,2,ed 86 a0 eb a1 9d,529,1037,,hangul,True,
6594,merge,재미있어요,'재미있어요',15,5,ec 9e ac eb af b8 ec 9e 88 ec 96 b4 ec 9a 94,1272,540,,hangul,True,
6595,merge, 한번쯤,' 한번쯤',10,4,20 ed 95 9c eb b2 88 ec af a4,1536,2487,contains_whitespace,hangul;whitespace,True,
6596,merge,,b'\x85\xb8',2,0,85 b8,137,188,invalid_utf8,invalid_utf8,False,'utf-8' codec can't decode byte 0x85 in position 0: invalid start byte
6597,merge,티비에서,'티비에서',12,4,ed 8b b0 eb b9 84 ec 97 90 ec 84 9c,3084,463,,hangul,True,
6598,merge,섬,'섬',3,1,ec 84 ac,292,176,,hangul,True,
6599,merge, 실력,' 실력',7,3,20 ec 8b a4 eb a0 a5,851,591,contains_whitespace,hangul;whitespace,True,
6600,merge,...?,'...?',4,4,2e 2e 2e 3f,373,67,repeated_run,punct_symbol,True,
6601,merge,♡♡,'♡♡',6,2,e2 99 a1 e2 99 a1,2200,2200,,punct_symbol,True,
6602,merge,화려한,'화려한',9,3,ed 99 94 eb a0 a4 ed 95 9c,4937,304,,hangul,True,
6603,merge,강추@강추@강추@강추@,'강추@강추@강추@강추@',28,12,ea b0 95 ec b6 94 40 ea b0 95 ec b6 94 40 ea b0 95 ec b6 94 40 ea b0 95 ec b6 94 40,3970,3970,,hangul;punct_symbol,True,
6604,merge,소름,'소름',6,2,ec 86 8c eb a6 84,595,636,,hangul,True,
6605,merge, 못해,' 못해',7,3,20 eb aa bb ed 95 b4,588,355,contains_whitespace,hangul;whitespace,True,
6606,merge, 위한 영화,' 위한 영화',14,6,20 ec 9c 84 ed 95 9c 20 ec 98 81 ed 99 94,1011,725,contains_whitespace,hangul;whitespace,True,
6607,merge, 아류,' 아류',7,3,20 ec 95 84 eb a5 98,349,989,contains_whitespace,hangul;whitespace,True,
6608,merge,어보이,'어보이',9,3,ec 96 b4 eb b3 b4 ec 9d b4,327,2706,,hangul,True,
6609,merge, 이건 진짜,' 이건 진짜',14,6,20 ec 9d b4 ea b1 b4 20 ec a7 84 ec a7 9c,1022,601,contains_whitespace,hangul;whitespace,True,
6610,merge,\n청,'\n청',4,2,0a ec b2 ad,1754,177,contains_whitespace;control_char,control;hangul;whitespace,True,
6611,merge,제일,'제일',6,2,ec a0 9c ec 9d bc,510,518,,hangul,True,
6612,merge, 허접한,' 허접한',10,4,20 ed 97 88 ec a0 91 ed 95 9c,2071,304,contains_whitespace,hangul;whitespace,True,
6613,merge,글쎄,'글쎄',6,2,ea b8 80 ec 8e 84,934,4754,,hangul,True,
6614,merge,긴하지만,'긴하지만',12,4,ea b8 b4 ed 95 98 ec a7 80 eb a7 8c,669,1187,,hangul,True,
6615,merge, 살렸,' 살렸',7,3,20 ec 82 b4 eb a0 b8,887,1030,contains_whitespace,hangul;whitespace,True,
6616,merge,,b'\xb0\xb8',2,0,b0 b8,180,188,invalid_utf8,invalid_utf8,False,'utf-8' codec can't decode byte 0xb0 in position 0: invalid start byte
6617,merge,안보,'안보',6,2,ec 95 88 eb b3 b4,1300,309,,hangul,True,
6618,merge, 좋았습니다.,' 좋았습니다.',17,7,20 ec a2 8b ec 95 98 ec 8a b5 eb 8b 88 eb 8b a4 2e,860,1015,contains_whitespace,hangul;punct_symbol;whitespace,True,
6619,merge, 객,' 객',4,2,20 ea b0 9d,344,161,contains_whitespace,hangul;whitespace,True,
6620,merge,으려고,'으려고',9,3,ec 9c bc eb a0 a4 ea b3 a0,378,1234,,hangul,True,
6621,merge,우스,'우스',6,2,ec 9a b0 ec 8a a4,404,371,,hangul,True,
6622,merge,잤,'잤',3,1,ec 9e a4,274,168,,hangul,True,
6623,merge,,b'\xac\xb8',2,0,ac b8,176,188,invalid_utf8,invalid_utf8,False,'utf-8' codec can't decode byte 0xac in position 0: invalid start byte
6624,merge,\n왕,'\n왕',4,2,0a ec 99 95,944,153,contains_whitespace;control_char,control;hangul;whitespace,True,
6625,merge, 최고의 명작,' 최고의 명작',17,7,20 ec b5 9c ea b3 a0 ec 9d 98 20 eb aa 85 ec 9e 91,1222,1047,contains_whitespace,hangul;whitespace,True,
6626,merge, 있네요,' 있네요',10,4,20 ec 9e 88 eb 84 a4 ec 9a 94,293,1755,contains_whitespace,hangul;whitespace,True,
6627,merge, 당황,' 당황',7,3,20 eb 8b b9 ed 99 a9,1129,1331,contains_whitespace,hangul;whitespace,True,
6628,merge,생각없이,'생각없이',12,4,ec 83 9d ea b0 81 ec 97 86 ec 9d b4,1349,1109,,hangul,True,
6629,merge, 감흥,' 감흥',7,3,20 ea b0 90 ed 9d a5,808,2479,contains_whitespace,hangul;whitespace,True,
6630,merge,그렇게,'그렇게',9,3,ea b7 b8 eb a0 87 ea b2 8c,460,737,,hangul,True,
6631,merge,만큼은,'만큼은',9,3,eb a7 8c ed 81 bc ec 9d 80,1641,313,,hangul,True,
6632,merge,고 싶다.\n,'고 싶다.\n',12,6,ea b3 a0 20 ec 8b b6 eb 8b a4 2e 0a,1286,388,contains_whitespace;control_char,control;hangul;punct_symbol;whitespace,True,
6633,merge,때매,'때매',6,2,eb 95 8c eb a7 a4,574,1081,,hangul,True,
6634,merge, 그저그런,' 그저그런',13,5,20 ea b7 b8 ec a0 80 ea b7 b8 eb 9f b0,2039,2352,contains_whitespace,hangul;whitespace,True,
6635,merge,아빠,'아빠',6,2,ec 95 84 eb b9 a0,338,1203,,hangul,True,
6636,merge,,b' \xec\xba',3,0,20 ec ba,260,190,invalid_utf8,invalid_utf8,False,'utf-8' codec can't decode bytes in position 1-2: unexpected end of data
6637,merge,찡,'찡',3,1,ec b0 a1,490,165,,hangul,True,
6638,merge,♥♥♥♥,'♥♥♥♥',12,4,e2 99 a5 e2 99 a5 e2 99 a5 e2 99 a5,1963,1963,repeated_run,punct_symbol,True,
6639,merge, 본거,' 본거',7,3,20 eb b3 b8 ea b1 b0,619,385,contains_whitespace,hangul;whitespace,True,
6640,merge,구나..,'구나..',8,4,ea b5 ac eb 82 98 2e 2e,1256,266,,hangul;punct_symbol,True,
6641,merge, 길게,' 길게',7,3,20 ea b8 b8 ea b2 8c,1937,319,contains_whitespace,hangul;whitespace,True,
6642,merge,느껴,'느껴',6,2,eb 8a 90 ea bb b4,981,1404,,hangul,True,
6643,merge, 잠깐,' 잠깐',7,3,20 ec 9e a0 ea b9 90,1738,2402,contains_whitespace,hangul;whitespace,True,
6644,merge, 재밌던데,' 재밌던데',13,5,20 ec 9e ac eb b0 8c eb 8d 98 eb 8d b0,521,1627,contains_whitespace,hangul;whitespace,True,
6645,merge,,b'\xb0\x9c',2,0,b0 9c,180,160,invalid_utf8,invalid_utf8,False,'utf-8' codec can't decode byte 0xb0 in position 0: invalid start byte
6646,merge, 여자의,' 여자의',10,4,20 ec 97 ac ec 9e 90 ec 9d 98,1149,310,contains_whitespace,hangul;whitespace,True,
6647,merge, 부르,' 부르',7,3,20 eb b6 80 eb a5 b4,705,576,contains_whitespace,hangul;whitespace,True,
6648,merge, 봐야할,' 봐야할',10,4,20 eb b4 90 ec 95 bc ed 95 a0,1704,478,contains_whitespace,hangul;whitespace,True,
6649,merge,니가,'니가',6,2,eb 8b 88 ea b0 80,336,290,,hangul,True,
6650,merge,러워,'러워',6,2,eb 9f ac ec 9b 8c,552,754,,hangul,True,
6651,merge,어리,'어리',6,2,ec 96 b4 eb a6 ac,327,332,,hangul,True,
6652,merge,를 잘,'를 잘',7,3,eb a5 bc 20 ec 9e 98,382,549,contains_whitespace,hangul;whitespace,True,
6653,merge,의 모습을,'의 모습을',13,5,ec 9d 98 20 eb aa a8 ec 8a b5 ec 9d 84,2825,318,contains_whitespace,hangul;whitespace,True,
6654,merge,킬,'킬',3,1,ed 82 ac,763,176,,hangul,True,
6655,merge,다 .,'다 .',5,3,eb 8b a4 20 2e,896,50,contains_whitespace,hangul;punct_symbol;whitespace,True,
6656,merge,입니다..,'입니다..',11,5,ec 9e 85 eb 8b 88 eb 8b a4 2e 2e,844,717,,hangul;punct_symbol,True,
6657,merge,군요\n,'군요\n',7,3,ea b5 b0 ec 9a 94 0a,856,1215,contains_whitespace;control_char,control;hangul;whitespace,True,
6658,merge,ㅅㅂ,'ㅅㅂ',6,2,e3 85 85 e3 85 82,2484,3180,,hangul,True,
6659,merge,지 않는다.,'지 않는다.',14,6,ec a7 80 20 ec 95 8a eb 8a 94 eb 8b a4 2e,1476,369,contains_whitespace,hangul;punct_symbol;whitespace,True,
6660,merge,스러운 영화,'스러운 영화',16,6,ec 8a a4 eb 9f ac ec 9a b4 20 ec 98 81 ed 99 94,1244,1588,contains_whitespace,hangul;whitespace,True,
6661,merge,생활,'생활',6,2,ec 83 9d ed 99 9c,592,2365,,hangul,True,
6662,merge, 깎,' 깎',4,2,20 ea b9 8e,688,146,contains_whitespace,hangul;whitespace,True,
6663,merge,짐\n,'짐\n',4,2,ec a7 90 0a,1678,14,contains_whitespace;control_char,control;hangul;whitespace,True,
6664,merge,,b'\xb7\x94',2,0,b7 94,187,152,invalid_utf8,invalid_utf8,False,'utf-8' codec can't decode byte 0xb7 in position 0: invalid start byte
6665,merge, 재능,' 재능',7,3,20 ec 9e ac eb 8a a5,1528,1306,contains_whitespace,hangul;whitespace,True,
6666,merge,\n한국,'\n한국',7,3,0a ed 95 9c ea b5 ad,14,1757,contains_whitespace;control_char,control;hangul;whitespace,True,
6667,merge, 밑,' 밑',4,2,20 eb b0 91,376,149,contains_whitespace,hangul;whitespace,True,
6668,merge,'의,"""'의""",4,2,27 ec 9d 98,43,310,,hangul;punct_symbol,True,
6669,merge,기만 하,'기만 하',10,4,ea b8 b0 eb a7 8c 20 ed 95 98,2291,411,contains_whitespace,hangul;whitespace,True,
6670,merge, 보고나면,' 보고나면',13,5,20 eb b3 b4 ea b3 a0 eb 82 98 eb a9 b4,663,3668,contains_whitespace,hangul;whitespace,True,
6671,merge, 탑,' 탑',4,2,20 ed 83 91,946,149,contains_whitespace,hangul;whitespace,True,
6672,merge, ㅎㅎㅎ,' ㅎㅎㅎ',10,4,20 e3 85 8e e3 85 8e e3 85 8e,1460,555,contains_whitespace;repeated_run,hangul;whitespace,True,
6673,merge,한 영화..,'한 영화..',12,6,ed 95 9c 20 ec 98 81 ed 99 94 2e 2e,725,266,contains_whitespace,hangul;punct_symbol;whitespace,True,
6674,merge, 확실,' 확실',7,3,20 ed 99 95 ec 8b a4,2112,604,contains_whitespace,hangul;whitespace,True,
6675,merge,할거,'할거',6,2,ed 95 a0 ea b1 b0,478,385,,hangul,True,
6676,merge,시간을,'시간을',9,3,ec 8b 9c ea b0 84 ec 9d 84,966,318,,hangul,True,
6677,merge,본다,'본다',6,2,eb b3 b8 eb 8b a4,626,268,,hangul,True,
6678,merge, 내인생,' 내인생',10,4,20 eb 82 b4 ec 9d b8 ec 83 9d,482,1856,contains_whitespace,hangul;whitespace,True,
6679,merge,쓰레기영화,'쓰레기영화',15,5,ec 93 b0 eb a0 88 ea b8 b0 ec 98 81 ed 99 94,1760,367,,hangul,True,
6680,merge,인걸,'인걸',6,2,ec 9d b8 ea b1 b8,341,643,,hangul,True,
6681,merge,병맛,'병맛',6,2,eb b3 91 eb a7 9b,1563,2077,,hangul,True,
6682,merge, 요소가,' 요소가',10,4,20 ec 9a 94 ec 86 8c ea b0 80,2894,290,contains_whitespace,hangul;whitespace,True,
6683,merge,느낌이,'느낌이',9,3,eb 8a 90 eb 82 8c ec 9d b4,2043,922,,hangul,True,
6684,merge, 무서워,' 무서워',10,4,20 eb ac b4 ec 84 9c ec 9b 8c,1881,754,contains_whitespace,hangul;whitespace,True,
6685,merge,하게 만든,'하게 만든',13,5,ed 95 98 ea b2 8c 20 eb a7 8c eb 93 a0,621,1083,contains_whitespace,hangul;whitespace,True,
6686,merge, 심지어,' 심지어',10,4,20 ec 8b ac ec a7 80 ec 96 b4,1153,5219,contains_whitespace,hangul;whitespace,True,
6687,merge,you,'you',3,3,79 6f 75,125,3922,,english,True,
6688,merge,!!!!!!!!!!!!!!!!,'!!!!!!!!!!!!!!!!',16,16,21 21 21 21 21 21 21 21 21 21 21 21 21 21 21 21,2260,2260,long_chars;repeated_run,punct_symbol,True,
6689,merge,하는지,'하는지',9,3,ed 95 98 eb 8a 94 ec a7 80,504,286,,hangul,True,
6690,merge, 피해자,' 피해자',10,4,20 ed 94 bc ed 95 b4 ec 9e 90,3721,392,contains_whitespace,hangul;whitespace,True,
6691,merge,재밌는,'재밌는',9,3,ec 9e ac eb b0 8c eb 8a 94,783,272,,hangul,True,
6692,merge,보내,'보내',6,2,eb b3 b4 eb 82 b4,374,453,,hangul,True,
6693,merge, 빵터,' 빵터',7,3,20 eb b9 b5 ed 84 b0,2954,547,contains_whitespace,hangul;whitespace,True,
6694,merge,엇는데,'엇는데',9,3,ec 97 87 eb 8a 94 eb 8d b0,1242,393,,hangul,True,
6695,merge, 스토리와,' 스토리와',13,5,20 ec 8a a4 ed 86 a0 eb a6 ac ec 99 80,689,509,contains_whitespace,hangul;whitespace,True,
6696,merge,버리고,'버리고',9,3,eb b2 84 eb a6 ac ea b3 a0,685,739,,hangul,True,
6697,merge,을 내,'을 내',7,3,ec 9d 84 20 eb 82 b4,318,482,contains_whitespace,hangul;whitespace,True,
6698,merge,기대안하고,'기대안하고',15,5,ea b8 b0 eb 8c 80 ec 95 88 ed 95 98 ea b3 a0,1490,3143,,hangul,True,
6699,merge,는다.\n,'는다.\n',8,4,eb 8a 94 eb 8b a4 2e 0a,272,388,contains_whitespace;control_char,control;hangul;punct_symbol;whitespace,True,
6700,merge,습니다~,'습니다~',10,4,ec 8a b5 eb 8b 88 eb 8b a4 7e,1082,130,,hangul;punct_symbol,True,
6701,merge, 본 영화중,' 본 영화중',14,6,20 eb b3 b8 20 ec 98 81 ed 99 94 ec a4 91,1660,559,contains_whitespace,hangul;whitespace,True,
6702,merge,줄이야,'줄이야',9,3,ec a4 84 ec 9d b4 ec 95 bc,840,1808,,hangul,True,
6703,merge,\n친,'\n친',4,2,0a ec b9 9c,3078,160,contains_whitespace;control_char,control;hangul;whitespace,True,
6704,merge, 궁금해서,' 궁금해서',13,5,20 ea b6 81 ea b8 88 ed 95 b4 ec 84 9c,2118,687,contains_whitespace,hangul;whitespace,True,
6705,merge, 배우를,' 배우를',10,4,20 eb b0 b0 ec 9a b0 eb a5 bc,735,382,contains_whitespace,hangul;whitespace,True,
6706,merge, 둘째,' 둘째',7,3,20 eb 91 98 ec a7 b8,2147,1927,contains_whitespace,hangul;whitespace,True,
6707,merge,이다!,'이다!',7,3,ec 9d b4 eb 8b a4 21,1146,37,,hangul;punct_symbol,True,
6708,merge, 어우러,' 어우러',10,4,20 ec 96 b4 ec 9a b0 eb 9f ac,6086,552,contains_whitespace,hangul;whitespace,True,
6709,merge, 시청자,' 시청자',10,4,20 ec 8b 9c ec b2 ad ec 9e 90,1917,392,contains_whitespace,hangul;whitespace,True,
6710,merge,에 따라,'에 따라',10,4,ec 97 90 20 eb 94 b0 eb 9d bc,300,2117,contains_whitespace,hangul;whitespace,True,
6711,merge,릴 때,'릴 때',7,3,eb a6 b4 20 eb 95 8c,767,905,contains_whitespace,hangul;whitespace,True,
6712,merge,그때,'그때',6,2,ea b7 b8 eb 95 8c,460,574,,hangul,True,
6713,merge,리면서,'리면서',9,3,eb a6 ac eb a9 b4 ec 84 9c,3666,321,,hangul,True,
6714,merge, 사용,' 사용',7,3,20 ec 82 ac ec 9a a9,722,520,contains_whitespace,hangul;whitespace,True,
6715,merge, 봤다면,' 봤다면',10,4,20 eb b4 a4 eb 8b a4 eb a9 b4,480,1051,contains_whitespace,hangul;whitespace,True,
6716,merge, 남겨,' 남겨',7,3,20 eb 82 a8 ea b2 a8,649,974,contains_whitespace,hangul;whitespace,True,
6717,merge,수선,'수선',6,2,ec 88 98 ec 84 a0,415,731,,hangul,True,
6718,merge, 캐릭,' 캐릭',7,3,20 ec ba 90 eb a6 ad,1098,1108,contains_whitespace,hangul;whitespace,True,
6719,merge, 보긴,' 보긴',7,3,20 eb b3 b4 ea b8 b4,357,669,contains_whitespace,hangul;whitespace,True,
6720,merge, 매일,' 매일',7,3,20 eb a7 a4 ec 9d bc,842,518,contains_whitespace,hangul;whitespace,True,
6721,merge,너무나,'너무나',9,3,eb 84 88 eb ac b4 eb 82 98,707,320,,hangul,True,
6722,merge,없음\n,'없음\n',7,3,ec 97 86 ec 9d 8c 0a,401,957,contains_whitespace;control_char,control;hangul;whitespace,True,
6723,merge,"1,2","'1,2'",3,3,31 2c 32,53,4556,,digit;punct_symbol,True,
6724,merge, 숙,' 숙',4,2,20 ec 88 99,1107,157,contains_whitespace,hangul;whitespace,True,
6725,merge, 본건데,' 본건데',10,4,20 eb b3 b8 ea b1 b4 eb 8d b0,619,2803,contains_whitespace,hangul;whitespace,True,
6726,merge, 액션영화,' 액션영화',13,5,20 ec 95 a1 ec 85 98 ec 98 81 ed 99 94,936,367,contains_whitespace,hangul;whitespace,True,
6727,merge,는 진짜,'는 진짜',10,4,eb 8a 94 20 ec a7 84 ec a7 9c,272,601,contains_whitespace,hangul;whitespace,True,
6728,merge,니뎁,'니뎁',6,2,eb 8b 88 eb 8e 81,1023,5497,,hangul,True,
6729,merge, 주고싶,' 주고싶',10,4,20 ec a3 bc ea b3 a0 ec 8b b6,563,1798,contains_whitespace,hangul;whitespace,True,
6730,merge,드라마가,'드라마가',12,4,eb 93 9c eb 9d bc eb a7 88 ea b0 80,1214,290,,hangul,True,
6731,merge,,b'\x88\xeb\xa1\x9d',4,0,88 eb a1 9d,2839,161,invalid_utf8,invalid_utf8,False,'utf-8' codec can't decode byte 0x88 in position 0: invalid start byte
6732,merge, 잼나,' 잼나',7,3,20 ec 9e bc eb 82 98,1137,320,contains_whitespace,hangul;whitespace,True,
6733,merge, 뭉클,' 뭉클',7,3,20 eb ad 89 ed 81 b4,5119,1774,contains_whitespace,hangul;whitespace,True,
6734,merge,음이,'음이',6,2,ec 9d 8c ec 9d b4,370,267,,hangul,True,
6735,merge,\n삼,'\n삼',4,2,0a ec 82 bc,1453,192,contains_whitespace;control_char,control;hangul;whitespace,True,
6736,merge, 아픈,' 아픈',7,3,20 ec 95 84 ed 94 88,349,1283,contains_whitespace,hangul;whitespace,True,
6737,merge,정도면,'정도면',9,3,ec a0 95 eb 8f 84 eb a9 b4,1019,356,,hangul,True,
6738,merge,웃김,'웃김',6,2,ec 9b 83 ea b9 80,1229,1159,,hangul,True,
6739,merge,항상,'항상',6,2,ed 95 ad ec 83 81,264,2776,,hangul,True,
6740,merge, 교과서,' 교과서',10,4,20 ea b5 90 ea b3 bc ec 84 9c,1614,5950,contains_whitespace,hangul;whitespace,True,
6741,merge,,b'\xec\x8b\xac\xeb',4,0,ec 8b ac eb,307,294,invalid_utf8,invalid_utf8,False,'utf-8' codec can't decode byte 0xeb in position 3: unexpected end of data
6742,merge, 유발,' 유발',7,3,20 ec 9c a0 eb b0 9c,679,867,contains_whitespace,hangul;whitespace,True,
6743,merge, 나올때,' 나올때',10,4,20 eb 82 98 ec 98 ac eb 95 8c,1842,3528,contains_whitespace,hangul;whitespace,True,
6744,merge, 재방,' 재방',7,3,20 ec 9e ac eb b0 a9,380,4492,contains_whitespace,hangul;whitespace,True,
6745,merge, 다시 봐도,' 다시 봐도',14,6,20 eb 8b a4 ec 8b 9c 20 eb b4 90 eb 8f 84,828,1445,contains_whitespace,hangul;whitespace,True,
6746,merge, 인간들,' 인간들',10,4,20 ec 9d b8 ea b0 84 eb 93 a4,1398,334,contains_whitespace,hangul;whitespace,True,
6747,merge, 복잡,' 복잡',7,3,20 eb b3 b5 ec 9e a1,1915,1414,contains_whitespace,hangul;whitespace,True,
6748,merge,에비,'에비',6,2,ec 97 90 eb b9 84,300,624,,hangul,True,
6749,merge, 뻔한 스토리,' 뻔한 스토리',17,7,20 eb bb 94 ed 95 9c 20 ec 8a a4 ed 86 a0 eb a6 ac,1343,1932,contains_whitespace,hangul;whitespace,True,
6750,merge, 기억에,' 기억에',10,4,20 ea b8 b0 ec 96 b5 ec 97 90,1005,300,contains_whitespace,hangul;whitespace,True,
6751,merge, 달리,' 달리',7,3,20 eb 8b ac eb a6 ac,372,1126,contains_whitespace,hangul;whitespace,True,
6752,merge,,b'\xec\xab',2,0,ec ab,240,175,invalid_utf8,invalid_utf8,False,'utf-8' codec can't decode bytes in position 0-1: unexpected end of data
6753,merge, 슬퍼,' 슬퍼',7,3,20 ec 8a ac ed 8d bc,1198,1501,contains_whitespace,hangul;whitespace,True,
6754,merge, 즐겁게,' 즐겁게',10,4,20 ec a6 90 ea b2 81 ea b2 8c,3497,319,contains_whitespace,hangul;whitespace,True,
6755,merge,퇴,'퇴',3,1,ed 87 b4,241,3270,,hangul,True,
6756,merge,함...,'함...',6,4,ed 95 a8 2e 2e 2e,528,373,repeated_run,hangul;punct_symbol,True,
6757,merge, 말도 안되는,' 말도 안되는',17,7,20 eb a7 90 eb 8f 84 20 ec 95 88 eb 90 98 eb 8a 94,597,3887,contains_whitespace,hangul;whitespace,True,
6758,merge, 즐거운,' 즐거운',10,4,20 ec a6 90 ea b1 b0 ec 9a b4,2882,492,contains_whitespace,hangul;whitespace,True,
6759,merge, 연기력이,' 연기력이',13,5,20 ec 97 b0 ea b8 b0 eb a0 a5 ec 9d b4,1732,267,contains_whitespace,hangul;whitespace,True,
6760,merge,",.ㅡ","',.ㅡ'",5,3,2c 2e e3 85 a1,3079,575,,hangul;punct_symbol,True,
6761,merge, 정말로,' 정말로',10,4,20 ec a0 95 eb a7 90 eb a1 9c,532,325,contains_whitespace,hangul;whitespace,True,
6762,merge,\n와우,'\n와우',7,3,0a ec 99 80 ec 9a b0,1862,404,contains_whitespace;control_char,control;hangul;whitespace,True,
6763,merge,니콜,'니콜',6,2,eb 8b 88 ec bd 9c,336,2905,,hangul,True,
6764,merge, 본 영화.,' 본 영화.',12,6,20 eb b3 b8 20 ec 98 81 ed 99 94 2e,619,1301,contains_whitespace,hangul;punct_symbol;whitespace,True,
6765,merge,할 때,'할 때',7,3,ed 95 a0 20 eb 95 8c,478,905,contains_whitespace,hangul;whitespace,True,
6766,merge, 드라마.\n,' 드라마.\n',12,6,20 eb 93 9c eb 9d bc eb a7 88 2e 0a,730,311,contains_whitespace;control_char,control;hangul;punct_symbol;whitespace,True,
6767,merge,진이,'진이',6,2,ec a7 84 ec 9d b4,422,267,,hangul,True,
6768,merge,하고...,'하고...',9,5,ed 95 98 ea b3 a0 2e 2e 2e,437,373,repeated_run,hangul;punct_symbol,True,
6769,merge,하지마라,'하지마라',12,4,ed 95 98 ec a7 80 eb a7 88 eb 9d bc,1144,2037,,hangul,True,
6770,merge, 줍,' 줍',4,2,20 ec a4 8d,548,145,contains_whitespace,hangul;whitespace,True,
6771,merge, 전편,' 전편',7,3,20 ec a0 84 ed 8e b8,543,647,contains_whitespace,hangul;whitespace,True,
6772,merge, 데이,' 데이',7,3,20 eb 8d b0 ec 9d b4,1833,267,contains_whitespace,hangul;whitespace,True,
6773,merge,,b'\xec\xb1',2,0,ec b1,240,181,invalid_utf8,invalid_utf8,False,'utf-8' codec can't decode bytes in position 0-1: unexpected end of data
6774,merge,안돼,'안돼',6,2,ec 95 88 eb 8f bc,699,2403,,hangul,True,
6775,merge,한 전개,'한 전개',10,4,ed 95 9c 20 ec a0 84 ea b0 9c,304,1342,contains_whitespace,hangul;whitespace,True,
6776,merge,가있,'가있',6,2,ea b0 80 ec 9e 88,290,421,,hangul,True,
6777,merge, 결정,' 결정',7,3,20 ea b2 b0 ec a0 95,836,395,contains_whitespace,hangul;whitespace,True,
6778,merge,카프,'카프',6,2,ec b9 b4 ed 94 84,1210,837,,hangul,True,
6779,merge,카프리오,'카프리오',12,4,ec b9 b4 ed 94 84 eb a6 ac ec 98 a4,6778,1581,,hangul,True,
6780,merge, 곧,' 곧',4,2,20 ea b3 a7,1635,171,contains_whitespace,hangul;whitespace,True,
6781,merge,싫어,'싫어',6,2,ec 8b ab ec 96 b4,2621,327,,hangul,True,
6782,merge,,b'\x88\xeb\x8d\x94\xeb\x8b\x88',7,0,88 eb 8d 94 eb 8b 88,2146,336,invalid_utf8,invalid_utf8,False,'utf-8' codec can't decode byte 0x88 in position 0: invalid start byte
6783,merge,기 때문에,'기 때문에',13,5,ea b8 b0 20 eb 95 8c eb ac b8 ec 97 90,303,1702,contains_whitespace,hangul;whitespace,True,
6784,merge,다!!!\n,'다!!!\n',7,5,eb 8b a4 21 21 21 0a,268,1406,contains_whitespace;control_char;repeated_run,control;hangul;punct_symbol;whitespace,True,
6785,merge, 대본,' 대본',7,3,20 eb 8c 80 eb b3 b8,513,626,contains_whitespace,hangul;whitespace,True,
6786,merge,동화,'동화',6,2,eb 8f 99 ed 99 94,768,279,,hangul,True,
6787,merge,보지마라,'보지마라',12,4,eb b3 b4 ec a7 80 eb a7 88 eb 9d bc,374,2444,,hangul,True,
6788,merge, 설마,' 설마',7,3,20 ec 84 a4 eb a7 88,1130,400,contains_whitespace,hangul;whitespace,True,
6789,merge,해지고,'해지고',9,3,ed 95 b4 ec a7 80 ea b3 a0,355,1347,,hangul,True,
6790,merge,지부,'지부',6,2,ec a7 80 eb b6 80,286,523,,hangul,True,
6791,merge,인듯.,'인듯.',7,3,ec 9d b8 eb 93 af 2e,1645,50,,hangul;punct_symbol,True,
6792,merge, 살아가는,' 살아가는',13,5,20 ec 82 b4 ec 95 84 ea b0 80 eb 8a 94,1741,1238,contains_whitespace,hangul;whitespace,True,
6793,merge, 남은,' 남은',7,3,20 eb 82 a8 ec 9d 80,649,313,contains_whitespace,hangul;whitespace,True,
6794,merge,받은,'받은',6,2,eb b0 9b ec 9d 80,1285,313,,hangul,True,
6795,merge,됩니,'됩니',6,2,eb 90 a9 eb 8b 88,712,871,,hangul,True,
6796,merge,간다.,'간다.',7,3,ea b0 84 eb 8b a4 2e,442,369,,hangul;punct_symbol,True,
6797,merge,의 이야기,'의 이야기',13,5,ec 9d 98 20 ec 9d b4 ec 95 bc ea b8 b0,310,1049,contains_whitespace,hangul;whitespace,True,
6798,merge, 한마디,' 한마디',10,4,20 ed 95 9c eb a7 88 eb 94 94,469,2193,contains_whitespace,hangul;whitespace,True,
6799,merge, 영원히,' 영원히',10,4,20 ec 98 81 ec 9b 90 ed 9e 88,3923,503,contains_whitespace,hangul;whitespace,True,
6800,merge,분위기,'분위기',9,3,eb b6 84 ec 9c 84 ea b8 b0,4393,303,,hangul,True,
6801,merge,하는 사람,'하는 사람',13,5,ed 95 98 eb 8a 94 20 ec 82 ac eb 9e 8c,504,695,contains_whitespace,hangul;whitespace,True,
6802,merge,보고나서,'보고나서',12,4,eb b3 b4 ea b3 a0 eb 82 98 ec 84 9c,781,1270,,hangul,True,
6803,merge, 달달,' 달달',7,3,20 eb 8b ac eb 8b ac,2609,1429,contains_whitespace,hangul;whitespace,True,
6804,merge, 보고 있,' 보고 있',11,5,20 eb b3 b4 ea b3 a0 20 ec 9e 88,663,431,contains_whitespace,hangul;whitespace,True,
6805,merge, 영국,' 영국',7,3,20 ec 98 81 ea b5 ad,879,538,contains_whitespace,hangul;whitespace,True,
6806,merge, 삽,' 삽',4,2,20 ec 82 bd,387,193,contains_whitespace,hangul;whitespace,True,
6807,merge, 억지스러운,' 억지스러운',16,6,20 ec 96 b5 ec a7 80 ec 8a a4 eb 9f ac ec 9a b4,1461,1876,contains_whitespace,hangul;whitespace,True,
6808,merge,부가,'부가',6,2,eb b6 80 ea b0 80,523,290,,hangul,True,
6809,merge, 전문가,' 전문가',10,4,20 ec a0 84 eb ac b8 ea b0 80,4180,290,contains_whitespace,hangul;whitespace,True,
6810,merge, 배역,' 배역',7,3,20 eb b0 b0 ec 97 ad,1069,822,contains_whitespace,hangul;whitespace,True,
6811,merge, 투자,' 투자',7,3,20 ed 88 ac ec 9e 90,2634,392,contains_whitespace,hangul;whitespace,True,
6812,merge, 30분,' 30분',6,4,20 33 30 eb b6 84,965,2227,contains_whitespace,digit;hangul;whitespace,True,
6813,merge, b급,' b급',5,3,20 62 ea b8 89,2883,910,contains_whitespace,english;hangul;whitespace,True,
6814,merge,\n어린,'\n어린',7,3,0a ec 96 b4 eb a6 b0,1492,757,contains_whitespace;control_char,control;hangul;whitespace,True,
6815,merge, 이따,' 이따',7,3,20 ec 9d b4 eb 94 b0,322,1265,contains_whitespace,hangul;whitespace,True,
6816,merge, 멋졌,' 멋졌',7,3,20 eb a9 8b ec a1 8c,1063,1348,contains_whitespace,hangul;whitespace,True,
6817,merge, 청소년,' 청소년',10,4,20 ec b2 ad ec 86 8c eb 85 84,2381,3592,contains_whitespace,hangul;whitespace,True,
6818,merge,에 불,'에 불',7,3,ec 97 90 20 eb b6 88,300,1043,contains_whitespace,hangul;whitespace,True,
6819,merge,\n정,'\n정',4,2,0a ec a0 95,14,395,contains_whitespace;control_char,control;hangul;whitespace,True,
6820,merge,보다 훨씬,'보다 훨씬',13,5,eb b3 b4 eb 8b a4 20 ed 9b a8 ec 94 ac,691,2401,contains_whitespace,hangul;whitespace,True,
6821,merge, 젠장,' 젠장',7,3,20 ec a0 a0 ec 9e a5,6367,425,contains_whitespace,hangul;whitespace,True,
6822,merge, 세련,' 세련',7,3,20 ec 84 b8 eb a0 a8,1018,1976,contains_whitespace,hangul;whitespace,True,
6823,merge,는거 같,'는거 같',10,4,eb 8a 94 ea b1 b0 20 ea b0 99,1041,603,contains_whitespace,hangul;whitespace,True,
6824,merge,,b'\x86\x94\xec\xa7\x81\xed\x9e\x88',8,0,86 94 ec a7 81 ed 9e 88,138,1381,invalid_utf8,invalid_utf8,False,'utf-8' codec can't decode byte 0x86 in position 0: invalid start byte
6825,merge,게 아니라,'게 아니라',13,5,ea b2 8c 20 ec 95 84 eb 8b 88 eb 9d bc,319,1412,contains_whitespace,hangul;whitespace,True,
6826,merge,받아,'받아',6,2,eb b0 9b ec 95 84,1285,338,,hangul,True,
6827,merge,시리,'시리',6,2,ec 8b 9c eb a6 ac,365,332,,hangul,True,
6828,merge, 소년,' 소년',7,3,20 ec 86 8c eb 85 84,658,629,contains_whitespace,hangul;whitespace,True,
6829,merge, 관심,' 관심',7,3,20 ea b4 80 ec 8b ac,1012,673,contains_whitespace,hangul;whitespace,True,
6830,merge,낫,'낫',3,1,eb 82 ab,291,175,,hangul,True,
6831,merge, 반드시,' 반드시',10,4,20 eb b0 98 eb 93 9c ec 8b 9c,804,5041,contains_whitespace,hangul;whitespace,True,
6832,merge,그래픽,'그래픽',9,3,ea b7 b8 eb 9e 98 ed 94 bd,1640,2469,,hangul,True,
6833,merge, 뭐하나,' 뭐하나',10,4,20 eb ad 90 ed 95 98 eb 82 98,723,1092,contains_whitespace,hangul;whitespace,True,
6834,merge,\n기,'\n기',4,2,0a ea b8 b0,14,303,contains_whitespace;control_char,control;hangul;whitespace,True,
6835,merge, 찰,' 찰',4,2,20 ec b0 b0,496,180,contains_whitespace,hangul;whitespace,True,
6836,merge, 코난,' 코난',7,3,20 ec bd 94 eb 82 9c,925,615,contains_whitespace,hangul;whitespace,True,
6837,merge,도를,'도를',6,2,eb 8f 84 eb a5 bc,296,382,,hangul,True,
6838,merge,준 영화,'준 영화',10,4,ec a4 80 20 ec 98 81 ed 99 94,657,305,contains_whitespace,hangul;whitespace,True,
6839,merge,도 더,'도 더',7,3,eb 8f 84 20 eb 8d 94,296,566,contains_whitespace,hangul;whitespace,True,
6840,merge,,b'\x83\x90?',3,0,83 90 3f,1685,67,invalid_utf8,invalid_utf8,False,'utf-8' codec can't decode byte 0x83 in position 0: invalid start byte
6841,merge,점점,'점점',6,2,ec a0 90 ec a0 90,366,366,,hangul,True,
6842,merge,지금봐도,'지금봐도',12,4,ec a7 80 ea b8 88 eb b4 90 eb 8f 84,4251,2541,,hangul,True,
6843,merge, 허세,' 허세',7,3,20 ed 97 88 ec 84 b8,1181,564,contains_whitespace,hangul;whitespace,True,
6844,merge,이들이,'이들이',9,3,ec 9d b4 eb 93 a4 ec 9d b4,267,593,,hangul,True,
6845,merge,씨는,'씨는',6,2,ec 94 a8 eb 8a 94,998,272,,hangul,True,
6846,merge, 쿠,' 쿠',4,2,20 ec bf a0,3665,164,contains_whitespace,hangul;whitespace,True,
6847,merge, 할 말,' 할 말',8,4,20 ed 95 a0 20 eb a7 90,900,597,contains_whitespace,hangul;whitespace,True,
6848,merge,잔잔하고,'잔잔하고',12,4,ec 9e 94 ec 9e 94 ed 95 98 ea b3 a0,2410,437,,hangul,True,
6849,merge,데...,'데...',6,4,eb 8d b0 2e 2e 2e,346,373,repeated_run,hangul;punct_symbol,True,
6850,merge,포인트,'포인트',9,3,ed 8f ac ec 9d b8 ed 8a b8,815,4664,,hangul,True,
6851,merge,혐,'혐',3,1,ed 98 90,439,148,,hangul,True,
6852,merge, 재밌음\n,' 재밌음\n',11,5,20 ec 9e ac eb b0 8c ec 9d 8c 0a,521,957,contains_whitespace;control_char,control;hangul;whitespace,True,
6853,merge,,b'\xb1\xec\xa0\x95',4,0,b1 ec a0 95,181,395,invalid_utf8,invalid_utf8,False,'utf-8' codec can't decode byte 0xb1 in position 0: invalid start byte
6854,merge, 고마,' 고마',7,3,20 ea b3 a0 eb a7 88,813,400,contains_whitespace,hangul;whitespace,True,
6855,merge, 왜 이런,' 왜 이런',11,5,20 ec 99 9c 20 ec 9d b4 eb 9f b0,628,631,contains_whitespace,hangul;whitespace,True,
6856,merge, 효과,' 효과',7,3,20 ed 9a a8 ea b3 bc,5270,441,contains_whitespace,hangul;whitespace,True,
6857,merge,아픈,'아픈',6,2,ec 95 84 ed 94 88,338,1283,,hangul,True,
6858,merge,노답,'노답',6,2,eb 85 b8 eb 8b b5,820,901,,hangul,True,
6859,merge,승전,'승전',6,2,ec 8a b9 ec a0 84,1529,434,,hangul,True,
6860,merge,드려,'드려',6,2,eb 93 9c eb a0 a4,462,512,,hangul,True,
6861,merge, the ,' the ',5,5,20 74 68 65 20,2596,4572,contains_whitespace,english;whitespace,True,
6862,merge, 재미없다\n,' 재미없다\n',14,6,20 ec 9e ac eb af b8 ec 97 86 eb 8b a4 0a,818,402,contains_whitespace;control_char,control;hangul;whitespace,True,
6863,merge, 팝,' 팝',4,2,20 ed 8c 9d,785,161,contains_whitespace,hangul;whitespace,True,
6864,merge,ㅎㅎㅎ\n,'ㅎㅎㅎ\n',10,4,e3 85 8e e3 85 8e e3 85 8e 0a,793,2018,contains_whitespace;control_char;repeated_run,control;hangul;whitespace,True,
6865,merge,분이,'분이',6,2,eb b6 84 ec 9d b4,546,267,,hangul,True,
6866,merge,었나,'었나',6,2,ec 97 88 eb 82 98,405,320,,hangul,True,
6867,merge,기대를,'기대를',9,3,ea b8 b0 eb 8c 80 eb a5 bc,1490,382,,hangul,True,
6868,merge, 두려,' 두려',7,3,20 eb 91 90 eb a0 a4,1088,512,contains_whitespace,hangul;whitespace,True,
6869,merge, 전개도,' 전개도',10,4,20 ec a0 84 ea b0 9c eb 8f 84,1342,296,contains_whitespace,hangul;whitespace,True,
6870,merge, 파이,' 파이',7,3,20 ed 8c 8c ec 9d b4,785,922,contains_whitespace,hangul;whitespace,True,
6871,merge, 코드,' 코드',7,3,20 ec bd 94 eb 93 9c,925,462,contains_whitespace,hangul;whitespace,True,
6872,merge,밍,'밍',3,1,eb b0 8d,363,145,,hangul,True,
6873,merge,뻔한 스토리,'뻔한 스토리',16,6,eb bb 94 ed 95 9c 20 ec 8a a4 ed 86 a0 eb a6 ac,1436,1932,contains_whitespace,hangul;whitespace,True,
6874,merge, 몇몇,' 몇몇',7,3,20 eb aa 87 eb aa 87,1537,1909,contains_whitespace,hangul;whitespace,True,
6875,merge,티즌,'티즌',6,2,ed 8b b0 ec a6 8c,993,1902,,hangul,True,
6876,merge,199,'199',3,3,31 39 39,53,2421,,digit,True,
6877,merge,ㅋㅋㅋㅋㅋㅋ,'ㅋㅋㅋㅋㅋㅋ',18,6,e3 85 8b e3 85 8b e3 85 8b e3 85 8b e3 85 8b e3 85 8b,584,347,repeated_run,hangul,True,
6878,merge, 스크린,' 스크린',10,4,20 ec 8a a4 ed 81 ac eb a6 b0,494,4674,contains_whitespace,hangul;whitespace,True,
6879,merge, 역대급,' 역대급',10,4,20 ec 97 ad eb 8c 80 ea b8 89,3651,910,contains_whitespace,hangul;whitespace,True,
6880,merge,구나.,'구나.',7,3,ea b5 ac eb 82 98 2e,1256,50,,hangul;punct_symbol,True,
6881,merge,제는,'제는',6,2,ec a0 9c eb 8a 94,510,272,,hangul,True,
6882,merge, 자기가,' 자기가',10,4,20 ec 9e 90 ea b8 b0 ea b0 80,612,1706,contains_whitespace,hangul;whitespace,True,
6883,merge, 러브라,' 러브라',10,4,20 eb 9f ac eb b8 8c eb 9d bc,3603,330,contains_whitespace,hangul;whitespace,True,
6884,merge, 자식,' 자식',7,3,20 ec 9e 90 ec 8b 9d,612,882,contains_whitespace,hangul;whitespace,True,
6885,merge, 참 잘,' 참 잘',8,4,20 ec b0 b8 20 ec 9e 98,802,549,contains_whitespace,hangul;whitespace,True,
6886,merge,영화!\n,'영화!\n',8,4,ec 98 81 ed 99 94 21 0a,367,582,contains_whitespace;control_char,control;hangul;punct_symbol;whitespace,True,
6887,merge, 탈출,' 탈출',7,3,20 ed 83 88 ec b6 9c,4678,752,contains_whitespace,hangul;whitespace,True,
6888,merge,;;;;;;;;,';;;;;;;;',8,8,3b 3b 3b 3b 3b 3b 3b 3b,2280,2280,repeated_run,punct_symbol,True,
6889,merge,습니다..\n,'습니다..\n',12,6,ec 8a b5 eb 8b 88 eb 8b a4 2e 2e 0a,1082,487,contains_whitespace;control_char,control;hangul;punct_symbol;whitespace,True,
6890,merge, 첫사랑,' 첫사랑',10,4,20 ec b2 ab ec 82 ac eb 9e 91,2711,1725,contains_whitespace,hangul;whitespace,True,
6891,merge,기전,'기전',6,2,ea b8 b0 ec a0 84,303,434,,hangul,True,
6892,merge,다. 정말,'다. 정말',11,5,eb 8b a4 2e 20 ec a0 95 eb a7 90,369,532,contains_whitespace,hangul;punct_symbol;whitespace,True,
6893,merge,벼운,'벼운',6,2,eb b2 bc ec 9a b4,4270,492,,hangul,True,
6894,merge,삭,'삭',3,1,ec 82 ad,394,177,,hangul,True,
6895,merge,것같다,'것같다',9,3,ea b2 83 ea b0 99 eb 8b a4,1731,268,,hangul,True,
6896,merge,다는건,'다는건',9,3,eb 8b a4 eb 8a 94 ea b1 b4,644,477,,hangul,True,
6897,merge,아치,'아치',6,2,ec 95 84 ec b9 98,338,516,,hangul,True,
6898,merge, 싸우는,' 싸우는',10,4,20 ec 8b b8 ec 9a b0 eb 8a 94,1650,3558,contains_whitespace,hangul;whitespace,True,
6899,merge,없다..,'없다..',8,4,ec 97 86 eb 8b a4 2e 2e,401,717,,hangul;punct_symbol,True,
6900,merge,\n제,'\n제',4,2,0a ec a0 9c,14,510,contains_whitespace;control_char,control;hangul;whitespace,True,
6901,merge,어야 할,'어야 할',10,4,ec 96 b4 ec 95 bc 20 ed 95 a0,1481,900,contains_whitespace,hangul;whitespace,True,
6902,merge,좋은영화,'좋은영화',12,4,ec a2 8b ec 9d 80 ec 98 81 ed 99 94,2375,367,,hangul,True,
6903,merge,퀴,'퀴',3,1,ed 80 b4,3254,184,,hangul,True,
6904,merge,스텔,'스텔',6,2,ec 8a a4 ed 85 94,371,3925,,hangul,True,
6905,merge,한심,'한심',6,2,ed 95 9c ec 8b ac,304,673,,hangul,True,
6906,merge, 만들면,' 만들면',10,4,20 eb a7 8c eb 93 a4 eb a9 b4,704,356,contains_whitespace,hangul;whitespace,True,
6907,merge,가 아닌,'가 아닌',10,4,ea b0 80 20 ec 95 84 eb 8b 8c,290,1111,contains_whitespace,hangul;whitespace,True,
6908,merge, 이정도면,' 이정도면',13,5,20 ec 9d b4 ec a0 95 eb 8f 84 eb a9 b4,3375,356,contains_whitespace,hangul;whitespace,True,
6909,merge, 먹고,' 먹고',7,3,20 eb a8 b9 ea b3 a0,1480,277,contains_whitespace,hangul;whitespace,True,
6910,merge, 소소한,' 소소한',10,4,20 ec 86 8c ec 86 8c ed 95 9c,658,3197,contains_whitespace,hangul;whitespace,True,
6911,merge, 아무것도,' 아무것도',13,5,20 ec 95 84 eb ac b4 ea b2 83 eb 8f 84,1379,1173,contains_whitespace,hangul;whitespace,True,
6912,merge,정은,'정은',6,2,ec a0 95 ec 9d 80,395,313,,hangul,True,
6913,merge,야 할,'야 할',7,3,ec 95 bc 20 ed 95 a0,412,900,contains_whitespace,hangul;whitespace,True,
6914,merge,뎅,'뎅',3,1,eb 8e 85,3019,137,,hangul,True,
6915,merge,빠져,'빠져',6,2,eb b9 a0 ec a0 b8,1203,952,,hangul,True,
6916,merge,뷔,'뷔',3,1,eb b7 94,239,6664,,hangul,True,
6917,merge, 다를,' 다를',7,3,20 eb 8b a4 eb a5 bc,416,382,contains_whitespace,hangul;whitespace,True,
6918,merge,에요.,'에요.',7,3,ec 97 90 ec 9a 94 2e,300,1162,,hangul;punct_symbol,True,
6919,merge,하거나,'하거나',9,3,ed 95 98 ea b1 b0 eb 82 98,289,2533,,hangul,True,
6920,merge, 짧은,' 짧은',7,3,20 ec a7 a7 ec 9d 80,3117,313,contains_whitespace,hangul;whitespace,True,
6921,merge,\n소재는,'\n소재는',10,4,0a ec 86 8c ec 9e ac eb 8a 94,3863,272,contains_whitespace;control_char,control;hangul;whitespace,True,
6922,merge, 드라마..,' 드라마..',12,6,20 eb 93 9c eb 9d bc eb a7 88 2e 2e,730,266,contains_whitespace,hangul;punct_symbol;whitespace,True,
6923,merge,재미없다,'재미없다',12,4,ec 9e ac eb af b8 ec 97 86 eb 8b a4,1320,268,,hangul,True,
6924,merge,러브,'러브',6,2,eb 9f ac eb b8 8c,1471,2491,,hangul,True,
6925,merge, 여운이 남는,' 여운이 남는',17,7,20 ec 97 ac ec 9a b4 ec 9d b4 20 eb 82 a8 eb 8a 94,2064,3119,contains_whitespace,hangul;whitespace,True,
6926,merge, 동양,' 동양',7,3,20 eb 8f 99 ec 96 91,1067,1280,contains_whitespace,hangul;whitespace,True,
6927,merge,다\n쓰레기,'다\n쓰레기',13,5,eb 8b a4 0a ec 93 b0 eb a0 88 ea b8 b0,806,686,contains_whitespace;control_char,control;hangul;whitespace,True,
6928,merge, 잠시,' 잠시',7,3,20 ec 9e a0 ec 8b 9c,1738,365,contains_whitespace,hangul;whitespace,True,
6929,merge,...\n진짜,'...\n진짜',10,6,2e 2e 2e 0a ec a7 84 ec a7 9c,475,690,contains_whitespace;control_char;repeated_run,control;hangul;punct_symbol;whitespace,True,
6930,merge, 소재는,' 소재는',10,4,20 ec 86 8c ec 9e ac eb 8a 94,1697,272,contains_whitespace,hangul;whitespace,True,
6931,merge, 이유가,' 이유가',10,4,20 ec 9d b4 ec 9c a0 ea b0 80,1644,290,contains_whitespace,hangul;whitespace,True,
6932,merge, 정의,' 정의',7,3,20 ec a0 95 ec 9d 98,430,310,contains_whitespace,hangul;whitespace,True,
6933,merge, 몇번을,' 몇번을',10,4,20 eb aa 87 eb b2 88 ec 9d 84,1537,3243,contains_whitespace,hangul;whitespace,True,
6934,merge, 또 보고싶,' 또 보고싶',14,6,20 eb 98 90 20 eb b3 b4 ea b3 a0 ec 8b b6,962,1965,contains_whitespace,hangul;whitespace,True,
6935,merge,회를,'회를',6,2,ed 9a 8c eb a5 bc,884,382,,hangul,True,
6936,merge,여야,'여야',6,2,ec 97 ac ec 95 bc,508,412,,hangul,True,
6937,merge, 염,' 염',4,2,20 ec 97 bc,315,192,contains_whitespace,hangul;whitespace,True,
6938,merge, 아름답게,' 아름답게',13,5,20 ec 95 84 eb a6 84 eb 8b b5 ea b2 8c,2159,319,contains_whitespace,hangul;whitespace,True,
6939,merge, 에서,' 에서',7,3,20 ec 97 90 ec 84 9c,1151,321,contains_whitespace,hangul;whitespace,True,
6940,merge,납,'납',3,1,eb 82 a9,291,173,,hangul,True,
6941,merge, 더러운,' 더러운',10,4,20 eb 8d 94 eb 9f ac ec 9a b4,566,3571,contains_whitespace,hangul;whitespace,True,
6942,merge,,b'\xac\x98',2,0,ac 98,176,156,invalid_utf8,invalid_utf8,False,'utf-8' codec can't decode byte 0xac in position 0: invalid start byte
6943,merge,은 좀,'은 좀',7,3,ec 9d 80 20 ec a2 80,313,765,contains_whitespace,hangul;whitespace,True,
6944,merge,액션은,'액션은',9,3,ec 95 a1 ec 85 98 ec 9d 80,1559,313,,hangul,True,
6945,merge,좌,'좌',3,1,ec a2 8c,579,144,,hangul,True,
6946,merge, 쏟아,' 쏟아',7,3,20 ec 8f 9f ec 95 84,5350,338,contains_whitespace,hangul;whitespace,True,
6947,merge,었을텐데,'었을텐데',12,4,ec 97 88 ec 9d 84 ed 85 90 eb 8d b0,405,2495,,hangul,True,
6948,merge, 드는,' 드는',7,3,20 eb 93 9c eb 8a 94,585,272,contains_whitespace,hangul;whitespace,True,
6949,merge, 작가님,' 작가님',10,4,20 ec 9e 91 ea b0 80 eb 8b 98,1952,852,contains_whitespace,hangul;whitespace,True,
6950,merge,\n송,'\n송',4,2,0a ec 86 a1,1822,165,contains_whitespace;control_char,control;hangul;whitespace,True,
6951,merge,자면,'자면',6,2,ec 9e 90 eb a9 b4,392,356,,hangul,True,
6952,merge, 책임,' 책임',7,3,20 ec b1 85 ec 9e 84,2471,578,contains_whitespace,hangul;whitespace,True,
6953,merge, 한다,' 한다',7,3,20 ed 95 9c eb 8b a4,469,268,contains_whitespace,hangul;whitespace,True,
6954,merge,나무,'나무',6,2,eb 82 98 eb ac b4,320,617,,hangul,True,
6955,merge, 학생,' 학생',7,3,20 ed 95 99 ec 83 9d,2515,592,contains_whitespace,hangul;whitespace,True,
6956,merge,。,'。',3,1,e3 80 82,4511,134,,punct_symbol,True,
6957,merge,롤,'롤',3,1,eb a1 a4,312,168,,hangul,True,
6958,merge, 링,' 링',4,2,20 eb a7 81,323,133,contains_whitespace,hangul;whitespace,True,
6959,merge, ㅠㅠㅠ,' ㅠㅠㅠ',10,4,20 e3 85 a0 e3 85 a0 e3 85 a0,1217,445,contains_whitespace;repeated_run,hangul;whitespace,True,
6960,merge,다 ㅠㅠ,'다 ㅠㅠ',10,4,eb 8b a4 20 e3 85 a0 e3 85 a0,896,594,contains_whitespace,hangul;whitespace,True,
6961,merge,였고,'였고',6,2,ec 98 80 ea b3 a0,641,277,,hangul,True,
6962,merge, 밖에 못,' 밖에 못',11,5,20 eb b0 96 ec 97 90 20 eb aa bb,2282,588,contains_whitespace,hangul;whitespace,True,
6963,merge,,b'\x9c\xa9',2,0,9c a9,160,173,invalid_utf8,invalid_utf8,False,'utf-8' codec can't decode byte 0x9c in position 0: invalid start byte
6964,merge,것도 없,'것도 없',10,4,ea b2 83 eb 8f 84 20 ec 97 86,420,895,contains_whitespace,hangul;whitespace,True,
6965,merge,좋겠,'좋겠',6,2,ec a2 8b ea b2 a0,780,551,,hangul,True,
6966,merge, 무엇인지,' 무엇인지',13,5,20 eb ac b4 ec 97 87 ec 9d b8 ec a7 80,2212,1263,contains_whitespace,hangul;whitespace,True,
6967,merge, 삭,' 삭',4,2,20 ec 82 ad,387,177,contains_whitespace,hangul;whitespace,True,
6968,merge, 때려,' 때려',7,3,20 eb 95 8c eb a0 a4,905,512,contains_whitespace,hangul;whitespace,True,
6969,merge,다\n와,'다\n와',7,3,eb 8b a4 0a ec 99 80,2879,132,contains_whitespace;control_char,control;hangul;whitespace,True,
6970,merge,,b'\xb3\xb8',2,0,b3 b8,183,188,invalid_utf8,invalid_utf8,False,'utf-8' codec can't decode byte 0xb3 in position 0: invalid start byte
6971,merge,인들은,'인들은',9,3,ec 9d b8 eb 93 a4 ec 9d 80,341,917,,hangul,True,
6972,merge, 짜증이,' 짜증이',10,4,20 ec a7 9c ec a6 9d ec 9d b4,1293,267,contains_whitespace,hangul;whitespace,True,
6973,merge,로드,'로드',6,2,eb a1 9c eb 93 9c,325,462,,hangul,True,
6974,merge,받을,'받을',6,2,eb b0 9b ec 9d 84,1285,318,,hangul,True,
6975,merge, 혹은,' 혹은',7,3,20 ed 98 b9 ec 9d 80,3200,313,contains_whitespace,hangul;whitespace,True,
6976,merge,기위해,'기위해',9,3,ea b8 b0 ec 9c 84 ed 95 b4,303,4080,,hangul,True,
6977,merge, 따뜻하고,' 따뜻하고',13,5,20 eb 94 b0 eb 9c bb ed 95 98 ea b3 a0,1815,437,contains_whitespace,hangul;whitespace,True,
6978,merge, 짜증나는,' 짜증나는',13,5,20 ec a7 9c ec a6 9d eb 82 98 eb 8a 94,1293,1258,contains_whitespace,hangul;whitespace,True,
6979,merge,여행,'여행',6,2,ec 97 ac ed 96 89,508,967,,hangul,True,
6980,merge, 있어,' 있어',7,3,20 ec 9e 88 ec 96 b4,431,327,contains_whitespace,hangul;whitespace,True,
6981,merge,묻,'묻',3,1,eb ac bb,515,191,,hangul,True,
6982,merge, 재밌다는,' 재밌다는',13,5,20 ec 9e ac eb b0 8c eb 8b a4 eb 8a 94,521,644,contains_whitespace,hangul;whitespace,True,
6983,merge, 김민,' 김민',7,3,20 ea b9 80 eb af bc,1152,947,contains_whitespace,hangul;whitespace,True,
6984,merge,예술,'예술',6,2,ec 98 88 ec 88 a0,1086,1174,,hangul,True,
6985,merge,만은,'만은',6,2,eb a7 8c ec 9d 80,328,313,,hangul,True,
6986,merge,오브,'오브',6,2,ec 98 a4 eb b8 8c,466,1493,,hangul,True,
6987,merge, 못보겠,' 못보겠',10,4,20 eb aa bb eb b3 b4 ea b2 a0,3272,551,contains_whitespace,hangul;whitespace,True,
6988,merge, 높아서,' 높아서',10,4,20 eb 86 92 ec 95 84 ec 84 9c,1324,1134,contains_whitespace,hangul;whitespace,True,
6989,merge, 아들,' 아들',7,3,20 ec 95 84 eb 93 a4,349,334,contains_whitespace,hangul;whitespace,True,
6990,merge,유.,'유.',4,2,ec 9c a0 2e,664,50,,hangul;punct_symbol,True,
6991,merge,가\n,'가\n',4,2,ea b0 80 0a,290,14,contains_whitespace;control_char,control;hangul;whitespace,True,
6992,merge,한 영화였,'한 영화였',13,5,ed 95 9c 20 ec 98 81 ed 99 94 ec 98 80,725,641,contains_whitespace,hangul;whitespace,True,
6993,merge,성과,'성과',6,2,ec 84 b1 ea b3 bc,500,441,,hangul,True,
6994,merge, 배트맨,' 배트맨',10,4,20 eb b0 b0 ed 8a b8 eb a7 a8,1069,4614,contains_whitespace,hangul;whitespace,True,
6995,merge,.\n진짜,'.\n진짜',8,4,2e 0a ec a7 84 ec a7 9c,311,690,contains_whitespace;control_char,control;hangul;punct_symbol;whitespace,True,
6996,merge, 집착,' 집착',7,3,20 ec a7 91 ec b0 a9,1382,3473,contains_whitespace,hangul;whitespace,True,
6997,merge,작.,'작.',4,2,ec 9e 91 2e,423,50,,hangul;punct_symbol,True,
6998,merge, 해리포터,' 해리포터',13,5,20 ed 95 b4 eb a6 ac ed 8f ac ed 84 b0,753,4907,contains_whitespace,hangul;whitespace,True,
6999,merge, 모르겠지만,' 모르겠지만',16,6,20 eb aa a8 eb a5 b4 ea b2 a0 ec a7 80 eb a7 8c,1268,436,contains_whitespace,hangul;whitespace,True,
7000,merge, 5분,' 5분',5,3,20 35 eb b6 84,1553,546,contains_whitespace,digit;hangul;whitespace,True,
7001,merge, 그만큼,' 그만큼',10,4,20 ea b7 b8 eb a7 8c ed 81 bc,359,1641,contains_whitespace,hangul;whitespace,True,
7002,merge,,b'\xec\x87',2,0,ec 87,240,139,invalid_utf8,invalid_utf8,False,'utf-8' codec can't decode bytes in position 0-1: unexpected end of data
7003,merge, 하나도 안,' 하나도 안',14,6,20 ed 95 98 eb 82 98 eb 8f 84 20 ec 95 88,912,2125,contains_whitespace,hangul;whitespace,True,
7004,merge, 액션물,' 액션물',10,4,20 ec 95 a1 ec 85 98 eb ac bc,936,745,contains_whitespace,hangul;whitespace,True,
7005,merge,으니까,'으니까',9,3,ec 9c bc eb 8b 88 ea b9 8c,378,1302,,hangul,True,
7006,merge,궁금,'궁금',6,2,ea b6 81 ea b8 88,3790,638,,hangul,True,
7007,merge, 멍청한,' 멍청한',10,4,20 eb a9 8d ec b2 ad ed 95 9c,3582,304,contains_whitespace,hangul;whitespace,True,
7008,merge,어버린,'어버린',9,3,ec 96 b4 eb b2 84 eb a6 b0,327,2387,,hangul,True,
7009,merge, 다양한,' 다양한',10,4,20 eb 8b a4 ec 96 91 ed 95 9c,5783,304,contains_whitespace,hangul;whitespace,True,
7010,merge,때문,'때문',6,2,eb 95 8c eb ac b8,574,716,,hangul,True,
7011,merge, 그런거,' 그런거',10,4,20 ea b7 b8 eb 9f b0 ea b1 b0,1110,385,contains_whitespace,hangul;whitespace,True,
7012,merge,일까?,'일까?',7,3,ec 9d bc ea b9 8c 3f,518,2188,,hangul;punct_symbol,True,
7013,merge, 능가,' 능가',7,3,20 eb 8a a5 ea b0 80,2936,290,contains_whitespace,hangul;whitespace,True,
7014,merge,ㅊ,'ㅊ',3,1,e3 85 8a,284,142,,hangul,True,
7015,merge,지훈,'지훈',6,2,ec a7 80 ed 9b 88,286,1297,,hangul,True,
7016,merge,음?,'음?',4,2,ec 9d 8c 3f,370,67,,hangul;punct_symbol,True,
7017,merge,중반,'중반',6,2,ec a4 91 eb b0 98,559,878,,hangul,True,
7018,merge,최고의 영화,'최고의 영화',16,6,ec b5 9c ea b3 a0 ec 9d 98 20 ec 98 81 ed 99 94,1376,830,contains_whitespace,hangul;whitespace,True,
7019,merge,ht,'ht',2,2,68 74,108,120,,english,True,
7020,merge,아오,'아오',6,2,ec 95 84 ec 98 a4,338,466,,hangul,True,
7021,merge,거라,'거라',6,2,ea b1 b0 eb 9d bc,385,330,,hangul,True,
7022,merge, 죽은,' 죽은',7,3,20 ec a3 bd ec 9d 80,932,313,contains_whitespace,hangul;whitespace,True,
7023,merge,역할,'역할',6,2,ec 97 ad ed 95 a0,822,478,,hangul,True,
7024,merge, 것 같은,' 것 같은',11,5,20 ea b2 83 20 ea b0 99 ec 9d 80,661,1195,contains_whitespace,hangul;whitespace,True,
7025,merge, 잘 만든,' 잘 만든',11,5,20 ec 9e 98 20 eb a7 8c eb 93 a0,549,1083,contains_whitespace,hangul;whitespace,True,
7026,merge,데..,'데..',5,3,eb 8d b0 2e 2e,346,266,,hangul;punct_symbol,True,
7027,merge, 시간이 아깝,' 시간이 아깝',17,7,20 ec 8b 9c ea b0 84 ec 9d b4 20 ec 95 84 ea b9 9d,2304,938,contains_whitespace,hangul;whitespace,True,
7028,merge,는 영화...,'는 영화...',13,7,eb 8a 94 20 ec 98 81 ed 99 94 2e 2e 2e,537,373,contains_whitespace;repeated_run,hangul;punct_symbol;whitespace,True,
7029,merge,함에,'함에',6,2,ed 95 a8 ec 97 90,528,300,,hangul,True,
7030,merge, 즐거웠,' 즐거웠',10,4,20 ec a6 90 ea b1 b0 ec 9b a0,2882,1117,contains_whitespace,hangul;whitespace,True,
7031,merge,측,'측',3,1,ec b8 a1,1849,165,,hangul,True,
7032,merge,다\n이거,'다\n이거',10,4,eb 8b a4 0a ec 9d b4 ea b1 b0,402,1400,contains_whitespace;control_char,control;hangul;whitespace,True,
7033,merge,기법,'기법',6,2,ea b8 b0 eb b2 95,303,1823,,hangul,True,
7034,merge, 말아먹,' 말아먹',10,4,20 eb a7 90 ec 95 84 eb a8 b9,597,4094,contains_whitespace,hangul;whitespace,True,
7035,merge,을까..,'을까..',8,4,ec 9d 84 ea b9 8c 2e 2e,1091,266,,hangul;punct_symbol,True,
7036,merge,cg,'cg',2,2,63 67,103,107,,english,True,
7037,merge, 우려,' 우려',7,3,20 ec 9a b0 eb a0 a4,740,512,contains_whitespace,hangul;whitespace,True,
7038,merge, 껐,' 껐',4,2,20 ea bb 90,299,2496,contains_whitespace,hangul;whitespace,True,
7039,merge,사람들은,'사람들은',12,4,ec 82 ac eb 9e 8c eb 93 a4 ec 9d 80,1145,917,,hangul,True,
7040,merge,스럽다.,'스럽다.',10,4,ec 8a a4 eb 9f bd eb 8b a4 2e,1257,369,,hangul;punct_symbol,True,
7041,merge, 보자,' 보자',7,3,20 eb b3 b4 ec 9e 90,357,392,contains_whitespace,hangul;whitespace,True,
7042,merge, 가장한,' 가장한',10,4,20 ea b0 80 ec 9e a5 ed 95 9c,1208,304,contains_whitespace,hangul;whitespace,True,
7043,merge,.. 진짜,'.. 진짜',9,5,2e 2e 20 ec a7 84 ec a7 9c,266,601,contains_whitespace,hangul;punct_symbol;whitespace,True,
7044,merge, 못본,' 못본',7,3,20 eb aa bb eb b3 b8,588,626,contains_whitespace,hangul;whitespace,True,
7045,merge, 하다,' 하다',7,3,20 ed 95 98 eb 8b a4,411,268,contains_whitespace,hangul;whitespace,True,
7046,merge, 망치,' 망치',7,3,20 eb a7 9d ec b9 98,1200,516,contains_whitespace,hangul;whitespace,True,
7047,merge, 애기,' 애기',7,3,20 ec 95 a0 ea b8 b0,762,303,contains_whitespace,hangul;whitespace,True,
7048,merge,이딴,'이딴',6,2,ec 9d b4 eb 94 b4,267,1580,,hangul,True,
7049,merge,가...,'가...',6,4,ea b0 80 2e 2e 2e,290,373,repeated_run,hangul;punct_symbol,True,
7050,merge,,b'\xed\x95\x98\xeb\x8b\xa4\n\xec',8,0,ed 95 98 eb 8b a4 0a ec,289,806,invalid_utf8,invalid_utf8,False,'utf-8' codec can't decode byte 0xec in position 7: unexpected end of data
7051,merge, 현실적인,' 현실적인',13,5,20 ed 98 84 ec 8b a4 ec a0 81 ec 9d b8,1271,724,contains_whitespace,hangul;whitespace,True,
7052,merge, 낫다\n,' 낫다\n',8,4,20 eb 82 ab eb 8b a4 0a,2086,402,contains_whitespace;control_char,control;hangul;whitespace,True,
7053,merge,에대해,'에대해',9,3,ec 97 90 eb 8c 80 ed 95 b4,5814,355,,hangul,True,
7054,merge, 나에게,' 나에게',10,4,20 eb 82 98 ec 97 90 ea b2 8c,408,978,contains_whitespace,hangul;whitespace,True,
7055,merge, 땐,' 땐',4,2,20 eb 95 90,2821,148,contains_whitespace,hangul;whitespace,True,
7056,merge,것같다.,'것같다.',10,4,ea b2 83 ea b0 99 eb 8b a4 2e,1731,369,,hangul;punct_symbol,True,
7057,merge, 생활,' 생활',7,3,20 ec 83 9d ed 99 9c,1292,2365,contains_whitespace,hangul;whitespace,True,
7058,merge, 재밌어,' 재밌어',10,4,20 ec 9e ac eb b0 8c ec 96 b4,521,327,contains_whitespace,hangul;whitespace,True,
7059,merge,씨의,'씨의',6,2,ec 94 a8 ec 9d 98,998,310,,hangul,True,
7060,merge, 폐지,' 폐지',7,3,20 ed 8f 90 ec a7 80,4311,286,contains_whitespace,hangul;whitespace,True,
7061,merge, 잘 어울,' 잘 어울',11,5,20 ec 9e 98 20 ec 96 b4 ec 9a b8,549,2738,contains_whitespace,hangul;whitespace,True,
7062,merge,괜찮은,'괜찮은',9,3,ea b4 9c ec b0 ae ec 9d 80,2547,313,,hangul,True,
7063,merge,얼마나,'얼마나',9,3,ec 96 bc eb a7 88 eb 82 98,1498,1778,,hangul,True,
7064,merge,만다,'만다',6,2,eb a7 8c eb 8b a4,328,268,,hangul,True,
7065,merge,짱\n,'짱\n',4,2,ec a7 b1 0a,1213,14,contains_whitespace;control_char,control;hangul;whitespace,True,
7066,merge,분들은,'분들은',9,3,eb b6 84 eb 93 a4 ec 9d 80,546,917,,hangul,True,
7067,merge,존나,'존나',6,2,ec a1 b4 eb 82 98,1892,320,,hangul,True,
7068,merge, 틈,' 틈',4,2,20 ed 8b 88,1392,140,contains_whitespace,hangul;whitespace,True,
7069,merge,기다,'기다',6,2,ea b8 b0 eb 8b a4,303,268,,hangul,True,
7070,merge,어요...,'어요...',9,5,ec 96 b4 ec 9a 94 2e 2e 2e,540,373,repeated_run,hangul;punct_symbol,True,
7071,merge, 안타까운,' 안타까운',13,5,20 ec 95 88 ed 83 80 ea b9 8c ec 9a b4,3096,492,contains_whitespace,hangul;whitespace,True,
7072,merge, 아니다.\n,' 아니다.\n',12,6,20 ec 95 84 eb 8b 88 eb 8b a4 2e 0a,770,388,contains_whitespace;control_char,control;hangul;punct_symbol;whitespace,True,
7073,merge,라의,'라의',6,2,eb 9d bc ec 9d 98,330,310,,hangul,True,
7074,merge,엠,'엠',3,1,ec 97 a0,270,164,,hangul,True,
7075,merge, 옛,' 옛',4,2,20 ec 98 9b,456,159,contains_whitespace,hangul;whitespace,True,
7076,merge, 떨어지고,' 떨어지고',13,5,20 eb 96 a8 ec 96 b4 ec a7 80 ea b3 a0,1456,1347,contains_whitespace,hangul;whitespace,True,
7077,merge,유리,'유리',6,2,ec 9c a0 eb a6 ac,664,332,,hangul,True,
7078,merge,덕화,'덕화',6,2,eb 8d 95 ed 99 94,1858,279,,hangul,True,
7079,merge,vd,'vd',2,2,76 64,122,104,,english,True,
7080,merge,같고,'같고',6,2,ea b0 99 ea b3 a0,569,277,,hangul,True,
7081,merge,율이,'율이',6,2,ec 9c a8 ec 9d b4,342,2192,,hangul,True,
7082,merge, 스페,' 스페',7,3,20 ec 8a a4 ed 8e 98,494,2268,contains_whitespace,hangul;whitespace,True,
7083,merge,그닥,'그닥',6,2,ea b7 b8 eb 8b a5,460,1974,,hangul,True,
7084,merge,,b'\xa9\x98',2,0,a9 98,173,156,invalid_utf8,invalid_utf8,False,'utf-8' codec can't decode byte 0xa9 in position 0: invalid start byte
7085,merge, 부분이,' 부분이',10,4,20 eb b6 80 eb b6 84 ec 9d b4,1855,267,contains_whitespace,hangul;whitespace,True,
7086,merge,뢰매,'뢰매',6,2,eb a2 b0 eb a7 a4,4447,1081,,hangul,True,
7087,merge, 이건뭐,' 이건뭐',10,4,20 ec 9d b4 ea b1 b4 eb ad 90,1022,1112,contains_whitespace,hangul;whitespace,True,
7088,merge,간의,'간의',6,2,ea b0 84 ec 9d 98,442,310,,hangul,True,
7089,merge,놀드,'놀드',6,2,eb 86 80 eb 93 9c,2355,462,,hangul,True,
7090,merge, 음악도,' 음악도',10,4,20 ec 9d 8c ec 95 85 eb 8f 84,1455,296,contains_whitespace,hangul;whitespace,True,
7091,merge, 추격,' 추격',7,3,20 ec b6 94 ea b2 a9,911,1102,contains_whitespace,hangul;whitespace,True,
7092,merge,드신,'드신',6,2,eb 93 9c ec 8b a0,462,545,,hangul,True,
7093,merge, 미쳤,' 미쳤',7,3,20 eb af b8 ec b3 a4,672,2459,contains_whitespace,hangul;whitespace,True,
7094,merge, 소개,' 소개',7,3,20 ec 86 8c ea b0 9c,658,577,contains_whitespace,hangul;whitespace,True,
7095,merge,\n돈,'\n돈',4,2,0a eb 8f 88,14,1514,contains_whitespace;control_char,control;hangul;whitespace,True,
7096,merge, 연기하는,' 연기하는',13,5,20 ec 97 b0 ea b8 b0 ed 95 98 eb 8a 94,527,504,contains_whitespace,hangul;whitespace,True,
7097,merge, 최강,' 최강',7,3,20 ec b5 9c ea b0 95,493,1164,contains_whitespace,hangul;whitespace,True,
7098,merge, 짜증만,' 짜증만',10,4,20 ec a7 9c ec a6 9d eb a7 8c,1293,328,contains_whitespace,hangul;whitespace,True,
7099,merge,지 않는다.\n,'지 않는다.\n',15,7,ec a7 80 20 ec 95 8a eb 8a 94 eb 8b a4 2e 0a,1476,388,contains_whitespace;control_char,control;hangul;punct_symbol;whitespace,True,
7100,merge,미네,'미네',6,2,eb af b8 eb 84 a4,497,379,,hangul,True,
7101,merge,라가,'라가',6,2,eb 9d bc ea b0 80,330,290,,hangul,True,
7102,merge,의 힘,'의 힘',7,3,ec 9d 98 20 ed 9e 98,310,1157,contains_whitespace,hangul;whitespace,True,
7103,merge,언니,'언니',6,2,ec 96 b8 eb 8b 88,1366,336,,hangul,True,
7104,merge, 현실적이,' 현실적이',13,5,20 ed 98 84 ec 8b a4 ec a0 81 ec 9d b4,1271,817,contains_whitespace,hangul;whitespace,True,
7105,merge,래드,'래드',6,2,eb 9e 98 eb 93 9c,525,462,,hangul,True,
7106,merge,수없는,'수없는',9,3,ec 88 98 ec 97 86 eb 8a 94,415,933,,hangul,True,
7107,merge,데미,'데미',6,2,eb 8d b0 eb af b8,346,497,,hangul,True,
7108,merge,\n하,'\n하',4,2,0a ed 95 98,14,289,contains_whitespace;control_char,control;hangul;whitespace,True,
7109,merge,핀,'핀',3,1,ed 95 80,264,132,,hangul,True,
7110,merge,순수,'순수',6,2,ec 88 9c ec 88 98,1204,415,,hangul,True,
7111,merge,를 못,'를 못',7,3,eb a5 bc 20 eb aa bb,382,588,contains_whitespace,hangul;whitespace,True,
7112,merge, 빵빵,' 빵빵',7,3,20 eb b9 b5 eb b9 b5,2954,2856,contains_whitespace,hangul;whitespace,True,
7113,merge,에이,'에이',6,2,ec 97 90 ec 9d b4,300,267,,hangul,True,
7114,merge,재를,'재를',6,2,ec 9e ac eb a5 bc,476,829,,hangul,True,
7115,merge,했네요,'했네요',9,3,ed 96 88 eb 84 a4 ec 9a 94,418,1755,,hangul,True,
7116,merge,돌이,'돌이',6,2,eb 8f 8c ec 9d b4,281,922,,hangul,True,
7117,merge,그러나,'그러나',9,3,ea b7 b8 eb 9f ac eb 82 98,2641,320,,hangul,True,
7118,merge, 휘,' 휘',4,2,20 ed 9c 98,297,3782,contains_whitespace,hangul;whitespace,True,
7119,merge,ㅠㅠㅠㅠㅠㅠㅠㅠㅠㅠㅠㅠㅠㅠㅠㅠ,'ㅠㅠㅠㅠㅠㅠㅠㅠㅠㅠㅠㅠㅠㅠㅠㅠ',48,16,e3 85 a0 e3 85 a0 e3 85 a0 e3 85 a0 e3 85 a0 e3 85 a0 e3 85 a0 e3 85 a0 e3 85 a0 e3 85 a0 e3 85 a0 e3 85 a0 e3 85 a0 e3 85 a0 e3 85 a0 e3 85 a0,3594,3594,long_bytes;long_chars;repeated_run,hangul,True,
7120,merge,dddd,'dddd',4,4,64 64 64 64,3898,3898,repeated_run,english,True,
7121,merge, 정확,' 정확',7,3,20 ec a0 95 ed 99 95,430,2654,contains_whitespace,hangul;whitespace,True,
7122,merge, 빠른,' 빠른',7,3,20 eb b9 a0 eb a5 b8,1251,792,contains_whitespace,hangul;whitespace,True,
7123,merge,다\n이런,'다\n이런',10,4,eb 8b a4 0a ec 9d b4 eb 9f b0,402,1230,contains_whitespace;control_char,control;hangul;whitespace,True,
7124,merge,ㅋㅋㅋㅋㅋ\n,'ㅋㅋㅋㅋㅋ\n',16,6,e3 85 8b e3 85 8b e3 85 8b e3 85 8b e3 85 8b 0a,584,893,contains_whitespace;control_char;repeated_run,control;hangul;whitespace,True,
7125,merge,미치,'미치',6,2,eb af b8 ec b9 98,497,516,,hangul,True,
7126,merge,느니,'느니',6,2,eb 8a 90 eb 8b 88,981,336,,hangul,True,
7127,merge,. 아,'. 아',5,3,2e 20 ec 95 84,50,349,contains_whitespace,hangul;punct_symbol;whitespace,True,
7128,merge, 킬링타임,' 킬링타임',13,5,20 ed 82 ac eb a7 81 ed 83 80 ec 9e 84,1500,1889,contains_whitespace,hangul;whitespace,True,
7129,merge, 가진,' 가진',7,3,20 ea b0 80 ec a7 84,485,422,contains_whitespace,hangul;whitespace,True,
7130,merge, 영화냐,' 영화냐',10,4,20 ec 98 81 ed 99 94 eb 83 90,305,719,contains_whitespace,hangul;whitespace,True,
7131,merge, 인디,' 인디',7,3,20 ec 9d b8 eb 94 94,580,608,contains_whitespace,hangul;whitespace,True,
7132,merge, 시대에,' 시대에',10,4,20 ec 8b 9c eb 8c 80 ec 97 90,2246,300,contains_whitespace,hangul;whitespace,True,
7133,merge, 즐길,' 즐길',7,3,20 ec a6 90 ea b8 b8,1543,782,contains_whitespace,hangul;whitespace,True,
7134,merge,미안,'미안',6,2,eb af b8 ec 95 88,497,699,,hangul,True,
7135,merge,거리는,'거리는',9,3,ea b1 b0 eb a6 ac eb 8a 94,385,1169,,hangul,True,
7136,merge, ㅉㅉ\n,' ㅉㅉ\n',8,4,20 e3 85 89 e3 85 89 0a,3005,14,contains_whitespace;control_char,control;hangul;whitespace,True,
7137,merge,.0,'.0',2,2,2e 30,50,52,,digit;punct_symbol,True,
7138,merge, 부끄,' 부끄',7,3,20 eb b6 80 eb 81 84,705,2424,contains_whitespace,hangul;whitespace,True,
7139,merge,.\n영화,'.\n영화',8,4,2e 0a ec 98 81 ed 99 94,311,367,contains_whitespace;control_char,control;hangul;punct_symbol;whitespace,True,
7140,merge, 멈,' 멈',4,2,20 eb a9 88,674,140,contains_whitespace,hangul;whitespace,True,
7141,merge,아~,'아~',4,2,ec 95 84 7e,338,130,,hangul;punct_symbol,True,
7142,merge,린다.,'린다.',7,3,eb a6 b0 eb 8b a4 2e,757,369,,hangul;punct_symbol,True,
7143,merge,으신,'으신',6,2,ec 9c bc ec 8b a0,378,545,,hangul,True,
7144,merge, 마지막 장면,' 마지막 장면',17,7,20 eb a7 88 ec a7 80 eb a7 89 20 ec 9e a5 eb a9 b4,983,1008,contains_whitespace,hangul;whitespace,True,
7145,merge,으면서도,'으면서도',12,4,ec 9c bc eb a9 b4 ec 84 9c eb 8f 84,2443,296,,hangul,True,
7146,merge, 가슴을,' 가슴을',10,4,20 ea b0 80 ec 8a b4 ec 9d 84,1367,318,contains_whitespace,hangul;whitespace,True,
7147,merge, 우리의,' 우리의',10,4,20 ec 9a b0 eb a6 ac ec 9d 98,1329,310,contains_whitespace,hangul;whitespace,True,
7148,merge, 갠,' 갠',4,2,20 ea b0 a0,344,164,contains_whitespace,hangul;whitespace,True,
7149,merge,정쩡,'정쩡',6,2,ec a0 95 ec a9 a1,395,5583,,hangul,True,
7150,merge, 최고!\n,' 최고!\n',9,5,20 ec b5 9c ea b3 a0 21 0a,599,582,contains_whitespace;control_char,control;hangul;punct_symbol;whitespace,True,
7151,merge, 봐줄,' 봐줄',7,3,20 eb b4 90 ec a4 84,816,840,contains_whitespace,hangul;whitespace,True,
7152,merge, 진지하게,' 진지하게',13,5,20 ec a7 84 ec a7 80 ed 95 98 ea b2 8c,3288,621,contains_whitespace,hangul;whitespace,True,
7153,merge,쩜,'쩜',3,1,ec a9 9c,1267,160,,hangul,True,
7154,merge,발연기,'발연기',9,3,eb b0 9c ec 97 b0 ea b8 b0,867,874,,hangul,True,
7155,merge,저런,'저런',6,2,ec a0 80 eb 9f b0,667,451,,hangul,True,
7156,merge, 어디로,' 어디로',10,4,20 ec 96 b4 eb 94 94 eb a1 9c,1657,325,contains_whitespace,hangul;whitespace,True,
7157,merge,진실,'진실',6,2,ec a7 84 ec 8b a4,422,604,,hangul,True,
7158,merge,을 가지고,'을 가지고',13,5,ec 9d 84 20 ea b0 80 ec a7 80 ea b3 a0,2764,1347,contains_whitespace,hangul;whitespace,True,
7159,merge,에서 봤는데,'에서 봤는데',16,6,ec 97 90 ec 84 9c 20 eb b4 a4 eb 8a 94 eb 8d b0,463,841,contains_whitespace,hangul;whitespace,True,
7160,merge, 하시,' 하시',7,3,20 ed 95 98 ec 8b 9c,411,365,contains_whitespace,hangul;whitespace,True,
7161,merge, 픽,' 픽',4,2,20 ed 94 bd,902,193,contains_whitespace,hangul;whitespace,True,
7162,merge,지못할,'지못할',9,3,ec a7 80 eb aa bb ed 95 a0,2848,478,,hangul,True,
7163,merge,패스,'패스',6,2,ed 8c a8 ec 8a a4,1688,371,,hangul,True,
7164,merge,죽는,'죽는',6,2,ec a3 bd eb 8a 94,1526,272,,hangul,True,
7165,merge, 인상적인,' 인상적인',13,5,20 ec 9d b8 ec 83 81 ec a0 81 ec 9d b8,1853,724,contains_whitespace,hangul;whitespace,True,
7166,merge, 소중한,' 소중한',10,4,20 ec 86 8c ec a4 91 ed 95 9c,2981,304,contains_whitespace,hangul;whitespace,True,
7167,merge,는데도,'는데도',9,3,eb 8a 94 eb 8d b0 eb 8f 84,393,296,,hangul,True,
7168,merge, 버리고,' 버리고',10,4,20 eb b2 84 eb a6 ac ea b3 a0,1464,739,contains_whitespace,hangul;whitespace,True,
7169,merge, 역겨운,' 역겨운',10,4,20 ec 97 ad ea b2 a8 ec 9a b4,4579,492,contains_whitespace,hangul;whitespace,True,
7170,merge,\n코미디,'\n코미디',10,4,0a ec bd 94 eb af b8 eb 94 94,3552,1201,contains_whitespace;control_char,control;hangul;whitespace,True,
7171,merge,\n죽,'\n죽',4,2,0a ec a3 bd,353,751,contains_whitespace;control_char,control;hangul;whitespace,True,
7172,merge,,b'\xac\xeb\xa0\x88\xeb\x94',6,0,ac eb a0 88 eb 94,1408,2027,invalid_utf8,invalid_utf8,False,'utf-8' codec can't decode byte 0xac in position 0: invalid start byte
7173,merge,,b'\xac\xeb\xa0\x88\xeb\x94\xa7',7,0,ac eb a0 88 eb 94 a7,7172,171,invalid_utf8,invalid_utf8,False,'utf-8' codec can't decode byte 0xac in position 0: invalid start byte
7174,merge,\n외,'\n외',4,2,0a ec 99 b8,944,188,contains_whitespace;control_char,control;hangul;whitespace,True,
7175,merge, 봤는데 진짜,' 봤는데 진짜',17,7,20 eb b4 a4 eb 8a 94 eb 8d b0 20 ec a7 84 ec a7 9c,841,601,contains_whitespace,hangul;whitespace,True,
7176,merge,,b'\xec\x8c',2,0,ec 8c,240,144,invalid_utf8,invalid_utf8,False,'utf-8' codec can't decode bytes in position 0-1: unexpected end of data
7177,merge,탕으로,'탕으로',9,3,ed 83 95 ec 9c bc eb a1 9c,2684,432,,hangul,True,
7178,merge, 첩보,' 첩보',7,3,20 ec b2 a9 eb b3 b4,5894,374,contains_whitespace,hangul;whitespace,True,
7179,merge,재밌어,'재밌어',9,3,ec 9e ac eb b0 8c ec 96 b4,783,327,,hangul,True,
7180,merge, 자체는,' 자체는',10,4,20 ec 9e 90 ec b2 b4 eb 8a 94,1619,272,contains_whitespace,hangul;whitespace,True,
7181,merge, 착각,' 착각',7,3,20 ec b0 a9 ea b0 81,3099,498,contains_whitespace,hangul;whitespace,True,
7182,merge,의 일,'의 일',7,3,ec 9d 98 20 ec 9d bc,310,701,contains_whitespace,hangul;whitespace,True,
7183,merge, 머리가,' 머리가',10,4,20 eb a8 b8 eb a6 ac ea b0 80,1482,1506,contains_whitespace,hangul;whitespace,True,
7184,merge,하지 말,'하지 말',10,4,ed 95 98 ec a7 80 20 eb a7 90,1144,597,contains_whitespace,hangul;whitespace,True,
7185,merge, 재밋게,' 재밋게',10,4,20 ec 9e ac eb b0 8b ea b2 8c,1722,319,contains_whitespace,hangul;whitespace,True,
7186,merge, 잔인한,' 잔인한',10,4,20 ec 9e 94 ec 9d b8 ed 95 9c,2477,304,contains_whitespace,hangul;whitespace,True,
7187,merge,마랑,'마랑',6,2,eb a7 88 eb 9e 91,834,4356,,hangul,True,
7188,merge,,b'\x84\xa4\xec\x9a\x94',5,0,84 a4 ec 9a 94,865,326,invalid_utf8,invalid_utf8,False,'utf-8' codec can't decode byte 0x84 in position 0: invalid start byte
7189,merge,라고 말,'라고 말',10,4,eb 9d bc ea b3 a0 20 eb a7 90,873,597,contains_whitespace,hangul;whitespace,True,
7190,merge,을정도로,'을정도로',12,4,ec 9d 84 ec a0 95 eb 8f 84 eb a1 9c,318,2395,,hangul,True,
7191,merge,도로,'도로',6,2,eb 8f 84 eb a1 9c,296,325,,hangul,True,
7192,merge,돌려,'돌려',6,2,eb 8f 8c eb a0 a4,1597,512,,hangul,True,
7193,merge,크로,'크로',6,2,ed 81 ac eb a1 9c,2778,702,,hangul,True,
7194,merge, 유쾌하고,' 유쾌하고',13,5,20 ec 9c a0 ec be 8c ed 95 98 ea b3 a0,2216,437,contains_whitespace,hangul;whitespace,True,
7195,merge,석이,'석이',6,2,ec 84 9d ec 9d b4,1472,267,,hangul,True,
7196,merge,사와,'사와',6,2,ec 82 ac ec 99 80,544,509,,hangul,True,
7197,merge,가 있는,'가 있는',10,4,ea b0 80 20 ec 9e 88 eb 8a 94,290,1178,contains_whitespace,hangul;whitespace,True,
7198,merge, 답답하고,' 답답하고',13,5,20 eb 8b b5 eb 8b b5 ed 95 98 ea b3 a0,1930,437,contains_whitespace,hangul;whitespace,True,
7199,merge,마리,'마리',6,2,eb a7 88 eb a6 ac,400,332,,hangul,True,
7200,merge,리는 영화,'리는 영화',13,5,eb a6 ac eb 8a 94 20 ec 98 81 ed 99 94,332,537,contains_whitespace,hangul;whitespace,True,
7201,merge,그만,'그만',6,2,ea b7 b8 eb a7 8c,460,328,,hangul,True,
7202,merge, 먹는,' 먹는',7,3,20 eb a8 b9 eb 8a 94,1480,272,contains_whitespace,hangul;whitespace,True,
7203,merge,무시,'무시',6,2,eb ac b4 ec 8b 9c,617,365,,hangul,True,
7204,merge, 짜임새,' 짜임새',10,4,20 ec a7 9c ec 9e 84 ec 83 88,1031,6073,contains_whitespace,hangul;whitespace,True,
7205,merge, 했으면,' 했으면',10,4,20 ed 96 88 ec 9c bc eb a9 b4,1002,826,contains_whitespace,hangul;whitespace,True,
7206,merge,군.\n,'군.\n',5,3,ea b5 b0 2e 0a,856,311,contains_whitespace;control_char,control;hangul;punct_symbol;whitespace,True,
7207,merge, 재밌다.,' 재밌다.',11,5,20 ec 9e ac eb b0 8c eb 8b a4 2e,521,369,contains_whitespace,hangul;punct_symbol;whitespace,True,
7208,merge,위에,'위에',6,2,ec 9c 84 ec 97 90,835,300,,hangul,True,
7209,merge,하지 못한,'하지 못한',13,5,ed 95 98 ec a7 80 20 eb aa bb ed 95 9c,1144,2947,contains_whitespace,hangul;whitespace,True,
7210,merge, 친구들,' 친구들',10,4,20 ec b9 9c ea b5 ac eb 93 a4,1734,4602,contains_whitespace,hangul;whitespace,True,
7211,merge,릇,'릇',3,1,eb a6 87,301,139,,hangul,True,
7212,merge,\n다,'\n다',4,2,0a eb 8b a4,14,268,contains_whitespace;control_char,control;hangul;whitespace,True,
7213,merge, 영화지만,' 영화지만',13,5,20 ec 98 81 ed 99 94 ec a7 80 eb a7 8c,305,436,contains_whitespace,hangul;whitespace,True,
7214,merge, 현실성,' 현실성',10,4,20 ed 98 84 ec 8b a4 ec 84 b1,1271,500,contains_whitespace,hangul;whitespace,True,
7215,merge, 더 좋았,' 더 좋았',11,5,20 eb 8d 94 20 ec a2 8b ec 95 98,566,860,contains_whitespace,hangul;whitespace,True,
7216,merge,국민,'국민',6,2,ea b5 ad eb af bc,538,947,,hangul,True,
7217,merge,틈,'틈',3,1,ed 8b 88,743,140,,hangul,True,
7218,merge,주기도,'주기도',9,3,ec a3 bc ea b8 b0 eb 8f 84,428,1487,,hangul,True,
7219,merge, 높아,' 높아',7,3,20 eb 86 92 ec 95 84,1324,338,contains_whitespace,hangul;whitespace,True,
7220,merge,를 본,'를 본',7,3,eb a5 bc 20 eb b3 b8,382,619,contains_whitespace,hangul;whitespace,True,
7221,merge,통령,'통령',6,2,ed 86 b5 eb a0 b9,1336,2878,,hangul,True,
7222,merge,\n원작을,'\n원작을',10,4,0a ec 9b 90 ec 9e 91 ec 9d 84,2917,318,contains_whitespace;control_char,control;hangul;whitespace,True,
7223,merge, 잼있게,' 잼있게',10,4,20 ec 9e bc ec 9e 88 ea b2 8c,1709,319,contains_whitespace,hangul;whitespace,True,
7224,merge,...진짜,'...진짜',9,5,2e 2e 2e ec a7 84 ec a7 9c,373,690,repeated_run,hangul;punct_symbol,True,
7225,merge, 비현실,' 비현실',10,4,20 eb b9 84 ed 98 84 ec 8b a4,682,2106,contains_whitespace,hangul;whitespace,True,
7226,merge,게하는,'게하는',9,3,ea b2 8c ed 95 98 eb 8a 94,319,504,,hangul,True,
7227,merge, 콩,' 콩',4,2,20 ec bd a9,2900,173,contains_whitespace,hangul;whitespace,True,
7228,merge,,b'\xb0\x94',2,0,b0 94,180,152,invalid_utf8,invalid_utf8,False,'utf-8' codec can't decode byte 0xb0 in position 0: invalid start byte
7229,merge,\n영화관에서,'\n영화관에서',16,6,0a ec 98 81 ed 99 94 ea b4 80 ec 97 90 ec 84 9c,1061,2142,contains_whitespace;control_char,control;hangul;whitespace,True,
7230,merge, 나을듯,' 나을듯',10,4,20 eb 82 98 ec 9d 84 eb 93 af,408,1997,contains_whitespace,hangul;whitespace,True,
7231,merge, 남자주인공,' 남자주인공',16,6,20 eb 82 a8 ec 9e 90 ec a3 bc ec 9d b8 ea b3 b5,1362,1405,contains_whitespace,hangul;whitespace,True,
7232,merge,세상에,'세상에',9,3,ec 84 b8 ec 83 81 ec 97 90,2980,300,,hangul,True,
7233,merge, 하는게,' 하는게',10,4,20 ed 95 98 eb 8a 94 ea b2 8c,1124,319,contains_whitespace,hangul;whitespace,True,
7234,merge, 당신은,' 당신은',10,4,20 eb 8b b9 ec 8b a0 ec 9d 80,3391,313,contains_whitespace,hangul;whitespace,True,
7235,merge,더라.,'더라.',7,3,eb 8d 94 eb 9d bc 2e,1385,50,,hangul;punct_symbol,True,
7236,merge,네~,'네~',4,2,eb 84 a4 7e,379,130,,hangul;punct_symbol,True,
7237,merge,명을,'명을',6,2,eb aa 85 ec 9d 84,713,318,,hangul,True,
7238,merge, 임팩,' 임팩',7,3,20 ec 9e 84 ed 8c a9,2373,5002,contains_whitespace,hangul;whitespace,True,
7239,merge, 러시아,' 러시아',10,4,20 eb 9f ac ec 8b 9c ec 95 84,2866,4003,contains_whitespace,hangul;whitespace,True,
7240,merge, 로망,' 로망',7,3,20 eb a1 9c eb a7 9d,1085,727,contains_whitespace,hangul;whitespace,True,
7241,merge, 추리,' 추리',7,3,20 ec b6 94 eb a6 ac,911,332,contains_whitespace,hangul;whitespace,True,
7242,merge, 여자들,' 여자들',10,4,20 ec 97 ac ec 9e 90 eb 93 a4,1149,334,contains_whitespace,hangul;whitespace,True,
7243,merge, 똘,' 똘',4,2,20 eb 98 98,795,156,contains_whitespace,hangul;whitespace,True,
7244,merge,여자가,'여자가',9,3,ec 97 ac ec 9e 90 ea b0 80,1726,290,,hangul,True,
7245,merge, 마음으로,' 마음으로',13,5,20 eb a7 88 ec 9d 8c ec 9c bc eb a1 9c,1224,432,contains_whitespace,hangul;whitespace,True,
7246,merge, 던져,' 던져',7,3,20 eb 8d 98 ec a0 b8,4128,952,contains_whitespace,hangul;whitespace,True,
7247,merge, 다시금,' 다시금',10,4,20 eb 8b a4 ec 8b 9c ea b8 88,828,638,contains_whitespace,hangul;whitespace,True,
7248,merge,발로,'발로',6,2,eb b0 9c eb a1 9c,867,325,,hangul,True,
7249,merge,인거 같,'인거 같',10,4,ec 9d b8 ea b1 b0 20 ea b0 99,341,2131,contains_whitespace,hangul;whitespace,True,
7250,merge,이 될,'이 될',7,3,ec 9d b4 20 eb 90 a0,267,1695,contains_whitespace,hangul;whitespace,True,
7251,merge, 하나하나가,' 하나하나가',16,6,20 ed 95 98 eb 82 98 ed 95 98 eb 82 98 ea b0 80,4309,290,contains_whitespace,hangul;whitespace,True,
7252,merge,마음에,'마음에',9,3,eb a7 88 ec 9d 8c ec 97 90,2760,300,,hangul,True,
7253,merge, 풋,' 풋',4,2,20 ed 92 8b,1449,143,contains_whitespace,hangul;whitespace,True,
7254,merge, 못하고,' 못하고',10,4,20 eb aa bb ed 95 98 ea b3 a0,588,437,contains_whitespace,hangul;whitespace,True,
7255,merge, 최초,' 최초',7,3,20 ec b5 9c ec b4 88,493,1920,contains_whitespace,hangul;whitespace,True,
7256,merge, 로코,' 로코',7,3,20 eb a1 9c ec bd 94,1085,985,contains_whitespace,hangul;whitespace,True,
7257,merge, 재개봉,' 재개봉',10,4,20 ec 9e ac ea b0 9c eb b4 89,1528,2769,contains_whitespace,hangul;whitespace,True,
7258,merge,탑,'탑',3,1,ed 83 91,457,149,,hangul,True,
7259,merge, 레알,' 레알',7,3,20 eb a0 88 ec 95 8c,1830,1073,contains_whitespace,hangul;whitespace,True,
7260,merge,이크,'이크',6,2,ec 9d b4 ed 81 ac,267,1219,,hangul,True,
7261,merge,-^,'-^',2,2,2d 5e,49,98,,punct_symbol,True,
7262,merge,,b'\xeb\x8b\xac\xeb',4,0,eb 8b ac eb,263,294,invalid_utf8,invalid_utf8,False,'utf-8' codec can't decode byte 0xeb in position 3: unexpected end of data
7263,merge,인줄알,'인줄알',9,3,ec 9d b8 ec a4 84 ec 95 8c,2812,1073,,hangul,True,
7264,merge,기도 하,'기도 하',10,4,ea b8 b0 eb 8f 84 20 ed 95 98,1487,411,contains_whitespace,hangul;whitespace,True,
7265,merge,기에는,'기에는',9,3,ea b8 b0 ec 97 90 eb 8a 94,303,1371,,hangul,True,
7266,merge,절로,'절로',6,2,ec a0 88 eb a1 9c,278,1690,,hangul,True,
7267,merge, 유일하게,' 유일하게',13,5,20 ec 9c a0 ec 9d bc ed 95 98 ea b2 8c,4111,621,contains_whitespace,hangul;whitespace,True,
7268,merge,고생,'고생',6,2,ea b3 a0 ec 83 9d,277,592,,hangul,True,
7269,merge, 울면서,' 울면서',10,4,20 ec 9a b8 eb a9 b4 ec 84 9c,1094,694,contains_whitespace,hangul;whitespace,True,
7270,merge,자들의,'자들의',9,3,ec 9e 90 eb 93 a4 ec 9d 98,392,886,,hangul,True,
7271,merge, 왤케,' 왤케',7,3,20 ec 99 a4 ec bc 80,6112,1375,contains_whitespace,hangul;whitespace,True,
7272,merge, 한국인,' 한국인',10,4,20 ed 95 9c ea b5 ad ec 9d b8,1024,341,contains_whitespace,hangul;whitespace,True,
7273,merge,임..,'임..',5,3,ec 9e 84 2e 2e,578,266,,hangul;punct_symbol,True,
7274,merge, 아니잖아,' 아니잖아',13,5,20 ec 95 84 eb 8b 88 ec 9e 96 ec 95 84,770,2574,contains_whitespace,hangul;whitespace,True,
7275,merge,전형적인,'전형적인',12,4,ec a0 84 ed 98 95 ec a0 81 ec 9d b8,434,3417,,hangul,True,
7276,merge,,b'\xa5\xeb\xaf\xb8',4,0,a5 eb af b8,169,497,invalid_utf8,invalid_utf8,False,'utf-8' codec can't decode byte 0xa5 in position 0: invalid start byte
7277,merge,움\n,'움\n',4,2,ec 9b 80 0a,894,14,contains_whitespace;control_char,control;hangul;whitespace,True,
7278,merge,이를,'이를',6,2,ec 9d b4 eb a5 bc,267,382,,hangul,True,
7279,merge,이건뭐,'이건뭐',9,3,ec 9d b4 ea b1 b4 eb ad 90,1618,1112,,hangul,True,
7280,merge,거 같은데,'거 같은데',13,5,ea b1 b0 20 ea b0 99 ec 9d 80 eb 8d b0,385,2578,contains_whitespace,hangul;whitespace,True,
7281,merge,의 시작,'의 시작',10,4,ec 9d 98 20 ec 8b 9c ec 9e 91,310,1783,contains_whitespace,hangul;whitespace,True,
7282,merge,준거,'준거',6,2,ec a4 80 ea b1 b0,657,385,,hangul,True,
7283,merge, 대화,' 대화',7,3,20 eb 8c 80 ed 99 94,513,279,contains_whitespace,hangul;whitespace,True,
7284,merge,준다\n,'준다\n',7,3,ec a4 80 eb 8b a4 0a,657,402,contains_whitespace;control_char,control;hangul;whitespace,True,
7285,merge,사로,'사로',6,2,ec 82 ac eb a1 9c,1319,702,,hangul,True,
7286,merge,여버,'여버',6,2,ec 97 ac eb b2 84,1746,3618,,hangul,True,
7287,merge,\n사람,'\n사람',7,3,0a ec 82 ac eb 9e 8c,1453,5296,contains_whitespace;control_char,control;hangul;whitespace,True,
7288,merge, 어지,' 어지',7,3,20 ec 96 b4 ec a7 80,455,286,contains_whitespace,hangul;whitespace,True,
7289,merge,000,'000',3,3,30 30 30,1070,52,repeated_run,digit,True,
7290,merge,드먼,'드먼',6,2,eb 93 9c eb a8 bc,462,2366,,hangul,True,
7291,merge, 놓고,' 놓고',7,3,20 eb 86 93 ea b3 a0,2439,277,contains_whitespace,hangul;whitespace,True,
7292,merge, 잔혹,' 잔혹',7,3,20 ec 9e 94 ed 98 b9,1264,2204,contains_whitespace,hangul;whitespace,True,
7293,merge, 수작.,' 수작.',8,4,20 ec 88 98 ec 9e 91 2e,1809,50,contains_whitespace,hangul;punct_symbol;whitespace,True,
7294,merge,도 있지만,'도 있지만',13,5,eb 8f 84 20 ec 9e 88 ec a7 80 eb a7 8c,1325,436,contains_whitespace,hangul;whitespace,True,
7295,merge,,b'\n\xec\xbb',3,0,0a ec bb,353,191,invalid_utf8,invalid_utf8,False,'utf-8' codec can't decode bytes in position 1-2: unexpected end of data
7296,merge,90년대,'90년대',8,4,39 30 eb 85 84 eb 8c 80,61,1753,,digit;hangul,True,
7297,merge,\n일본,'\n일본',7,3,0a ec 9d bc eb b3 b8,14,1883,contains_whitespace;control_char,control;hangul;whitespace,True,
7298,merge, 처음엔,' 처음엔',10,4,20 ec b2 98 ec 9d 8c ec 97 94,987,876,contains_whitespace,hangul;whitespace,True,
7299,merge,==,'==',2,2,3d 3d,65,65,,punct_symbol,True,
7300,merge,\n별로,'\n별로',7,3,0a eb b3 84 eb a1 9c,14,1624,contains_whitespace;control_char,control;hangul;whitespace,True,
7301,merge,영화였,'영화였',9,3,ec 98 81 ed 99 94 ec 98 80,367,641,,hangul,True,
7302,merge, 안에,' 안에',7,3,20 ec 95 88 ec 97 90,568,300,contains_whitespace,hangul;whitespace,True,
7303,merge,마자,'마자',6,2,eb a7 88 ec 9e 90,400,392,,hangul,True,
7304,merge,완벽,'완벽',6,2,ec 99 84 eb b2 bd,2321,1681,,hangul,True,
7305,merge,설마,'설마',6,2,ec 84 a4 eb a7 88,877,400,,hangul,True,
7306,merge,분들이,'분들이',9,3,eb b6 84 eb 93 a4 ec 9d b4,546,593,,hangul,True,
7307,merge, 작은,' 작은',7,3,20 ec 9e 91 ec 9d 80,708,313,contains_whitespace,hangul;whitespace,True,
7308,merge, 인형,' 인형',7,3,20 ec 9d b8 ed 98 95,580,1116,contains_whitespace,hangul;whitespace,True,
7309,merge,네 ㅋㅋ,'네 ㅋㅋ',10,4,eb 84 a4 20 e3 85 8b e3 85 8b,379,718,contains_whitespace,hangul;whitespace,True,
7310,merge,\n손,'\n손',4,2,0a ec 86 90,1822,148,contains_whitespace;control_char,control;hangul;whitespace,True,
7311,merge,핵노잼,'핵노잼',9,3,ed 95 b5 eb 85 b8 ec 9e bc,4325,1913,,hangul,True,
7312,merge,\n최악의,'\n최악의',10,4,0a ec b5 9c ec 95 85 ec 9d 98,2823,310,contains_whitespace;control_char,control;hangul;whitespace,True,
7313,merge, 감각,' 감각',7,3,20 ea b0 90 ea b0 81,808,498,contains_whitespace,hangul;whitespace,True,
7314,merge,건만,'건만',6,2,ea b1 b4 eb a7 8c,477,328,,hangul,True,
7315,merge,줄 알았는데,'줄 알았는데',16,6,ec a4 84 20 ec 95 8c ec 95 98 eb 8a 94 eb 8d b0,2124,393,contains_whitespace,hangul;whitespace,True,
7316,merge, 둘이,' 둘이',7,3,20 eb 91 98 ec 9d b4,2147,267,contains_whitespace,hangul;whitespace,True,
7317,merge,봤다,'봤다',6,2,eb b4 a4 eb 8b a4,769,268,,hangul,True,
7318,merge,까지만,'까지만',9,3,ea b9 8c ec a7 80 eb a7 8c,399,436,,hangul,True,
7319,merge, 빕,' 빕',4,2,20 eb b9 95,671,153,contains_whitespace,hangul;whitespace,True,
7320,merge,되게,'되게',6,2,eb 90 98 ea b2 8c,700,319,,hangul,True,
7321,merge,슨이,'슨이',6,2,ec 8a a8 ec 9d b4,888,267,,hangul,True,
7322,merge,이 왜,'이 왜',7,3,ec 9d b4 20 ec 99 9c,267,628,contains_whitespace,hangul;whitespace,True,
7323,merge,세요\n,'세요\n',7,3,ec 84 b8 ec 9a 94 0a,928,14,contains_whitespace;control_char,control;hangul;whitespace,True,
7324,merge, 류승,' 류승',7,3,20 eb a5 98 ec 8a b9,4522,1529,contains_whitespace,hangul;whitespace,True,
7325,merge, 환경,' 환경',7,3,20 ed 99 98 ea b2 bd,2189,870,contains_whitespace,hangul;whitespace,True,
7326,merge, 옹,' 옹',4,2,20 ec 98 b9,456,189,contains_whitespace,hangul;whitespace,True,
7327,merge,을꺼,'을꺼',6,2,ec 9d 84 ea ba bc,318,1747,,hangul,True,
7328,merge, 안나온,' 안나온',10,4,20 ec 95 88 eb 82 98 ec 98 a8,568,2330,contains_whitespace,hangul;whitespace,True,
7329,merge,트의,'트의',6,2,ed 8a b8 ec 9d 98,639,310,,hangul,True,
7330,merge,건지...,'건지...',9,5,ea b1 b4 ec a7 80 2e 2e 2e,1486,373,repeated_run,hangul;punct_symbol,True,
7331,merge, 읽어,' 읽어',7,3,20 ec 9d bd ec 96 b4,2239,327,contains_whitespace,hangul;whitespace,True,
7332,merge,\n비,'\n비',4,2,0a eb b9 84,14,624,contains_whitespace;control_char,control;hangul;whitespace,True,
7333,merge, 봤는데도,' 봤는데도',13,5,20 eb b4 a4 eb 8a 94 eb 8d b0 eb 8f 84,841,296,contains_whitespace,hangul;whitespace,True,
7334,merge,지 않은 영화,'지 않은 영화',17,7,ec a7 80 20 ec 95 8a ec 9d 80 20 ec 98 81 ed 99 94,642,797,contains_whitespace,hangul;whitespace,True,
7335,merge, 명품,' 명품',7,3,20 eb aa 85 ed 92 88,787,715,contains_whitespace,hangul;whitespace,True,
7336,merge, 지루하다,' 지루하다',13,5,20 ec a7 80 eb a3 a8 ed 95 98 eb 8b a4,720,1017,contains_whitespace,hangul;whitespace,True,
7337,merge,,b'\x9c\xeb\xa6\xb0',4,0,9c eb a6 b0,160,757,invalid_utf8,invalid_utf8,False,'utf-8' codec can't decode byte 0x9c in position 0: invalid start byte
7338,merge, 김기덕,' 김기덕',10,4,20 ea b9 80 ea b8 b0 eb 8d 95,1152,5273,contains_whitespace,hangul;whitespace,True,
7339,merge, 과대,' 과대',7,3,20 ea b3 bc eb 8c 80,1380,390,contains_whitespace,hangul;whitespace,True,
7340,merge,이 남,'이 남',7,3,ec 9d b4 20 eb 82 a8,267,649,contains_whitespace,hangul;whitespace,True,
7341,merge,가치,'가치',6,2,ea b0 80 ec b9 98,290,516,,hangul,True,
7342,merge,를 보고,'를 보고',10,4,eb a5 bc 20 eb b3 b4 ea b3 a0,382,663,contains_whitespace,hangul;whitespace,True,
7343,merge,멀,'멀',3,1,eb a9 80,340,132,,hangul,True,
7344,merge, 집에,' 집에',7,3,20 ec a7 91 ec 97 90,1382,300,contains_whitespace,hangul;whitespace,True,
7345,merge, 동네,' 동네',7,3,20 eb 8f 99 eb 84 a4,1067,379,contains_whitespace,hangul;whitespace,True,
7346,merge,윈,'윈',3,1,ec 9c 88,342,140,,hangul,True,
7347,merge,,b'\xa6\x90',2,0,a6 90,170,148,invalid_utf8,invalid_utf8,False,'utf-8' codec can't decode byte 0xa6 in position 0: invalid start byte
7348,merge, 지루할,' 지루할',10,4,20 ec a7 80 eb a3 a8 ed 95 a0,720,478,contains_whitespace,hangul;whitespace,True,
7349,merge, 빼면,' 빼면',7,3,20 eb b9 bc eb a9 b4,1873,356,contains_whitespace,hangul;whitespace,True,
7350,merge,?!,'?!',2,2,3f 21,67,37,,punct_symbol,True,
7351,merge, 할머니,' 할머니',10,4,20 ed 95 a0 eb a8 b8 eb 8b 88,900,2687,contains_whitespace,hangul;whitespace,True,
7352,merge,ㅡ.ㅡ,'ㅡ.ㅡ',7,3,e3 85 a1 2e e3 85 a1,575,4521,,hangul;punct_symbol,True,
7353,merge, 탐,' 탐',4,2,20 ed 83 90,946,148,contains_whitespace,hangul;whitespace,True,
7354,merge, 작품을,' 작품을',10,4,20 ec 9e 91 ed 92 88 ec 9d 84,885,318,contains_whitespace,hangul;whitespace,True,
7355,merge,킴,'킴',3,1,ed 82 b4,763,184,,hangul,True,
7356,merge, 최소한,' 최소한',10,4,20 ec b5 9c ec 86 8c ed 95 9c,493,3197,contains_whitespace,hangul;whitespace,True,
7357,merge,에 관한,'에 관한',10,4,ec 97 90 20 ea b4 80 ed 95 9c,3879,304,contains_whitespace,hangul;whitespace,True,
7358,merge,\n올,'\n올',4,2,0a ec 98 ac,1006,176,contains_whitespace;control_char,control;hangul;whitespace,True,
7359,merge, 흔한,' 흔한',7,3,20 ed 9d 94 ed 95 9c,2792,304,contains_whitespace,hangul;whitespace,True,
7360,merge,키는,'키는',6,2,ed 82 a4 eb 8a 94,1048,272,,hangul,True,
7361,merge,형님,'형님',6,2,ed 98 95 eb 8b 98,1116,852,,hangul,True,
7362,merge, dvd,' dvd',4,4,20 64 76 64,4039,7079,contains_whitespace,english;whitespace,True,
7363,merge, 노래가,' 노래가',10,4,20 eb 85 b8 eb 9e 98 ea b0 80,1817,290,contains_whitespace,hangul;whitespace,True,
7364,merge,"함,","'함,'",4,2,ed 95 a8 2c,528,48,,hangul;punct_symbol,True,
7365,merge, 된다.,' 된다.',8,4,20 eb 90 9c eb 8b a4 2e,1516,369,contains_whitespace,hangul;punct_symbol;whitespace,True,
7366,merge,쿡,'쿡',3,1,ec bf a1,2073,165,,hangul,True,
7367,merge,,b'\xa8\xb9',2,0,a8 b9,172,189,invalid_utf8,invalid_utf8,False,'utf-8' codec can't decode byte 0xa8 in position 0: invalid start byte
7368,merge,,b'\xa9\x98\xed\x83\x80',5,0,a9 98 ed 83 80,7084,635,invalid_utf8,invalid_utf8,False,'utf-8' codec can't decode byte 0xa9 in position 0: invalid start byte
7369,merge,했다면,'했다면',9,3,ed 96 88 eb 8b a4 eb a9 b4,526,1051,,hangul,True,
7370,merge, 블록버스터,' 블록버스터',16,6,20 eb b8 94 eb a1 9d eb b2 84 ec 8a a4 ed 84 b0,2454,6039,contains_whitespace,hangul;whitespace,True,
7371,merge,다살다,'다살다',9,3,eb 8b a4 ec 82 b4 eb 8b a4,268,4913,,hangul,True,
7372,merge,씨 연기,'씨 연기',10,4,ec 94 a8 20 ec 97 b0 ea b8 b0,998,527,contains_whitespace,hangul;whitespace,True,
7373,merge,래서,'래서',6,2,eb 9e 98 ec 84 9c,525,321,,hangul,True,
7374,merge,본영화,'본영화',9,3,eb b3 b8 ec 98 81 ed 99 94,626,367,,hangul,True,
7375,merge,엣,'엣',3,1,ec 97 a3,270,167,,hangul,True,
7376,merge, 분들이,' 분들이',10,4,20 eb b6 84 eb 93 a4 ec 9d b4,995,593,contains_whitespace,hangul;whitespace,True,
7377,merge, 따분,' 따분',7,3,20 eb 94 b0 eb b6 84,1001,546,contains_whitespace,hangul;whitespace,True,
7378,merge,어디서,'어디서',9,3,ec 96 b4 eb 94 94 ec 84 9c,3850,321,,hangul,True,
7379,merge, DVD,' DVD',4,4,20 44 56 44,4143,5355,contains_whitespace,english;whitespace,True,
7380,merge,같음,'같음',6,2,ea b0 99 ec 9d 8c,569,370,,hangul,True,
7381,merge, 충격적이,' 충격적이',13,5,20 ec b6 a9 ea b2 a9 ec a0 81 ec 9d b4,2066,817,contains_whitespace,hangul;whitespace,True,
7382,merge,재미있고,'재미있고',12,4,ec 9e ac eb af b8 ec 9e 88 ea b3 a0,1272,277,,hangul,True,
7383,merge, 매미,' 매미',7,3,20 eb a7 a4 eb af b8,842,497,contains_whitespace,hangul;whitespace,True,
7384,merge,는 다,'는 다',7,3,eb 8a 94 20 eb 8b a4,272,416,contains_whitespace,hangul;whitespace,True,
7385,merge, 기다려,' 기다려',10,4,20 ea b8 b0 eb 8b a4 eb a0 a4,3023,512,contains_whitespace,hangul;whitespace,True,
7386,merge,기엔 너무,'기엔 너무',13,5,ea b8 b0 ec 97 94 20 eb 84 88 eb ac b4,3150,452,contains_whitespace,hangul;whitespace,True,
7387,merge,하네..,'하네..',8,4,ed 95 98 eb 84 a4 2e 2e,1724,266,,hangul;punct_symbol,True,
7388,merge, 흉내,' 흉내',7,3,20 ed 9d 89 eb 82 b4,4844,453,contains_whitespace,hangul;whitespace,True,
7389,merge, 재미있네,' 재미있네',13,5,20 ec 9e ac eb af b8 ec 9e 88 eb 84 a4,461,2546,contains_whitespace,hangul;whitespace,True,
7390,merge,보자,'보자',6,2,eb b3 b4 ec 9e 90,374,392,,hangul,True,
7391,merge,란티,'란티',6,2,eb 9e 80 ed 8b b0,914,993,,hangul,True,
7392,merge,란티노,'란티노',9,3,eb 9e 80 ed 8b b0 eb 85 b8,7391,820,,hangul,True,
7393,merge, 혁,' 혁',4,2,20 ed 98 81,297,280,contains_whitespace,hangul;whitespace,True,
7394,merge, 믿기,' 믿기',7,3,20 eb af bf ea b8 b0,1473,303,contains_whitespace,hangul;whitespace,True,
7395,merge, 기획,' 기획',7,3,20 ea b8 b0 ed 9a 8d,511,4824,contains_whitespace,hangul;whitespace,True,
7396,merge,3년,'3년',4,2,33 eb 85 84,55,629,,digit;hangul,True,
7397,merge, 이제서야,' 이제서야',13,5,20 ec 9d b4 ec a0 9c ec 84 9c ec 95 bc,1721,4184,contains_whitespace,hangul;whitespace,True,
7398,merge, 이런식으로,' 이런식으로',16,6,20 ec 9d b4 eb 9f b0 ec 8b 9d ec 9c bc eb a1 9c,631,3638,contains_whitespace,hangul;whitespace,True,
7399,merge, 어릴적,' 어릴적',10,4,20 ec 96 b4 eb a6 b4 ec a0 81,455,3847,contains_whitespace,hangul;whitespace,True,
7400,merge, 재밌게 봤던,' 재밌게 봤던',17,7,20 ec 9e ac eb b0 8c ea b2 8c 20 eb b4 a4 eb 8d 98,1825,596,contains_whitespace,hangul;whitespace,True,
7401,merge, 이끌,' 이끌',7,3,20 ec 9d b4 eb 81 8c,322,3422,contains_whitespace,hangul;whitespace,True,
7402,merge,\n유,'\n유',4,2,0a ec 9c a0,14,664,contains_whitespace;control_char,control;hangul;whitespace,True,
7403,merge, 죽인,' 죽인',7,3,20 ec a3 bd ec 9d b8,932,341,contains_whitespace,hangul;whitespace,True,
7404,merge,누군,'누군',6,2,eb 88 84 ea b5 b0,1745,856,,hangul,True,
7405,merge,건가?,'건가?',7,3,ea b1 b4 ea b0 80 3f,477,2035,,hangul;punct_symbol,True,
7406,merge, 안될,' 안될',7,3,20 ec 95 88 eb 90 a0,1748,164,contains_whitespace,hangul;whitespace,True,
7407,merge, 지구,' 지구',7,3,20 ec a7 80 ea b5 ac,473,541,contains_whitespace,hangul;whitespace,True,
7408,merge,롭고,'롭고',6,2,eb a1 ad ea b3 a0,2306,277,,hangul,True,
7409,merge,하러,'하러',6,2,ed 95 98 eb 9f ac,289,552,,hangul,True,
7410,merge,게 하,'게 하',7,3,ea b2 8c 20 ed 95 98,319,411,contains_whitespace,hangul;whitespace,True,
7411,merge,9년,'9년',4,2,39 eb 85 84,61,629,,digit;hangul,True,
7412,merge,,b'\x88\xeb\xb0\x9c',4,0,88 eb b0 9c,1365,160,invalid_utf8,invalid_utf8,False,'utf-8' codec can't decode byte 0x88 in position 0: invalid start byte
7413,merge, 지나치게,' 지나치게',13,5,20 ec a7 80 eb 82 98 ec b9 98 ea b2 8c,3038,3686,contains_whitespace,hangul;whitespace,True,
7414,merge,덴,'덴',3,1,eb 8d b4,316,184,,hangul,True,
7415,merge, 없어서,' 없어서',10,4,20 ec 97 86 ec 96 b4 ec 84 9c,409,875,contains_whitespace,hangul;whitespace,True,
7416,merge, 짝퉁,' 짝퉁',7,3,20 ec a7 9d ed 89 81,3001,4756,contains_whitespace,hangul;whitespace,True,
7417,merge,내용인지,'내용인지',12,4,eb 82 b4 ec 9a a9 ec 9d b8 ec a7 80,1171,1263,,hangul,True,
7418,merge,\n영화의,'\n영화의',10,4,0a ec 98 81 ed 99 94 ec 9d 98,1061,310,contains_whitespace;control_char,control;hangul;whitespace,True,
7419,merge, 또다른,' 또다른',10,4,20 eb 98 90 eb 8b a4 eb a5 b8,962,2241,contains_whitespace,hangul;whitespace,True,
7420,merge,잇는,'잇는',6,2,ec 9e 87 eb 8a 94,1727,272,,hangul,True,
7421,merge,탈출,'탈출',6,2,ed 83 88 ec b6 9c,2139,752,,hangul,True,
7422,merge,둔,'둔',3,1,eb 91 94,1569,152,,hangul,True,
7423,merge,,b'..\n\xec\x82',5,0,2e 2e 0a ec 82,1328,134,invalid_utf8,invalid_utf8,False,'utf-8' codec can't decode bytes in position 3-4: unexpected end of data
7424,merge,이러,'이러',6,2,ec 9d b4 eb 9f ac,267,552,,hangul,True,
7425,merge,질않,'질않',6,2,ec a7 88 ec 95 8a,869,951,,hangul,True,
7426,merge, 드라마로,' 드라마로',13,5,20 eb 93 9c eb 9d bc eb a7 88 eb a1 9c,2116,702,contains_whitespace,hangul;whitespace,True,
7427,merge,을 다시,'을 다시',10,4,ec 9d 84 20 eb 8b a4 ec 8b 9c,318,828,contains_whitespace,hangul;whitespace,True,
7428,merge,어느,'어느',6,2,ec 96 b4 eb 8a 90,327,981,,hangul,True,
7429,merge,도 정말,'도 정말',10,4,eb 8f 84 20 ec a0 95 eb a7 90,296,532,contains_whitespace,hangul;whitespace,True,
7430,merge, 객관,' 객관',7,3,20 ea b0 9d ea b4 80,6619,825,contains_whitespace,hangul;whitespace,True,
7431,merge,뭉,'뭉',3,1,eb ad 89,853,141,,hangul,True,
7432,merge, 이도,' 이도',7,3,20 ec 9d b4 eb 8f 84,322,296,contains_whitespace,hangul;whitespace,True,
7433,merge,만 아니라,'만 아니라',13,5,eb a7 8c 20 ec 95 84 eb 8b 88 eb 9d bc,328,1412,contains_whitespace,hangul;whitespace,True,
7434,merge,만해선,'만해선',9,3,eb a7 8c ed 95 b4 ec 84 a0,328,5855,,hangul,True,
7435,merge,는 그냥,'는 그냥',10,4,eb 8a 94 20 ea b7 b8 eb 83 a5,272,848,contains_whitespace,hangul;whitespace,True,
7436,merge, 내용이 너무,' 내용이 너무',17,7,20 eb 82 b4 ec 9a a9 ec 9d b4 20 eb 84 88 eb ac b4,773,1066,contains_whitespace,hangul;whitespace,True,
7437,merge, 뭐하자,' 뭐하자',10,4,20 eb ad 90 ed 95 98 ec 9e 90,723,3006,contains_whitespace,hangul;whitespace,True,
7438,merge,지 못하고,'지 못하고',13,5,ec a7 80 20 eb aa bb ed 95 98 ea b3 a0,1515,437,contains_whitespace,hangul;whitespace,True,
7439,merge,가면,'가면',6,2,ea b0 80 eb a9 b4,290,356,,hangul,True,
7440,merge,듯...,'듯...',6,4,eb 93 af 2e 2e 2e,613,373,repeated_run,hangul;punct_symbol,True,
7441,merge,번보,'번보',6,2,eb b2 88 eb b3 b4,3120,309,,hangul,True,
7442,merge,-_-\n,'-_-\n',4,4,2d 5f 2d 0a,2528,14,contains_whitespace;control_char,control;punct_symbol;whitespace,True,
7443,merge, 건지,' 건지',7,3,20 ea b1 b4 ec a7 80,1317,286,contains_whitespace,hangul;whitespace,True,
7444,merge, 다운받아,' 다운받아',13,5,20 eb 8b a4 ec 9a b4 eb b0 9b ec 95 84,3609,338,contains_whitespace,hangul;whitespace,True,
7445,merge, mov,' mov',4,4,20 6d 6f 76,3255,4411,contains_whitespace,english;whitespace,True,
7446,merge, k,' k',2,2,20 6b,36,111,contains_whitespace,english;whitespace,True,
7447,merge,게 만드,'게 만드',10,4,ea b2 8c 20 eb a7 8c eb 93 9c,319,1373,contains_whitespace,hangul;whitespace,True,
7448,merge,;;;;\n,';;;;\n',5,5,3b 3b 3b 3b 0a,637,1728,contains_whitespace;control_char;repeated_run,control;punct_symbol;whitespace,True,
7449,merge,모르게,'모르게',9,3,eb aa a8 eb a5 b4 ea b2 8c,2689,319,,hangul,True,
7450,merge,해요.,'해요.',7,3,ed 95 b4 ec 9a 94 2e,355,1162,,hangul;punct_symbol,True,
7451,merge,한영화\n,'한영화\n',10,4,ed 95 9c ec 98 81 ed 99 94 0a,304,1177,contains_whitespace;control_char,control;hangul;whitespace,True,
7452,merge,뱅,'뱅',3,1,eb b1 85,239,1389,,hangul,True,
7453,merge, 무한,' 무한',7,3,20 eb ac b4 ed 95 9c,554,304,contains_whitespace,hangul;whitespace,True,
7454,merge,\n말이 필요,'\n말이 필요',14,6,0a eb a7 90 ec 9d b4 20 ed 95 84 ec 9a 94,14,2714,contains_whitespace;control_char,control;hangul;whitespace,True,
7455,merge,스맨,'스맨',6,2,ec 8a a4 eb a7 a8,371,1040,,hangul,True,
7456,merge, 최고봉,' 최고봉',10,4,20 ec b5 9c ea b3 a0 eb b4 89,599,1182,contains_whitespace,hangul;whitespace,True,
7457,merge,있어서,'있어서',9,3,ec 9e 88 ec 96 b4 ec 84 9c,421,875,,hangul,True,
7458,merge, 정작,' 정작',7,3,20 ec a0 95 ec 9e 91,430,423,contains_whitespace,hangul;whitespace,True,
7459,merge,사고,'사고',6,2,ec 82 ac ea b3 a0,544,277,,hangul,True,
7460,merge, 빙,' 빙',4,2,20 eb b9 99,671,157,contains_whitespace,hangul;whitespace,True,
7461,merge,바타,'바타',6,2,eb b0 94 ed 83 80,805,635,,hangul,True,
7462,merge, 모르겟,' 모르겟',10,4,20 eb aa a8 eb a5 b4 ea b2 9f,937,2030,contains_whitespace,hangul;whitespace,True,
7463,merge,재가,'재가',6,2,ec 9e ac ea b0 80,761,290,,hangul,True,
7464,merge, 누군지,' 누군지',10,4,20 eb 88 84 ea b5 b0 ec a7 80,3817,286,contains_whitespace,hangul;whitespace,True,
7465,merge, 재미없다고,' 재미없다고',16,6,20 ec 9e ac eb af b8 ec 97 86 eb 8b a4 ea b3 a0,818,778,contains_whitespace,hangul;whitespace,True,
7466,merge,프로그램,'프로그램',12,4,ed 94 84 eb a1 9c ea b7 b8 eb 9e a8,2977,3179,,hangul,True,
7467,merge, 는,' 는',4,2,20 eb 8a 94,560,152,contains_whitespace,hangul;whitespace,True,
7468,merge,중이,'중이',6,2,ec a4 91 ec 9d b4,559,267,,hangul,True,
7469,merge,혜선,'혜선',6,2,ed 98 9c ec 84 a0,2060,731,,hangul,True,
7470,merge, good,' good',5,5,20 67 6f 6f 64,36,3264,contains_whitespace,english;whitespace,True,
7471,merge,누나,'누나',6,2,eb 88 84 eb 82 98,1745,320,,hangul,True,
7472,merge, 심오,' 심오',7,3,20 ec 8b ac ec 98 a4,1153,466,contains_whitespace,hangul;whitespace,True,
7473,merge,죠.\n,'죠.\n',5,3,ec a3 a0 2e 0a,1295,311,contains_whitespace;control_char,control;hangul;punct_symbol;whitespace,True,
7474,merge, 쉬,' 쉬',4,2,20 ec 89 ac,1953,176,contains_whitespace,hangul;whitespace,True,
7475,merge,레인,'레인',6,2,eb a0 88 ec 9d b8,572,341,,hangul,True,
7476,merge, 파괴,' 파괴',7,3,20 ed 8c 8c ea b4 b4,1572,2301,contains_whitespace,hangul;whitespace,True,
7477,merge, 담긴,' 담긴',7,3,20 eb 8b b4 ea b8 b4,1582,669,contains_whitespace,hangul;whitespace,True,
7478,merge,두번,'두번',6,2,eb 91 90 eb b2 88,846,711,,hangul,True,
7479,merge,코드,'코드',6,2,ec bd 94 eb 93 9c,985,462,,hangul,True,
7480,merge, 작가가,' 작가가',10,4,20 ec 9e 91 ea b0 80 ea b0 80,1952,290,contains_whitespace,hangul;whitespace,True,
7481,merge,았으면,'았으면',9,3,ec 95 98 ec 9c bc eb a9 b4,467,826,,hangul,True,
7482,merge,했다고,'했다고',9,3,ed 96 88 eb 8b a4 ea b3 a0,526,778,,hangul,True,
7483,merge, 하니,' 하니',7,3,20 ed 95 98 eb 8b 88,411,336,contains_whitespace,hangul;whitespace,True,
7484,merge, 감히,' 감히',7,3,20 ea b0 90 ed 9e 88,808,503,contains_whitespace,hangul;whitespace,True,
7485,merge,다는 것을,'다는 것을',13,5,eb 8b a4 eb 8a 94 20 ea b2 83 ec 9d 84,644,2492,contains_whitespace,hangul;whitespace,True,
7486,merge, 신선한,' 신선한',10,4,20 ec 8b a0 ec 84 a0 ed 95 9c,2113,304,contains_whitespace,hangul;whitespace,True,
7487,merge, 빼곤,' 빼곤',7,3,20 eb b9 bc ea b3 a4,1873,1940,contains_whitespace,hangul;whitespace,True,
7488,merge, 재미도 없,' 재미도 없',14,6,20 ec 9e ac eb af b8 eb 8f 84 20 ec 97 86,461,895,contains_whitespace,hangul;whitespace,True,
7489,merge,하나?,'하나?',7,3,ed 95 98 eb 82 98 3f,1092,67,,hangul;punct_symbol,True,
7490,merge, 족,' 족',4,2,20 ec a1 b1,561,181,contains_whitespace,hangul;whitespace,True,
7491,merge,", ","', '",2,2,2c 20,48,36,contains_whitespace,punct_symbol;whitespace,True,
7492,merge,SF,'SF',2,2,53 46,87,74,,english,True,
7493,merge, 님,' 님',4,2,20 eb 8b 98,372,156,contains_whitespace,hangul;whitespace,True,
7494,merge,뚝,'뚝',3,1,eb 9a 9d,3027,161,,hangul,True,
7495,merge, 와서,' 와서',7,3,20 ec 99 80 ec 84 9c,1633,321,contains_whitespace,hangul;whitespace,True,
7496,merge,바보,'바보',6,2,eb b0 94 eb b3 b4,805,374,,hangul,True,
7497,merge,같아,'같아',6,2,ea b0 99 ec 95 84,569,338,,hangul,True,
7498,merge, 조합,' 조합',7,3,20 ec a1 b0 ed 95 a9,747,2003,contains_whitespace,hangul;whitespace,True,
7499,merge, 감동의,' 감동의',10,4,20 ea b0 90 eb 8f 99 ec 9d 98,680,310,contains_whitespace,hangul;whitespace,True,
7500,merge, 쩐,' 쩐',4,2,20 ec a9 90,2273,148,contains_whitespace,hangul;whitespace,True,
7501,merge,마르,'마르',6,2,eb a7 88 eb a5 b4,834,2725,,hangul,True,
7502,merge, 모를,' 모를',7,3,20 eb aa a8 eb a5 bc,535,382,contains_whitespace,hangul;whitespace,True,
7503,merge,네요^^\n,'네요^^\n',9,5,eb 84 a4 ec 9a 94 5e 5e 0a,471,1165,contains_whitespace;control_char,control;hangul;punct_symbol;whitespace,True,
7504,merge, 언니,' 언니',7,3,20 ec 96 b8 eb 8b 88,2872,336,contains_whitespace,hangul;whitespace,True,
7505,merge, 감정을,' 감정을',10,4,20 ea b0 90 ec a0 95 ec 9d 84,1931,318,contains_whitespace,hangul;whitespace,True,
7506,merge,네요...\n,'네요...\n',10,6,eb 84 a4 ec 9a 94 2e 2e 2e 0a,471,475,contains_whitespace;control_char;repeated_run,control;hangul;punct_symbol;whitespace,True,
7507,merge,고편,'고편',6,2,ea b3 a0 ed 8e b8,277,647,,hangul,True,
7508,merge, 깨달,' 깨달',7,3,20 ea b9 a8 eb 8b ac,2220,1429,contains_whitespace,hangul;whitespace,True,
7509,merge,도연,'도연',6,2,eb 8f 84 ec 97 b0,296,483,,hangul,True,
7510,merge,좋은데,'좋은데',9,3,ec a2 8b ec 9d 80 eb 8d b0,780,1737,,hangul,True,
7511,merge, 특수효과,' 특수효과',13,5,20 ed 8a b9 ec 88 98 ed 9a a8 ea b3 bc,5108,5109,contains_whitespace,hangul;whitespace,True,
7512,merge,상은,'상은',6,2,ec 83 81 ec 9d 80,433,313,,hangul,True,
7513,merge, 낮추,' 낮추',7,3,20 eb 82 ae ec b6 94,1207,899,contains_whitespace,hangul;whitespace,True,
7514,merge, 어수선,' 어수선',10,4,20 ec 96 b4 ec 88 98 ec 84 a0,455,6717,contains_whitespace,hangul;whitespace,True,
7515,merge,네요!,'네요!',7,3,eb 84 a4 ec 9a 94 21,471,37,,hangul;punct_symbol,True,
7516,merge,밖에 없,'밖에 없',10,4,eb b0 96 ec 97 90 20 ec 97 86,1698,409,contains_whitespace,hangul;whitespace,True,
7517,merge, 15세,' 15세',6,4,20 31 35 ec 84 b8,3628,564,contains_whitespace,digit;hangul;whitespace,True,
7518,merge,빛,'빛',3,1,eb b9 9b,676,159,,hangul,True,
7519,merge,\n충,'\n충',4,2,0a ec b6 a9,3101,173,contains_whitespace;control_char,control;hangul;whitespace,True,
7520,merge, 흑인,' 흑인',7,3,20 ed 9d 91 ec 9d b8,2926,341,contains_whitespace,hangul;whitespace,True,
7521,merge,농,'농',3,1,eb 86 8d,807,145,,hangul,True,
7522,merge,된다,'된다',6,2,eb 90 9c eb 8b a4,931,268,,hangul,True,
7523,merge,넌,'넌',3,1,eb 84 8c,348,144,,hangul,True,
7524,merge,감동적이고,'감동적이고',15,5,ea b0 90 eb 8f 99 ec a0 81 ec 9d b4 ea b3 a0,1175,1762,,hangul,True,
7525,merge,결론,'결론',6,2,ea b2 b0 eb a1 a0,1089,1046,,hangul,True,
7526,merge,데체,'데체',6,2,eb 8d b0 ec b2 b4,346,683,,hangul,True,
7527,merge,에도 불구하고,'에도 불구하고',19,7,ec 97 90 eb 8f 84 20 eb b6 88 ea b5 ac ed 95 98 ea b3 a0,1630,5376,contains_whitespace,hangul;whitespace,True,
7528,merge,으셨,'으셨',6,2,ec 9c bc ec 85 a8,378,1877,,hangul,True,
7529,merge,기까지,'기까지',9,3,ea b8 b0 ea b9 8c ec a7 80,303,634,,hangul,True,
7530,merge, 영화...\n,' 영화...\n',11,7,20 ec 98 81 ed 99 94 2e 2e 2e 0a,305,475,contains_whitespace;control_char;repeated_run,control;hangul;punct_symbol;whitespace,True,
7531,merge, 잼없,' 잼없',7,3,20 ec 9e bc ec 97 86,1137,401,contains_whitespace,hangul;whitespace,True,
7532,merge, 쭉,' 쭉',4,2,20 ec ad 89,260,5126,contains_whitespace,hangul;whitespace,True,
7533,merge,다~\n,'다~\n',5,3,eb 8b a4 7e 0a,268,943,contains_whitespace;control_char,control;hangul;punct_symbol;whitespace,True,
7534,merge,\n코믹,'\n코믹',7,3,0a ec bd 94 eb af b9,3552,1787,contains_whitespace;control_char,control;hangul;whitespace,True,
7535,merge,도 다,'도 다',7,3,eb 8f 84 20 eb 8b a4,296,416,contains_whitespace,hangul;whitespace,True,
7536,merge, 외계인,' 외계인',10,4,20 ec 99 b8 ea b3 84 ec 9d b8,5607,341,contains_whitespace,hangul;whitespace,True,
7537,merge,저냥,'저냥',6,2,ec a0 80 eb 83 a5,667,632,,hangul,True,
7538,merge,남\n,'남\n',4,2,eb 82 a8 0a,855,14,contains_whitespace;control_char,control;hangul;whitespace,True,
7539,merge,작가가,'작가가',9,3,ec 9e 91 ea b0 80 ea b0 80,2612,290,,hangul,True,
7540,merge,,b'\xb8\x94',2,0,b8 94,188,152,invalid_utf8,invalid_utf8,False,'utf-8' codec can't decode byte 0xb8 in position 0: invalid start byte
7541,merge, 거짓말,' 거짓말',10,4,20 ea b1 b0 ec a7 93 eb a7 90,5204,381,contains_whitespace,hangul;whitespace,True,
7542,merge, 보내,' 보내',7,3,20 eb b3 b4 eb 82 b4,357,453,contains_whitespace,hangul;whitespace,True,
7543,merge,났네,'났네',6,2,eb 82 ac eb 84 a4,291,4290,,hangul,True,
7544,merge, 미소가,' 미소가',10,4,20 eb af b8 ec 86 8c ea b0 80,4024,290,contains_whitespace,hangul;whitespace,True,
7545,merge, 윌리,' 윌리',7,3,20 ec 9c 8c eb a6 ac,536,4092,contains_whitespace,hangul;whitespace,True,
7546,merge, 평점에 낚,' 평점에 낚',14,6,20 ed 8f 89 ec a0 90 ec 97 90 20 eb 82 9a,648,3888,contains_whitespace,hangul;whitespace,True,
7547,merge, 실제로,' 실제로',10,4,20 ec 8b a4 ec a0 9c eb a1 9c,851,3421,contains_whitespace,hangul;whitespace,True,
7548,merge, 이 정도,' 이 정도',11,5,20 ec 9d b4 20 ec a0 95 eb 8f 84,322,1261,contains_whitespace,hangul;whitespace,True,
7549,merge,여진,'여진',6,2,ec 97 ac ec a7 84,508,422,,hangul,True,
7550,merge, 댄,' 댄',4,2,20 eb 8c 84,5794,136,contains_whitespace,hangul;whitespace,True,
7551,merge,의 아름다움,'의 아름다움',16,6,ec 9d 98 20 ec 95 84 eb a6 84 eb 8b a4 ec 9b 80,310,3630,contains_whitespace,hangul;whitespace,True,
7552,merge,하네요.\n,'하네요.\n',11,5,ed 95 98 eb 84 a4 ec 9a 94 2e 0a,289,1730,contains_whitespace;control_char,control;hangul;punct_symbol;whitespace,True,
7553,merge,44,'44',2,2,34 34,56,56,,digit,True,
7554,merge,류의 영화,'류의 영화',13,5,eb a5 98 ec 9d 98 20 ec 98 81 ed 99 94,989,830,contains_whitespace,hangul;whitespace,True,
7555,merge,다 ㅎㅎ,'다 ㅎㅎ',10,4,eb 8b a4 20 e3 85 8e e3 85 8e,896,793,contains_whitespace,hangul;whitespace,True,
7556,merge, 커플,' 커플',7,3,20 ec bb a4 ed 94 8c,2429,2065,contains_whitespace,hangul;whitespace,True,
7557,merge, 못봐주,' 못봐주',10,4,20 eb aa bb eb b4 90 ec a3 bc,588,5796,contains_whitespace,hangul;whitespace,True,
7558,merge,뉴,'뉴',3,1,eb 89 b4,239,3926,,hangul,True,
7559,merge,야겠,'야겠',6,2,ec 95 bc ea b2 a0,412,551,,hangul,True,
7560,merge, 리얼리티,' 리얼리티',13,5,20 eb a6 ac ec 96 bc eb a6 ac ed 8b b0,3226,3158,contains_whitespace,hangul;whitespace,True,
7561,merge,아까워,'아까워',9,3,ec 95 84 ea b9 8c ec 9b 8c,2057,754,,hangul,True,
7562,merge,트릭,'트릭',6,2,ed 8a b8 eb a6 ad,639,1108,,hangul,True,
7563,merge, 연예인,' 연예인',10,4,20 ec 97 b0 ec 98 88 ec 9d b8,4382,341,contains_whitespace,hangul;whitespace,True,
7564,merge, 낭,' 낭',4,2,20 eb 82 ad,329,177,contains_whitespace,hangul;whitespace,True,
7565,merge, 살아가,' 살아가',10,4,20 ec 82 b4 ec 95 84 ea b0 80,1741,290,contains_whitespace,hangul;whitespace,True,
7566,merge,래곤,'래곤',6,2,eb 9e 98 ea b3 a4,525,1940,,hangul,True,
7567,merge,고 있는,'고 있는',10,4,ea b3 a0 20 ec 9e 88 eb 8a 94,277,1178,contains_whitespace,hangul;whitespace,True,
7568,merge, 착한,' 착한',7,3,20 ec b0 a9 ed 95 9c,3099,304,contains_whitespace,hangul;whitespace,True,
7569,merge,,b' \xed\x9d\xac\xeb',5,0,20 ed 9d ac eb,677,294,invalid_utf8,invalid_utf8,False,'utf-8' codec can't decode byte 0xeb in position 4: unexpected end of data
7570,merge, 충실,' 충실',7,3,20 ec b6 a9 ec 8b a4,1255,604,contains_whitespace,hangul;whitespace,True,
7571,merge, 6점대,' 6점대',8,4,20 36 ec a0 90 eb 8c 80,2145,2328,contains_whitespace,digit;hangul;whitespace,True,
7572,merge, 21,' 21',3,3,20 32 31,809,53,contains_whitespace,digit;whitespace,True,
7573,merge, 본다면,' 본다면',10,4,20 eb b3 b8 eb 8b a4 eb a9 b4,619,1051,contains_whitespace,hangul;whitespace,True,
7574,merge,게 하는,'게 하는',10,4,ea b2 8c 20 ed 95 98 eb 8a 94,319,1124,contains_whitespace,hangul;whitespace,True,
7575,merge,이어,'이어',6,2,ec 9d b4 ec 96 b4,267,327,,hangul,True,
7576,merge,촌,'촌',3,1,ec b4 8c,1205,144,,hangul,True,
7577,merge,필버그,'필버그',9,3,ed 95 84 eb b2 84 ea b7 b8,2635,5746,,hangul,True,
7578,merge,", 김","', 김'",5,3,2c 20 ea b9 80,48,1152,contains_whitespace,hangul;punct_symbol;whitespace,True,
7579,merge, 이쁨,' 이쁨',7,3,20 ec 9d b4 ec 81 a8,322,3726,contains_whitespace,hangul;whitespace,True,
7580,merge,럽고,'럽고',6,2,eb 9f bd ea b3 a0,864,277,,hangul,True,
7581,merge,게 잘,'게 잘',7,3,ea b2 8c 20 ec 9e 98,319,549,contains_whitespace,hangul;whitespace,True,
7582,merge, 맘에 안,' 맘에 안',11,5,20 eb a7 98 ec 97 90 20 ec 95 88,2712,568,contains_whitespace,hangul;whitespace,True,
7583,merge, 20분,' 20분',6,4,20 32 30 eb b6 84,809,2227,contains_whitespace,digit;hangul;whitespace,True,
7584,merge,효주,'효주',6,2,ed 9a a8 ec a3 bc,2068,428,,hangul,True,
7585,merge, 시즌2,' 시즌2',8,4,20 ec 8b 9c ec a6 8c 32,2988,54,contains_whitespace,digit;hangul;whitespace,True,
7586,merge, 나에겐,' 나에겐',10,4,20 eb 82 98 ec 97 90 ea b2 90,408,2630,contains_whitespace,hangul;whitespace,True,
7587,merge,나올때,'나올때',9,3,eb 82 98 ec 98 ac eb 95 8c,2361,3528,,hangul,True,
7588,merge,잘못,'잘못',6,2,ec 9e 98 eb aa bb,1100,1052,,hangul,True,
7589,merge,물론,'물론',6,2,eb ac bc eb a1 a0,745,1046,,hangul,True,
7590,merge, 호기,' 호기',7,3,20 ed 98 b8 ea b8 b0,1598,303,contains_whitespace,hangul;whitespace,True,
7591,merge,명은,'명은',6,2,eb aa 85 ec 9d 80,713,313,,hangul,True,
7592,merge, 어째,' 어째',7,3,20 ec 96 b4 ec a7 b8,455,1927,contains_whitespace,hangul;whitespace,True,
7593,merge,있다.,'있다.',7,3,ec 9e 88 eb 8b a4 2e,421,369,,hangul;punct_symbol,True,
7594,merge,구나...,'구나...',9,5,ea b5 ac eb 82 98 2e 2e 2e,1256,373,repeated_run,hangul;punct_symbol,True,
7595,merge, 지루하다.,' 지루하다.',14,6,20 ec a7 80 eb a3 a8 ed 95 98 eb 8b a4 2e,720,1478,contains_whitespace,hangul;punct_symbol;whitespace,True,
7596,merge,하다고 생각,'하다고 생각',16,6,ed 95 98 eb 8b a4 ea b3 a0 20 ec 83 9d ea b0 81,289,2138,contains_whitespace,hangul;whitespace,True,
7597,merge, >,' >',2,2,20 3e,36,66,contains_whitespace,punct_symbol;whitespace,True,
7598,merge,가를,'가를',6,2,ea b0 80 eb a5 bc,290,382,,hangul,True,
7599,merge,병헌,'병헌',6,2,eb b3 91 ed 97 8c,1563,4336,,hangul,True,
7600,merge, 즐기,' 즐기',7,3,20 ec a6 90 ea b8 b0,1543,303,contains_whitespace,hangul;whitespace,True,
7601,merge,에 그,'에 그',7,3,ec 97 90 20 ea b7 b8,300,359,contains_whitespace,hangul;whitespace,True,
7602,merge,이네\n,'이네\n',7,3,ec 9d b4 eb 84 a4 0a,267,1316,contains_whitespace;control_char,control;hangul;whitespace,True,
7603,merge,중에 가장,'중에 가장',13,5,ec a4 91 ec 97 90 20 ea b0 80 ec 9e a5,1402,1208,contains_whitespace,hangul;whitespace,True,
7604,merge,면에서,'면에서',9,3,eb a9 b4 ec 97 90 ec 84 9c,356,463,,hangul,True,
7605,merge, 사랑이야기,' 사랑이야기',16,6,20 ec 82 ac eb 9e 91 ec 9d b4 ec 95 bc ea b8 b0,819,2245,contains_whitespace,hangul;whitespace,True,
7606,merge,난다.\n,'난다.\n',8,4,eb 82 9c eb 8b a4 2e 0a,615,388,contains_whitespace;control_char,control;hangul;punct_symbol;whitespace,True,
7607,merge,랜스,'랜스',6,2,eb 9e 9c ec 8a a4,1273,371,,hangul,True,
7608,merge, 봤어요,' 봤어요',10,4,20 eb b4 a4 ec 96 b4 ec 9a 94,480,540,contains_whitespace,hangul;whitespace,True,
7609,merge, 구성이,' 구성이',10,4,20 ea b5 ac ec 84 b1 ec 9d b4,1237,1676,contains_whitespace,hangul;whitespace,True,
7610,merge,외의,'외의',6,2,ec 99 b8 ec 9d 98,1562,310,,hangul,True,
7611,merge,인데...,'인데...',9,5,ec 9d b8 eb 8d b0 2e 2e 2e,904,373,repeated_run,hangul;punct_symbol,True,
7612,merge,정민,'정민',6,2,ec a0 95 eb af bc,395,947,,hangul,True,
7613,merge, 단편,' 단편',7,3,20 eb 8b a8 ed 8e b8,1276,647,contains_whitespace,hangul;whitespace,True,
7614,merge, 보다는,' 보다는',10,4,20 eb b3 b4 eb 8b a4 eb 8a 94,357,644,contains_whitespace,hangul;whitespace,True,
7615,merge,평생,'평생',6,2,ed 8f 89 ec 83 9d,1221,592,,hangul,True,
7616,merge, 밖에 없,' 밖에 없',11,5,20 eb b0 96 ec 97 90 20 ec 97 86,2282,409,contains_whitespace,hangul;whitespace,True,
7617,merge, 대사가,' 대사가',10,4,20 eb 8c 80 ec 82 ac ea b0 80,1897,290,contains_whitespace,hangul;whitespace,True,
7618,merge, 배우들의 연기,' 배우들의 연기',20,8,20 eb b0 b0 ec 9a b0 eb 93 a4 ec 9d 98 20 ec 97 b0 ea b8 b0,2382,527,contains_whitespace,hangul;whitespace,True,
7619,merge, 기발,' 기발',7,3,20 ea b8 b0 eb b0 9c,511,867,contains_whitespace,hangul;whitespace,True,
7620,merge, 찬양,' 찬양',7,3,20 ec b0 ac ec 96 91,3569,1280,contains_whitespace,hangul;whitespace,True,
7621,merge,못해,'못해',6,2,eb aa bb ed 95 b4,1052,355,,hangul,True,
7622,merge,월이,'월이',6,2,ec 9b 94 ec 9d b4,398,1074,,hangul,True,
7623,merge, 앞뒤,' 앞뒤',7,3,20 ec 95 9e eb 92 a4,1814,2434,contains_whitespace,hangul;whitespace,True,
7624,merge, 우정,' 우정',7,3,20 ec 9a b0 ec a0 95,740,395,contains_whitespace,hangul;whitespace,True,
7625,merge, 좋다고,' 좋다고',10,4,20 ec a2 8b eb 8b a4 ea b3 a0,406,778,contains_whitespace,hangul;whitespace,True,
7626,merge,\n오래,'\n오래',7,3,0a ec 98 a4 eb 9e 98,1364,525,contains_whitespace;control_char,control;hangul;whitespace,True,
7627,merge, 포스터가,' 포스터가',13,5,20 ed 8f ac ec 8a a4 ed 84 b0 ea b0 80,2527,290,contains_whitespace,hangul;whitespace,True,
7628,merge,3편,'3편',4,2,33 ed 8e b8,55,647,,digit;hangul,True,
7629,merge,", 영화","', 영화'",8,4,2c 20 ec 98 81 ed 99 94,48,305,contains_whitespace,hangul;punct_symbol;whitespace,True,
7630,merge,지르,'지르',6,2,ec a7 80 eb a5 b4,286,576,,hangul,True,
7631,merge,돈주고,'돈주고',9,3,eb 8f 88 ec a3 bc ea b3 a0,1514,1610,,hangul,True,
7632,merge,기 힘들,'기 힘들',10,4,ea b8 b0 20 ed 9e 98 eb 93 a4,303,1942,contains_whitespace,hangul;whitespace,True,
7633,merge,이 참,'이 참',7,3,ec 9d b4 20 ec b0 b8,267,802,contains_whitespace,hangul;whitespace,True,
7634,merge,\n예전에,'\n예전에',10,4,0a ec 98 88 ec a0 84 ec 97 90,2817,1663,contains_whitespace;control_char,control;hangul;whitespace,True,
7635,merge, f,' f',2,2,20 66,36,106,contains_whitespace,english;whitespace,True,
7636,merge,우리가,'우리가',9,3,ec 9a b0 eb a6 ac ea b0 80,404,1506,,hangul,True,
7637,merge,기도하고,'기도하고',12,4,ea b8 b0 eb 8f 84 ed 95 98 ea b3 a0,1487,437,,hangul,True,
7638,merge,어쩌,'어쩌',6,2,ec 96 b4 ec a9 8c,327,4414,,hangul,True,
7639,merge, 킹,' 킹',4,2,20 ed 82 b9,1500,189,contains_whitespace,hangul;whitespace,True,
7640,merge, 수고,' 수고',7,3,20 ec 88 98 ea b3 a0,531,277,contains_whitespace,hangul;whitespace,True,
7641,merge,,b'\x9c\xa8',2,0,9c a8,160,172,invalid_utf8,invalid_utf8,False,'utf-8' codec can't decode byte 0x9c in position 0: invalid start byte
7642,merge,감도,'감도',6,2,ea b0 90 eb 8f 84,586,296,,hangul,True,
7643,merge, 추가,' 추가',7,3,20 ec b6 94 ea b0 80,911,290,contains_whitespace,hangul;whitespace,True,
7644,merge, 띄,' 띄',4,2,20 eb 9d 84,4265,136,contains_whitespace,hangul;whitespace,True,
7645,merge,물로,'물로',6,2,eb ac bc eb a1 9c,745,325,,hangul,True,
7646,merge, 과학,' 과학',7,3,20 ea b3 bc ed 95 99,1380,961,contains_whitespace,hangul;whitespace,True,
7647,merge, 탄탄하고,' 탄탄하고',13,5,20 ed 83 84 ed 83 84 ed 95 98 ea b3 a0,3202,437,contains_whitespace,hangul;whitespace,True,
7648,merge, 킬링타임용으로,' 킬링타임용으로',22,8,20 ed 82 ac eb a7 81 ed 83 80 ec 9e 84 ec 9a a9 ec 9c bc eb a1 9c,2998,432,contains_whitespace,hangul;whitespace,True,
7649,merge,자나,'자나',6,2,ec 9e 90 eb 82 98,392,320,,hangul,True,
7650,merge,중에 제일,'중에 제일',13,5,ec a4 91 ec 97 90 20 ec a0 9c ec 9d bc,1402,1671,contains_whitespace,hangul;whitespace,True,
7651,merge,신분들,'신분들',9,3,ec 8b a0 eb b6 84 eb 93 a4,545,2791,,hangul,True,
7652,merge,으려,'으려',6,2,ec 9c bc eb a0 a4,378,512,,hangul,True,
7653,merge,... 영화,'... 영화',10,6,2e 2e 2e 20 ec 98 81 ed 99 94,373,305,contains_whitespace;repeated_run,hangul;punct_symbol;whitespace,True,
7654,merge, 재밌다\n,' 재밌다\n',11,5,20 ec 9e ac eb b0 8c eb 8b a4 0a,521,402,contains_whitespace;control_char,control;hangul;whitespace,True,
7655,merge,에 비하면,'에 비하면',13,5,ec 97 90 20 eb b9 84 ed 95 98 eb a9 b4,2162,1168,contains_whitespace,hangul;whitespace,True,
7656,merge,레멘타,'레멘타',9,3,eb a0 88 eb a9 98 ed 83 80,3326,7368,,hangul,True,
7657,merge,차별,'차별',6,2,ec b0 a8 eb b3 84,1077,1093,,hangul,True,
7658,merge,드리,'드리',6,2,eb 93 9c eb a6 ac,462,332,,hangul,True,
7659,merge, 좋았지만,' 좋았지만',13,5,20 ec a2 8b ec 95 98 ec a7 80 eb a7 8c,860,436,contains_whitespace,hangul;whitespace,True,
7660,merge, 쩝,' 쩝',4,2,20 ec a9 9d,2273,161,contains_whitespace,hangul;whitespace,True,
7661,merge, 쓰레기 영화\n,' 쓰레기 영화\n',18,8,20 ec 93 b0 eb a0 88 ea b8 b0 20 ec 98 81 ed 99 94 0a,839,1103,contains_whitespace;control_char,control;hangul;whitespace,True,
7662,merge, 되어,' 되어',7,3,20 eb 90 98 ec 96 b4,746,327,contains_whitespace,hangul;whitespace,True,
7663,merge,았고,'았고',6,2,ec 95 98 ea b3 a0,467,277,,hangul,True,
7664,merge,\n천,'\n천',4,2,0a ec b2 9c,1754,160,contains_whitespace;control_char,control;hangul;whitespace,True,
7665,merge, 가르,' 가르',7,3,20 ea b0 80 eb a5 b4,485,576,contains_whitespace,hangul;whitespace,True,
7666,merge, 악마,' 악마',7,3,20 ec 95 85 eb a7 88,1595,400,contains_whitespace,hangul;whitespace,True,
7667,merge, 뱀파이어,' 뱀파이어',13,5,20 eb b1 80 ed 8c 8c ec 9d b4 ec 96 b4,5424,5291,contains_whitespace,hangul;whitespace,True,
7668,merge, 있을,' 있을',7,3,20 ec 9e 88 ec 9d 84,431,318,contains_whitespace,hangul;whitespace,True,
7669,merge, 야동,' 야동',7,3,20 ec 95 bc eb 8f 99,1988,768,contains_whitespace,hangul;whitespace,True,
7670,merge, 장면들이,' 장면들이',13,5,20 ec 9e a5 eb a9 b4 eb 93 a4 ec 9d b4,1008,593,contains_whitespace,hangul;whitespace,True,
7671,merge,서방,'서방',6,2,ec 84 9c eb b0 a9,321,1032,,hangul,True,
7672,merge,세포소녀,'세포소녀',12,4,ec 84 b8 ed 8f ac ec 86 8c eb 85 80,6379,4634,,hangul,True,
7673,merge, 흥분,' 흥분',7,3,20 ed 9d a5 eb b6 84,1298,546,contains_whitespace,hangul;whitespace,True,
7674,merge, 오랜만,' 오랜만',10,4,20 ec 98 a4 eb 9e 9c eb a7 8c,5358,328,contains_whitespace,hangul;whitespace,True,
7675,merge,만 보고,'만 보고',10,4,eb a7 8c 20 eb b3 b4 ea b3 a0,328,663,contains_whitespace,hangul;whitespace,True,
7676,merge,들에,'들에',6,2,eb 93 a4 ec 97 90,334,300,,hangul,True,
7677,merge,한 부분,'한 부분',10,4,ed 95 9c 20 eb b6 80 eb b6 84,304,1855,contains_whitespace,hangul;whitespace,True,
7678,merge, 강한,' 강한',7,3,20 ea b0 95 ed 95 9c,1028,304,contains_whitespace,hangul;whitespace,True,
7679,merge, 폭풍,' 폭풍',7,3,20 ed 8f ad ed 92 8d,2214,2489,contains_whitespace,hangul;whitespace,True,
7680,merge, 가슴에,' 가슴에',10,4,20 ea b0 80 ec 8a b4 ec 97 90,1367,300,contains_whitespace,hangul;whitespace,True,
7681,merge,석규,'석규',6,2,ec 84 9d ea b7 9c,1472,2783,,hangul,True,
7682,merge,부는,'부는',6,2,eb b6 80 eb 8a 94,523,272,,hangul,True,
7683,merge, 서부,' 서부',7,3,20 ec 84 9c eb b6 80,1310,523,contains_whitespace,hangul;whitespace,True,
7684,merge, 있다.\n,' 있다.\n',9,5,20 ec 9e 88 eb 8b a4 2e 0a,431,388,contains_whitespace;control_char,control;hangul;punct_symbol;whitespace,True,
7685,merge,는데 너무,'는데 너무',13,5,eb 8a 94 eb 8d b0 20 eb 84 88 eb ac b4,393,452,contains_whitespace,hangul;whitespace,True,
7686,merge, 짜집기,' 짜집기',10,4,20 ec a7 9c ec a7 91 ea b8 b0,6187,303,contains_whitespace,hangul;whitespace,True,
7687,merge,미네이터,'미네이터',12,4,eb af b8 eb 84 a4 ec 9d b4 ed 84 b0,7100,4538,,hangul,True,
7688,merge,름답,'름답',6,2,eb a6 84 eb 8b b5,636,901,,hangul,True,
7689,merge,쟁이,'쟁이',6,2,ec 9f 81 ec 9d b4,1469,267,,hangul,True,
7690,merge, 추천합니다\n,' 추천합니다\n',17,7,20 ec b6 94 ec b2 9c ed 95 a9 eb 8b 88 eb 8b a4 0a,1416,3032,contains_whitespace;control_char,control;hangul;whitespace,True,
7691,merge, 예능,' 예능',7,3,20 ec 98 88 eb 8a a5,918,1306,contains_whitespace,hangul;whitespace,True,
7692,merge, 런,' 런',4,2,20 eb 9f b0,261,6385,contains_whitespace,hangul;whitespace,True,
7693,merge, 마냥,' 마냥',7,3,20 eb a7 88 eb 83 a5,2503,4223,contains_whitespace,hangul;whitespace,True,
7694,merge,져요,'져요',6,2,ec a0 b8 ec 9a 94,952,326,,hangul,True,
7695,merge, 잔뜩,' 잔뜩',7,3,20 ec 9e 94 eb 9c a9,1264,6132,contains_whitespace,hangul;whitespace,True,
7696,merge,가 없다.,'가 없다.',11,5,ea b0 80 20 ec 97 86 eb 8b a4 2e,1161,369,contains_whitespace,hangul;punct_symbol;whitespace,True,
7697,merge,을 해,'을 해',7,3,ec 9d 84 20 ed 95 b4,318,753,contains_whitespace,hangul;whitespace,True,
7698,merge, 단체,' 단체',7,3,20 eb 8b a8 ec b2 b4,1276,683,contains_whitespace,hangul;whitespace,True,
7699,merge,.\n평점,'.\n평점',8,4,2e 0a ed 8f 89 ec a0 90,311,845,contains_whitespace;control_char,control;hangul;punct_symbol;whitespace,True,
7700,merge,도 못한,'도 못한',10,4,eb 8f 84 20 eb aa bb ed 95 9c,2275,304,contains_whitespace,hangul;whitespace,True,
7701,merge, 무섭고,' 무섭고',10,4,20 eb ac b4 ec 84 ad ea b3 a0,1972,277,contains_whitespace,hangul;whitespace,True,
7702,merge, 찢,' 찢',4,2,20 ec b0 a2,496,166,contains_whitespace,hangul;whitespace,True,
7703,merge,몰입도,'몰입도',9,3,eb aa b0 ec 9e 85 eb 8f 84,3062,296,,hangul,True,
7704,merge,시걸,'시걸',6,2,ec 8b 9c ea b1 b8,365,643,,hangul,True,
7705,merge, 더 잘,' 더 잘',8,4,20 eb 8d 94 20 ec 9e 98,566,549,contains_whitespace,hangul;whitespace,True,
7706,merge,부모,'부모',6,2,eb b6 80 eb aa a8,523,789,,hangul,True,
7707,merge,구라,'구라',6,2,ea b5 ac eb 9d bc,354,1206,,hangul,True,
7708,merge, 가볍,' 가볍',7,3,20 ea b0 80 eb b3 8d,485,3315,contains_whitespace,hangul;whitespace,True,
7709,merge,랭,'랭',3,1,eb 9e ad,375,177,,hangul,True,
7710,merge,지루함,'지루함',9,3,ec a7 80 eb a3 a8 ed 95 a8,1299,528,,hangul,True,
7711,merge, 맘에 들,' 맘에 들',11,5,20 eb a7 98 ec 97 90 20 eb 93 a4,2712,988,contains_whitespace,hangul;whitespace,True,
7712,merge, 공포물,' 공포물',10,4,20 ea b3 b5 ed 8f ac eb ac bc,4167,794,contains_whitespace,hangul;whitespace,True,
7713,merge,더라면,'더라면',9,3,eb 8d 94 eb 9d bc eb a9 b4,1385,356,,hangul,True,
7714,merge, 됩니,' 됩니',7,3,20 eb 90 a9 eb 8b 88,903,871,contains_whitespace,hangul;whitespace,True,
7715,merge,ed,'ed',2,2,65 64,105,104,,english,True,
7716,merge, 흘렸,' 흘렸',7,3,20 ed 9d 98 eb a0 b8,2136,1030,contains_whitespace,hangul;whitespace,True,
7717,merge, 최민,' 최민',7,3,20 ec b5 9c eb af bc,493,947,contains_whitespace,hangul;whitespace,True,
7718,merge, 살면서,' 살면서',10,4,20 ec 82 b4 eb a9 b4 ec 84 9c,887,694,contains_whitespace,hangul;whitespace,True,
7719,merge,게로,'게로',6,2,ea b2 8c eb a1 9c,319,325,,hangul,True,
7720,merge,\n첫,'\n첫',4,2,0a ec b2 ab,1754,175,contains_whitespace;control_char,control;hangul;whitespace,True,
7721,merge,헐리웃,'헐리웃',9,3,ed 97 90 eb a6 ac ec 9b 83,3085,3687,,hangul,True,
7722,merge, 웨,' 웨',4,2,20 ec 9b a8,565,172,contains_whitespace,hangul;whitespace,True,
7723,merge, 멋있고,' 멋있고',10,4,20 eb a9 8b ec 9e 88 ea b3 a0,1063,2243,contains_whitespace,hangul;whitespace,True,
7724,merge, 유행,' 유행',7,3,20 ec 9c a0 ed 96 89,679,967,contains_whitespace,hangul;whitespace,True,
7725,merge,배우들도,'배우들도',12,4,eb b0 b0 ec 9a b0 eb 93 a4 eb 8f 84,994,1465,,hangul,True,
7726,merge,것에,'것에',6,2,ea b2 83 ec 97 90,420,300,,hangul,True,
7727,merge, 시간 낭비,' 시간 낭비',14,6,20 ec 8b 9c ea b0 84 20 eb 82 ad eb b9 84,897,3361,contains_whitespace,hangul;whitespace,True,
7728,merge,던 기억이,'던 기억이',13,5,eb 8d 98 20 ea b8 b0 ec 96 b5 ec 9d b4,596,2182,contains_whitespace,hangul;whitespace,True,
7729,merge, 보고왔,' 보고왔',10,4,20 eb b3 b4 ea b3 a0 ec 99 94,663,1123,contains_whitespace,hangul;whitespace,True,
7730,merge, 끝나서,' 끝나서',10,4,20 eb 81 9d eb 82 98 ec 84 9c,732,1270,contains_whitespace,hangul;whitespace,True,
7731,merge,좋음,'좋음',6,2,ec a2 8b ec 9d 8c,780,370,,hangul,True,
7732,merge,을 통해,'을 통해',10,4,ec 9d 84 20 ed 86 b5 ed 95 b4,318,4117,contains_whitespace,hangul;whitespace,True,
7733,merge,기와,'기와',6,2,ea b8 b0 ec 99 80,303,509,,hangul,True,
7734,merge,판이,'판이',6,2,ed 8c 90 ec 9d b4,941,267,,hangul,True,
7735,merge,거냐,'거냐',6,2,ea b1 b0 eb 83 90,385,719,,hangul,True,
7736,merge, 자신이,' 자신이',10,4,20 ec 9e 90 ec 8b a0 ec 9d b4,2156,267,contains_whitespace,hangul;whitespace,True,
7737,merge,을 듯,'을 듯',7,3,ec 9d 84 20 eb 93 af,318,1338,contains_whitespace,hangul;whitespace,True,
7738,merge,\n아직도,'\n아직도',10,4,0a ec 95 84 ec a7 81 eb 8f 84,872,4408,contains_whitespace;control_char,control;hangul;whitespace,True,
7739,merge,창정,'창정',6,2,ec b0 bd ec a0 95,1733,395,,hangul,True,
7740,merge,im,'im',2,2,69 6d,109,113,,english,True,
7741,merge,\n지금,'\n지금',7,3,0a ec a7 80 ea b8 88,14,1810,contains_whitespace;control_char,control;hangul;whitespace,True,
7742,merge,종일관,'종일관',9,3,ec a2 85 ec 9d bc ea b4 80,5581,825,,hangul,True,
7743,merge,un,'un',2,2,75 6e,121,114,,english,True,
7744,merge,no,'no',2,2,6e 6f,114,115,,english,True,
7745,merge,깜,'깜',3,1,ea b9 9c,362,160,,hangul,True,
7746,merge,짧,'짧',3,1,ec a7 a7,273,171,,hangul,True,
7747,merge,낙,'낙',3,1,eb 82 99,291,157,,hangul,True,
7748,merge, 그렇지,' 그렇지',10,4,20 ea b7 b8 eb a0 87 ec a7 80,1646,286,contains_whitespace,hangul;whitespace,True,
7749,merge,선택,'선택',6,2,ec 84 a0 ed 83 9d,731,2010,,hangul,True,
7750,merge, 대사들,' 대사들',10,4,20 eb 8c 80 ec 82 ac eb 93 a4,513,3511,contains_whitespace,hangul;whitespace,True,
7751,merge, 줬,' 줬',4,2,20 ec a4 ac,548,176,contains_whitespace,hangul;whitespace,True,
7752,merge, 고맙,' 고맙',7,3,20 ea b3 a0 eb a7 99,813,4571,contains_whitespace,hangul;whitespace,True,
7753,merge, 뛰어나,' 뛰어나',10,4,20 eb 9b b0 ec 96 b4 eb 82 98,2462,320,contains_whitespace,hangul;whitespace,True,
7754,merge,의 마지막,'의 마지막',13,5,ec 9d 98 20 eb a7 88 ec a7 80 eb a7 89,310,983,contains_whitespace,hangul;whitespace,True,
7755,merge,,b'..\n\xec\xa2',5,0,2e 2e 0a ec a2,1328,166,invalid_utf8,invalid_utf8,False,'utf-8' codec can't decode bytes in position 3-4: unexpected end of data
7756,merge,나??,'나??',5,3,eb 82 98 3f 3f,320,611,,hangul;punct_symbol,True,
7757,merge, 흡입,' 흡입',7,3,20 ed 9d a1 ec 9e 85,4864,583,contains_whitespace,hangul;whitespace,True,
7758,merge,봤다.,'봤다.',7,3,eb b4 a4 eb 8b a4 2e,769,369,,hangul;punct_symbol,True,
7759,merge,에 빠져,'에 빠져',10,4,ec 97 90 20 eb b9 a0 ec a0 b8,300,2222,contains_whitespace,hangul;whitespace,True,
7760,merge, 아이언,' 아이언',10,4,20 ec 95 84 ec 9d b4 ec 96 b8,1202,1366,contains_whitespace,hangul;whitespace,True,
7761,merge, 필름,' 필름',7,3,20 ed 95 84 eb a6 84,3330,636,contains_whitespace,hangul;whitespace,True,
7762,merge, 손발,' 손발',7,3,20 ec 86 90 eb b0 9c,1499,867,contains_whitespace,hangul;whitespace,True,
7763,merge,푼,'푼',3,1,ed 91 bc,2932,192,,hangul,True,
7764,merge,적이라,'적이라',9,3,ec a0 81 ec 9d b4 eb 9d bc,417,650,,hangul,True,
7765,merge,나요?\n,'나요?\n',8,4,eb 82 98 ec 9a 94 3f 0a,1792,709,contains_whitespace;control_char,control;hangul;punct_symbol;whitespace,True,
7766,merge, 볼 때,' 볼 때',8,4,20 eb b3 bc 20 eb 95 8c,670,905,contains_whitespace,hangul;whitespace,True,
7767,merge,\n생각보다,'\n생각보다',13,5,0a ec 83 9d ea b0 81 eb b3 b4 eb 8b a4,4135,691,contains_whitespace;control_char,control;hangul;whitespace,True,
7768,merge,\n아 진짜,'\n아 진짜',11,5,0a ec 95 84 20 ec a7 84 ec a7 9c,872,601,contains_whitespace;control_char,control;hangul;whitespace,True,
7769,merge, 애매,' 애매',7,3,20 ec 95 a0 eb a7 a4,762,1081,contains_whitespace,hangul;whitespace,True,
7770,merge,떨,'떨',3,1,eb 96 a8,849,172,,hangul,True,
7771,merge,지 않아,'지 않아',10,4,ec a7 80 20 ec 95 8a ec 95 84,642,338,contains_whitespace,hangul;whitespace,True,
7772,merge,다르,'다르',6,2,eb 8b a4 eb a5 b4,268,576,,hangul,True,
7773,merge,둥이,'둥이',6,2,eb 91 a5 ec 9d b4,4041,267,,hangul,True,
7774,merge, 개연성이,' 개연성이',13,5,20 ea b0 9c ec 97 b0 ec 84 b1 ec 9d b4,2348,1676,contains_whitespace,hangul;whitespace,True,
7775,merge, 암걸,' 암걸',7,3,20 ec 95 94 ea b1 b8,2416,643,contains_whitespace,hangul;whitespace,True,
7776,merge,아버,'아버',6,2,ec 95 84 eb b2 84,338,685,,hangul,True,
7777,merge,까?\n,'까?\n',5,3,ea b9 8c 3f 0a,399,709,contains_whitespace;control_char,control;hangul;punct_symbol;whitespace,True,
7778,merge,운데,'운데',6,2,ec 9a b4 eb 8d b0,492,346,,hangul,True,
7779,merge, 좋았음,' 좋았음',10,4,20 ec a2 8b ec 95 98 ec 9d 8c,860,370,contains_whitespace,hangul;whitespace,True,
7780,merge,음악이,'음악이',9,3,ec 9d 8c ec 95 85 ec 9d b4,1839,267,,hangul,True,
7781,merge, 일본영화,' 일본영화',13,5,20 ec 9d bc eb b3 b8 ec 98 81 ed 99 94,1345,367,contains_whitespace,hangul;whitespace,True,
7782,merge,다.\n이런,'다.\n이런',11,5,eb 8b a4 2e 0a ec 9d b4 eb 9f b0,388,1230,contains_whitespace;control_char,control;hangul;punct_symbol;whitespace,True,
7783,merge, 또 봐도,' 또 봐도',11,5,20 eb 98 90 20 eb b4 90 eb 8f 84,962,1445,contains_whitespace,hangul;whitespace,True,
7784,merge, 다운받아서,' 다운받아서',16,6,20 eb 8b a4 ec 9a b4 eb b0 9b ec 95 84 ec 84 9c,3609,1134,contains_whitespace,hangul;whitespace,True,
7785,merge, 이소룡,' 이소룡',10,4,20 ec 9d b4 ec 86 8c eb a3 a1,322,5897,contains_whitespace,hangul;whitespace,True,
7786,merge,,b'\x9d\xbd',2,0,9d bd,161,193,invalid_utf8,invalid_utf8,False,'utf-8' codec can't decode byte 0x9d in position 0: invalid start byte
7787,merge, 아이디,' 아이디',10,4,20 ec 95 84 ec 9d b4 eb 94 94,1202,608,contains_whitespace,hangul;whitespace,True,
7788,merge,네요~\n,'네요~\n',8,4,eb 84 a4 ec 9a 94 7e 0a,471,943,contains_whitespace;control_char,control;hangul;punct_symbol;whitespace,True,
7789,merge,재밌음\n,'재밌음\n',10,4,ec 9e ac eb b0 8c ec 9d 8c 0a,783,957,contains_whitespace;control_char,control;hangul;whitespace,True,
7790,merge, 승리,' 승리',7,3,20 ec 8a b9 eb a6 ac,2809,332,contains_whitespace,hangul;whitespace,True,
7791,merge, 호흡,' 호흡',7,3,20 ed 98 b8 ed 9d a1,1598,4883,contains_whitespace,hangul;whitespace,True,
7792,merge,그럼,'그럼',6,2,ea b7 b8 eb 9f bc,460,1055,,hangul,True,
7793,merge, 제대로 된,' 제대로 된',14,6,20 ec a0 9c eb 8c 80 eb a1 9c 20 eb 90 9c,1611,1516,contains_whitespace,hangul;whitespace,True,
7794,merge,as,'as',2,2,61 73,101,119,,english,True,
7795,merge, 30,' 30',3,3,20 33 30,965,52,contains_whitespace,digit;whitespace,True,
7796,merge, 고뇌,' 고뇌',7,3,20 ea b3 a0 eb 87 8c,813,3696,contains_whitespace,hangul;whitespace,True,
7797,merge,함께,'함께',6,2,ed 95 a8 ea bb 98,528,1309,,hangul,True,
7798,merge,러니,'러니',6,2,eb 9f ac eb 8b 88,552,336,,hangul,True,
7799,merge, 리즈,' 리즈',7,3,20 eb a6 ac ec a6 88,1852,950,contains_whitespace,hangul;whitespace,True,
7800,merge, 아이디어,' 아이디어',13,5,20 ec 95 84 ec 9d b4 eb 94 94 ec 96 b4,1202,4214,contains_whitespace,hangul;whitespace,True,
7801,merge,는다\n,'는다\n',7,3,eb 8a 94 eb 8b a4 0a,272,402,contains_whitespace;control_char,control;hangul;whitespace,True,
7802,merge,하길,'하길',6,2,ed 95 98 ea b8 b8,289,782,,hangul,True,
7803,merge,7점,'7점',4,2,37 ec a0 90,59,366,,digit;hangul,True,
7804,merge,핑,'핑',3,1,ed 95 91,264,149,,hangul,True,
7805,merge, 수많은,' 수많은',10,4,20 ec 88 98 eb a7 8e ec 9d 80,531,2620,contains_whitespace,hangul;whitespace,True,
7806,merge,자막,'자막',6,2,ec 9e 90 eb a7 89,392,666,,hangul,True,
7807,merge, 외로,' 외로',7,3,20 ec 99 b8 eb a1 9c,1457,325,contains_whitespace,hangul;whitespace,True,
7808,merge,렛,'렛',3,1,eb a0 9b,339,159,,hangul,True,
7809,merge,냐고,'냐고',6,2,eb 83 90 ea b3 a0,719,277,,hangul,True,
7810,merge, 생기,' 생기',7,3,20 ec 83 9d ea b8 b0,1292,303,contains_whitespace,hangul;whitespace,True,
7811,merge,,b'\x91\xeb\x8c\x80',4,0,91 eb 8c 80,149,390,invalid_utf8,invalid_utf8,False,'utf-8' codec can't decode byte 0x91 in position 0: invalid start byte
7812,merge, 콘,' 콘',4,2,20 ec bd 98,2900,156,contains_whitespace,hangul;whitespace,True,
7813,merge,로맨틱,'로맨틱',9,3,eb a1 9c eb a7 a8 ed 8b b1,4145,2315,,hangul,True,
7814,merge,피아,'피아',6,2,ed 94 bc ec 95 84,1007,338,,hangul,True,
7815,merge,할게,'할게',6,2,ed 95 a0 ea b2 8c,478,319,,hangul,True,
7816,merge,가에,'가에',6,2,ea b0 80 ec 97 90,290,300,,hangul,True,
7817,merge, 임신,' 임신',7,3,20 ec 9e 84 ec 8b a0,2373,545,contains_whitespace,hangul;whitespace,True,
7818,merge, 학교에서,' 학교에서',13,5,20 ed 95 99 ea b5 90 ec 97 90 ec 84 9c,4806,463,contains_whitespace,hangul;whitespace,True,
7819,merge,이 잘,'이 잘',7,3,ec 9d b4 20 ec 9e 98,267,549,contains_whitespace,hangul;whitespace,True,
7820,merge,\n억지,'\n억지',7,3,0a ec 96 b5 ec a7 80,2558,5922,contains_whitespace;control_char,control;hangul;whitespace,True,
7821,merge, 깡,' 깡',4,2,20 ea b9 a1,688,165,contains_whitespace,hangul;whitespace,True,
7822,merge, 일으,' 일으',7,3,20 ec 9d bc ec 9c bc,701,378,contains_whitespace,hangul;whitespace,True,
7823,merge, 마지막회,' 마지막회',13,5,20 eb a7 88 ec a7 80 eb a7 89 ed 9a 8c,983,884,contains_whitespace,hangul;whitespace,True,
7824,merge, 귀여워서,' 귀여워서',13,5,20 ea b7 80 ec 97 ac ec 9b 8c ec 84 9c,2008,2231,contains_whitespace,hangul;whitespace,True,
7825,merge, 재미없네,' 재미없네',13,5,20 ec 9e ac eb af b8 ec 97 86 eb 84 a4,818,379,contains_whitespace,hangul;whitespace,True,
7826,merge,가 된,'가 된',7,3,ea b0 80 20 eb 90 9c,290,1516,contains_whitespace,hangul;whitespace,True,
7827,merge,다\n주,'다\n주',7,3,eb 8b a4 0a ec a3 bc,806,377,contains_whitespace;control_char,control;hangul;whitespace,True,
7828,merge, 몰입도가,' 몰입도가',13,5,20 eb aa b0 ec 9e 85 eb 8f 84 ea b0 80,2319,290,contains_whitespace,hangul;whitespace,True,
7829,merge,지 않을까,'지 않을까',13,5,ec a7 80 20 ec 95 8a ec 9d 84 ea b9 8c,642,1091,contains_whitespace,hangul;whitespace,True,
7830,merge,.\n완전,'.\n완전',8,4,2e 0a ec 99 84 ec a0 84,311,1924,contains_whitespace;control_char,control;hangul;punct_symbol;whitespace,True,
7831,merge,을것 같,'을것 같',10,4,ec 9d 84 ea b2 83 20 ea b0 99,318,1713,contains_whitespace,hangul;whitespace,True,
7832,merge, 팬들,' 팬들',7,3,20 ed 8c ac eb 93 a4,785,3776,contains_whitespace,hangul;whitespace,True,
7833,merge, 심장,' 심장',7,3,20 ec 8b ac ec 9e a5,1153,425,contains_whitespace,hangul;whitespace,True,
7834,merge,태어나서,'태어나서',12,4,ed 83 9c ec 96 b4 eb 82 98 ec 84 9c,1167,4302,,hangul,True,
7835,merge,tv 전기세가 아깝다,'tv 전기세가 아깝다',25,11,74 76 20 ec a0 84 ea b8 b0 ec 84 b8 ea b0 80 20 ec 95 84 ea b9 9d eb 8b a4,5628,3460,contains_whitespace,english;hangul;whitespace,True,
7836,merge, 확인,' 확인',7,3,20 ed 99 95 ec 9d b8,2112,341,contains_whitespace,hangul;whitespace,True,
7837,merge, 199,' 199',4,4,20 31 39 39,505,2421,contains_whitespace,digit;whitespace,True,
7838,merge, 한가,' 한가',7,3,20 ed 95 9c ea b0 80,469,290,contains_whitespace,hangul;whitespace,True,
7839,merge, 것이다.\n,' 것이다.\n',12,6,20 ea b2 83 ec 9d b4 eb 8b a4 2e 0a,661,1358,contains_whitespace;control_char,control;hangul;punct_symbol;whitespace,True,
7840,merge,읍,'읍',3,1,ec 9d 8d,262,145,,hangul,True,
7841,merge,하고는,'하고는',9,3,ed 95 98 ea b3 a0 eb 8a 94,437,272,,hangul,True,
7842,merge, 몇년,' 몇년',7,3,20 eb aa 87 eb 85 84,1537,629,contains_whitespace,hangul;whitespace,True,
7843,merge,판타,'판타',6,2,ed 8c 90 ed 83 80,941,635,,hangul,True,
7844,merge,의 아픔,'의 아픔',10,4,ec 9d 98 20 ec 95 84 ed 94 94,3269,2508,contains_whitespace,hangul;whitespace,True,
7845,merge, 거부,' 거부',7,3,20 ea b1 b0 eb b6 80,838,523,contains_whitespace,hangul;whitespace,True,
7846,merge, 반전도,' 반전도',10,4,20 eb b0 98 ec a0 84 eb 8f 84,1340,296,contains_whitespace,hangul;whitespace,True,
7847,merge,의 원,'의 원',7,3,ec 9d 98 20 ec 9b 90,310,972,contains_whitespace,hangul;whitespace,True,
7848,merge,제작비,'제작비',9,3,ec a0 9c ec 9e 91 eb b9 84,3600,624,,hangul,True,
7849,merge,인상,'인상',6,2,ec 9d b8 ec 83 81,341,433,,hangul,True,
7850,merge,눈물이,'눈물이',9,3,eb 88 88 eb ac bc ec 9d b4,2655,267,,hangul,True,
7851,merge, 비디오로,' 비디오로',13,5,20 eb b9 84 eb 94 94 ec 98 a4 eb a1 9c,2830,325,contains_whitespace,hangul;whitespace,True,
7852,merge, 만들었는지,' 만들었는지',16,6,20 eb a7 8c eb 93 a4 ec 97 88 eb 8a 94 ec a7 80,1901,945,contains_whitespace,hangul;whitespace,True,
7853,merge,해라\n,'해라\n',7,3,ed 95 b4 eb 9d bc 0a,355,2323,contains_whitespace;control_char,control;hangul;whitespace,True,
7854,merge,삼류,'삼류',6,2,ec 82 bc eb a5 98,2331,989,,hangul,True,
7855,merge, 안봐,' 안봐',7,3,20 ec 95 88 eb b4 90,733,1960,contains_whitespace,hangul;whitespace,True,
7856,merge,니라,'니라',6,2,eb 8b 88 eb 9d bc,1023,317,,hangul,True,
7857,merge, 재밌었음,' 재밌었음',13,5,20 ec 9e ac eb b0 8c ec 97 88 ec 9d 8c,521,1926,contains_whitespace,hangul;whitespace,True,
7858,merge,딩때,'딩때',6,2,eb 94 a9 eb 95 8c,1315,574,,hangul,True,
7859,merge,적으론,'적으론',9,3,ec a0 81 ec 9c bc eb a1 a0,417,3880,,hangul,True,
7860,merge,새록,'새록',6,2,ec 83 88 eb a1 9d,361,6731,,hangul,True,
7861,merge, 돈을,' 돈을',7,3,20 eb 8f 88 ec 9d 84,1080,318,contains_whitespace,hangul;whitespace,True,
7862,merge, 역량,' 역량',7,3,20 ec 97 ad eb 9f 89,843,2757,contains_whitespace,hangul;whitespace,True,
7863,merge, 덤,' 덤',4,2,20 eb 8d a4,507,168,contains_whitespace,hangul;whitespace,True,
7864,merge, ㅄ,' ㅄ',4,2,20 e3 85 84,1786,136,contains_whitespace,hangul;whitespace,True,
7865,merge, 풋풋,' 풋풋',7,3,20 ed 92 8b ed 92 8b,7253,4086,contains_whitespace,hangul;whitespace,True,
7866,merge, 이연걸,' 이연걸',10,4,20 ec 9d b4 ec 97 b0 ea b1 b8,322,3722,contains_whitespace,hangul;whitespace,True,
7867,merge,전설,'전설',6,2,ec a0 84 ec 84 a4,434,877,,hangul,True,
7868,merge, 이거보고,' 이거보고',13,5,20 ec 9d b4 ea b1 b0 eb b3 b4 ea b3 a0,1029,781,contains_whitespace,hangul;whitespace,True,
7869,merge,을 왜,'을 왜',7,3,ec 9d 84 20 ec 99 9c,318,628,contains_whitespace,hangul;whitespace,True,
7870,merge,만 보면,'만 보면',10,4,eb a7 8c 20 eb b3 b4 eb a9 b4,328,1191,contains_whitespace,hangul;whitespace,True,
7871,merge, 엉성한,' 엉성한',10,4,20 ec 97 89 ec 84 b1 ed 95 9c,2597,304,contains_whitespace,hangul;whitespace,True,
7872,merge, 어렸을때,' 어렸을때',13,5,20 ec 96 b4 eb a0 b8 ec 9d 84 eb 95 8c,455,3321,contains_whitespace,hangul;whitespace,True,
7873,merge, 은근,' 은근',7,3,20 ec 9d 80 ea b7 bc,2643,1138,contains_whitespace,hangul;whitespace,True,
7874,merge,팠,'팠',3,1,ed 8c a0,522,164,,hangul,True,
7875,merge,때부터,'때부터',9,3,eb 95 8c eb b6 80 ed 84 b0,574,960,,hangul,True,
7876,merge,중 최고,'중 최고',10,4,ec a4 91 20 ec b5 9c ea b3 a0,559,599,contains_whitespace,hangul;whitespace,True,
7877,merge,18,'18',2,2,31 38,53,60,,digit,True,
7878,merge,\n무,'\n무',4,2,0a eb ac b4,14,617,contains_whitespace;control_char,control;hangul;whitespace,True,
7879,merge, 한숨,' 한숨',7,3,20 ed 95 9c ec 88 a8,469,3177,contains_whitespace,hangul;whitespace,True,
7880,merge,,b'\xb2\xa0',2,0,b2 a0,182,164,invalid_utf8,invalid_utf8,False,'utf-8' codec can't decode byte 0xb2 in position 0: invalid start byte
7881,merge,아...,'아...',6,4,ec 95 84 2e 2e 2e,338,373,repeated_run,hangul;punct_symbol,True,
7882,merge, 남자의,' 남자의',10,4,20 eb 82 a8 ec 9e 90 ec 9d 98,1362,310,contains_whitespace,hangul;whitespace,True,
7883,merge,,b'\xb3\xbc',2,0,b3 bc,183,192,invalid_utf8,invalid_utf8,False,'utf-8' codec can't decode byte 0xb3 in position 0: invalid start byte
7884,merge, 불가능,' 불가능',10,4,20 eb b6 88 ea b0 80 eb 8a a5,1043,5225,contains_whitespace,hangul;whitespace,True,
7885,merge,남주,'남주',6,2,eb 82 a8 ec a3 bc,855,428,,hangul,True,
7886,merge,"는,","'는,'",4,2,eb 8a 94 2c,272,48,,hangul;punct_symbol,True,
7887,merge, 어디에,' 어디에',10,4,20 ec 96 b4 eb 94 94 ec 97 90,1657,300,contains_whitespace,hangul;whitespace,True,
7888,merge, ㅡㅡ;,' ㅡㅡ;',8,4,20 e3 85 a1 e3 85 a1 3b,1474,63,contains_whitespace,hangul;punct_symbol;whitespace,True,
7889,merge,\n완벽,'\n완벽',7,3,0a ec 99 84 eb b2 bd,4316,1681,contains_whitespace;control_char,control;hangul;whitespace,True,
7890,merge,덕에,'덕에',6,2,eb 8d 95 ec 97 90,1858,300,,hangul,True,
7891,merge,\n어릴때,'\n어릴때',10,4,0a ec 96 b4 eb a6 b4 eb 95 8c,1492,2697,contains_whitespace;control_char,control;hangul;whitespace,True,
7892,merge, 좋았다\n,' 좋았다\n',11,5,20 ec a2 8b ec 95 98 eb 8b a4 0a,860,402,contains_whitespace;control_char,control;hangul;whitespace,True,
7893,merge,.5점,'.5점',5,3,2e 35 ec a0 90,3320,366,,digit;hangul;punct_symbol,True,
7894,merge, 이용,' 이용',7,3,20 ec 9d b4 ec 9a a9,322,520,contains_whitespace,hangul;whitespace,True,
7895,merge,의 반,'의 반',7,3,ec 9d 98 20 eb b0 98,310,804,contains_whitespace,hangul;whitespace,True,
7896,merge,기\n,'기\n',4,2,ea b8 b0 0a,303,14,contains_whitespace;control_char,control;hangul;whitespace,True,
7897,merge, 전설의,' 전설의',10,4,20 ec a0 84 ec 84 a4 ec 9d 98,4051,310,contains_whitespace,hangul;whitespace,True,
7898,merge, 대부분,' 대부분',10,4,20 eb 8c 80 eb b6 80 eb b6 84,513,1845,contains_whitespace,hangul;whitespace,True,
7899,merge, 아이가,' 아이가',10,4,20 ec 95 84 ec 9d b4 ea b0 80,1202,290,contains_whitespace,hangul;whitespace,True,
7900,merge,력을,'력을',6,2,eb a0 a5 ec 9d 84,591,318,,hangul,True,
7901,merge,와 비교,'와 비교',10,4,ec 99 80 20 eb b9 84 ea b5 90,509,2261,contains_whitespace,hangul;whitespace,True,
7902,merge, 생각하는,' 생각하는',13,5,20 ec 83 9d ea b0 81 ed 95 98 eb 8a 94,581,504,contains_whitespace,hangul;whitespace,True,
7903,merge,붙,'붙',3,1,eb b6 99,386,157,,hangul,True,
7904,merge,9999,'9999',4,4,39 39 39 39,2421,2421,repeated_run,digit,True,
7905,merge,,b'\xa3\xa8\xec\xa6\x88',5,0,a3 a8 ec a6 88,2555,950,invalid_utf8,invalid_utf8,False,'utf-8' codec can't decode byte 0xa3 in position 0: invalid start byte
7906,merge,상우,'상우',6,2,ec 83 81 ec 9a b0,433,404,,hangul,True,
7907,merge,할순,'할순',6,2,ed 95 a0 ec 88 9c,478,1204,,hangul,True,
7908,merge,을 기대,'을 기대',10,4,ec 9d 84 20 ea b8 b0 eb 8c 80,318,977,contains_whitespace,hangul;whitespace,True,
7909,merge,안된,'안된',6,2,ec 95 88 eb 90 9c,1300,4367,,hangul,True,
7910,merge, 유아,' 유아',7,3,20 ec 9c a0 ec 95 84,679,338,contains_whitespace,hangul;whitespace,True,
7911,merge, 크리스마스,' 크리스마스',16,6,20 ed 81 ac eb a6 ac ec 8a a4 eb a7 88 ec 8a a4,3529,3719,contains_whitespace,hangul;whitespace,True,
7912,merge, 아련,' 아련',7,3,20 ec 95 84 eb a0 a8,349,1976,contains_whitespace,hangul;whitespace,True,
7913,merge,렀,'렀',3,1,eb a0 80,339,132,,hangul,True,
7914,merge,지~,'지~',4,2,ec a7 80 7e,286,130,,hangul;punct_symbol,True,
7915,merge, 가면,' 가면',7,3,20 ea b0 80 eb a9 b4,485,356,contains_whitespace,hangul;whitespace,True,
7916,merge, 재미없는 영화,' 재미없는 영화',20,8,20 ec 9e ac eb af b8 ec 97 86 eb 8a 94 20 ec 98 81 ed 99 94,818,537,contains_whitespace,hangul;whitespace,True,
7917,merge, 블루,' 블루',7,3,20 eb b8 94 eb a3 a8,2454,533,contains_whitespace,hangul;whitespace,True,
7918,merge,라라,'라라',6,2,eb 9d bc eb 9d bc,330,330,,hangul,True,
7919,merge, 에러,' 에러',7,3,20 ec 97 90 eb 9f ac,1151,552,contains_whitespace,hangul;whitespace,True,
7920,merge, 도시,' 도시',7,3,20 eb 8f 84 ec 8b 9c,997,365,contains_whitespace,hangul;whitespace,True,
7921,merge, 폭발,' 폭발',7,3,20 ed 8f ad eb b0 9c,2214,867,contains_whitespace,hangul;whitespace,True,
7922,merge, 저급,' 저급',7,3,20 ec a0 80 ea b8 89,810,910,contains_whitespace,hangul;whitespace,True,
7923,merge, 명복을,' 명복을',10,4,20 eb aa 85 eb b3 b5 ec 9d 84,787,6511,contains_whitespace,hangul;whitespace,True,
7924,merge, 지루하게,' 지루하게',13,5,20 ec a7 80 eb a3 a8 ed 95 98 ea b2 8c,720,621,contains_whitespace,hangul;whitespace,True,
7925,merge,"연출,","'연출,'",7,3,ec 97 b0 ec b6 9c 2c,2704,48,,hangul;punct_symbol,True,
7926,merge,것도 영화라고,'것도 영화라고',19,7,ea b2 83 eb 8f 84 20 ec 98 81 ed 99 94 eb 9d bc ea b3 a0,1173,2194,contains_whitespace,hangul;whitespace,True,
7927,merge,,b'\xa4\x91',2,0,a4 91,168,149,invalid_utf8,invalid_utf8,False,'utf-8' codec can't decode byte 0xa4 in position 0: invalid start byte
7928,merge,신의,'신의',6,2,ec 8b a0 ec 9d 98,545,310,,hangul,True,
7929,merge,구성,'구성',6,2,ea b5 ac ec 84 b1,541,500,,hangul,True,
7930,merge,이런영화,'이런영화',12,4,ec 9d b4 eb 9f b0 ec 98 81 ed 99 94,1230,367,,hangul,True,
7931,merge, 우연,' 우연',7,3,20 ec 9a b0 ec 97 b0,740,483,contains_whitespace,hangul;whitespace,True,
7932,merge,깊은,'깊은',6,2,ea b9 8a ec 9d 80,2047,313,,hangul,True,
7933,merge,떡,'떡',3,1,eb 96 a1,849,165,,hangul,True,
7934,merge,뽕,'뽕',3,1,eb bd 95,3752,153,,hangul,True,
7935,merge,\n웃기,'\n웃기',7,3,0a ec 9b 83 ea b8 b0,3732,303,contains_whitespace;control_char,control;hangul;whitespace,True,
7936,merge, 이걸 왜,' 이걸 왜',11,5,20 ec 9d b4 ea b1 b8 20 ec 99 9c,1984,628,contains_whitespace,hangul;whitespace,True,
7937,merge, 영화화,' 영화화',10,4,20 ec 98 81 ed 99 94 ed 99 94,305,279,contains_whitespace,hangul;whitespace,True,
7938,merge,보구,'보구',6,2,eb b3 b4 ea b5 ac,374,541,,hangul,True,
7939,merge,망작,'망작',6,2,eb a7 9d ec 9e 91,727,423,,hangul,True,
7940,merge, 사랑해요,' 사랑해요',13,5,20 ec 82 ac eb 9e 91 ed 95 b4 ec 9a 94,819,1910,contains_whitespace,hangul;whitespace,True,
7941,merge,비추,'비추',6,2,eb b9 84 ec b6 94,624,899,,hangul,True,
7942,merge,드워드,'드워드',9,3,eb 93 9c ec 9b 8c eb 93 9c,462,6468,,hangul,True,
7943,merge, 아파,' 아파',7,3,20 ec 95 84 ed 8c 8c,349,1235,contains_whitespace,hangul;whitespace,True,
7944,merge, 맞아,' 맞아',7,3,20 eb a7 9e ec 95 84,1186,338,contains_whitespace,hangul;whitespace,True,
7945,merge, 따위,' 따위',7,3,20 eb 94 b0 ec 9c 84,1001,835,contains_whitespace,hangul;whitespace,True,
7946,merge, 쓰레기영화\n,' 쓰레기영화\n',17,7,20 ec 93 b0 eb a0 88 ea b8 b0 ec 98 81 ed 99 94 0a,839,1177,contains_whitespace;control_char,control;hangul;whitespace,True,
7947,merge,아지,'아지',6,2,ec 95 84 ec a7 80,338,286,,hangul,True,
7948,merge,의 의미,'의 의미',10,4,ec 9d 98 20 ec 9d 98 eb af b8,310,1770,contains_whitespace,hangul;whitespace,True,
7949,merge,더라도,'더라도',9,3,eb 8d 94 eb 9d bc eb 8f 84,1385,296,,hangul,True,
7950,merge, 봤을까,' 봤을까',10,4,20 eb b4 a4 ec 9d 84 ea b9 8c,480,1091,contains_whitespace,hangul;whitespace,True,
7951,merge, 안되고,' 안되고',10,4,20 ec 95 88 eb 90 98 ea b3 a0,1352,277,contains_whitespace,hangul;whitespace,True,
7952,merge, 깍,' 깍',4,2,20 ea b9 8d,688,145,contains_whitespace,hangul;whitespace,True,
7953,merge,의 소중함을,'의 소중함을',16,6,ec 9d 98 20 ec 86 8c ec a4 91 ed 95 a8 ec 9d 84,310,5821,contains_whitespace,hangul;whitespace,True,
7954,merge, 그런 영화,' 그런 영화',14,6,20 ea b7 b8 eb 9f b0 20 ec 98 81 ed 99 94,1110,305,contains_whitespace,hangul;whitespace,True,
7955,merge, 적나라,' 적나라',10,4,20 ec a0 81 eb 82 98 eb 9d bc,1291,1390,contains_whitespace,hangul;whitespace,True,
7956,merge,도저히,'도저히',9,3,eb 8f 84 ec a0 80 ed 9e 88,296,2854,,hangul,True,
7957,merge,곳에,'곳에',6,2,ea b3 b3 ec 97 90,2749,300,,hangul,True,
7958,merge,개연성,'개연성',9,3,ea b0 9c ec 97 b0 ec 84 b1,5878,500,,hangul,True,
7959,merge,\n이영화를,'\n이영화를',13,5,0a ec 9d b4 ec 98 81 ed 99 94 eb a5 bc,558,1332,contains_whitespace;control_char,control;hangul;whitespace,True,
7960,merge, 쓰레기.,' 쓰레기.',11,5,20 ec 93 b0 eb a0 88 ea b8 b0 2e,839,50,contains_whitespace,hangul;punct_symbol;whitespace,True,
7961,merge,문화,'문화',6,2,eb ac b8 ed 99 94,716,279,,hangul,True,
7962,merge,의 부,'의 부',7,3,ec 9d 98 20 eb b6 80,310,705,contains_whitespace,hangul;whitespace,True,
7963,merge,살아,'살아',6,2,ec 82 b4 ec 95 84,1045,338,,hangul,True,
7964,merge,았습니다.,'았습니다.',13,5,ec 95 98 ec 8a b5 eb 8b 88 eb 8b a4 2e,467,1015,,hangul;punct_symbol,True,
7965,merge,홀,'홀',3,1,ed 99 80,276,132,,hangul,True,
7966,merge,니까?,'니까?',7,3,eb 8b 88 ea b9 8c 3f,1302,67,,hangul;punct_symbol,True,
7967,merge,갱이,'갱이',6,2,ea b0 b1 ec 9d b4,5011,267,,hangul,True,
7968,merge,됨\n,'됨\n',4,2,eb 90 a8 0a,2516,14,contains_whitespace;control_char,control;hangul;whitespace,True,
7969,merge, 커녕,' 커녕',7,3,20 ec bb a4 eb 85 95,2429,5552,contains_whitespace,hangul;whitespace,True,
7970,merge, 도둑,' 도둑',7,3,20 eb 8f 84 eb 91 91,997,4515,contains_whitespace,hangul;whitespace,True,
7971,merge,가요,'가요',6,2,ea b0 80 ec 9a 94,290,326,,hangul,True,
7972,merge,전문,'전문',6,2,ec a0 84 eb ac b8,434,716,,hangul,True,
7973,merge, 꼬마,' 꼬마',7,3,20 ea bc ac eb a7 88,3198,400,contains_whitespace,hangul;whitespace,True,
7974,merge, 볼 만,' 볼 만',8,4,20 eb b3 bc 20 eb a7 8c,670,458,contains_whitespace,hangul;whitespace,True,
7975,merge, 매력이,' 매력이',10,4,20 eb a7 a4 eb a0 a5 ec 9d b4,1269,267,contains_whitespace,hangul;whitespace,True,
7976,merge, 여운이 남,' 여운이 남',14,6,20 ec 97 ac ec 9a b4 ec 9d b4 20 eb 82 a8,2064,649,contains_whitespace,hangul;whitespace,True,
7977,merge, 봤음,' 봤음',7,3,20 eb b4 a4 ec 9d 8c,480,370,contains_whitespace,hangul;whitespace,True,
7978,merge,시다.,'시다.',7,3,ec 8b 9c eb 8b a4 2e,365,369,,hangul;punct_symbol,True,
7979,merge,불허,'불허',6,2,eb b6 88 ed 97 88,1370,1602,,hangul,True,
7980,merge,불허전,'불허전',9,3,eb b6 88 ed 97 88 ec a0 84,7979,434,,hangul,True,
7981,merge, 시간가는줄,' 시간가는줄',16,6,20 ec 8b 9c ea b0 84 ea b0 80 eb 8a 94 ec a4 84,897,6010,contains_whitespace,hangul;whitespace,True,
7982,merge, 지겨,' 지겨',7,3,20 ec a7 80 ea b2 a8,473,974,contains_whitespace,hangul;whitespace,True,
7983,merge, 둔,' 둔',4,2,20 eb 91 94,1898,152,contains_whitespace,hangul;whitespace,True,
7984,merge, 가수,' 가수',7,3,20 ea b0 80 ec 88 98,485,415,contains_whitespace,hangul;whitespace,True,
7985,merge,다는 생각,'다는 생각',13,5,eb 8b a4 eb 8a 94 20 ec 83 9d ea b0 81,644,581,contains_whitespace,hangul;whitespace,True,
7986,merge, 웃으면서,' 웃으면서',13,5,20 ec 9b 83 ec 9c bc eb a9 b4 ec 84 9c,800,2443,contains_whitespace,hangul;whitespace,True,
7987,merge,듯...\n,'듯...\n',7,5,eb 93 af 2e 2e 2e 0a,613,475,contains_whitespace;control_char;repeated_run,control;hangul;punct_symbol;whitespace,True,
7988,merge,,b'\xb4\xeb\x93\x9c',4,0,b4 eb 93 9c,184,462,invalid_utf8,invalid_utf8,False,'utf-8' codec can't decode byte 0xb4 in position 0: invalid start byte
7989,merge,칭,'칭',3,1,ec b9 ad,419,177,,hangul,True,
7990,merge,감.,'감.',4,2,ea b0 90 2e,586,50,,hangul;punct_symbol,True,
7991,merge,했다..,'했다..',8,4,ed 96 88 eb 8b a4 2e 2e,526,717,,hangul;punct_symbol,True,
7992,merge,루는,'루는',6,2,eb a3 a8 eb 8a 94,533,272,,hangul,True,
7993,merge, 아나,' 아나',7,3,20 ec 95 84 eb 82 98,349,320,contains_whitespace,hangul;whitespace,True,
7994,merge,는 처음,'는 처음',10,4,eb 8a 94 20 ec b2 98 ec 9d 8c,272,987,contains_whitespace,hangul;whitespace,True,
7995,merge, 목숨,' 목숨',7,3,20 eb aa a9 ec 88 a8,1763,3177,contains_whitespace,hangul;whitespace,True,
7996,merge,는 장면,'는 장면',10,4,eb 8a 94 20 ec 9e a5 eb a9 b4,272,1008,contains_whitespace,hangul;whitespace,True,
7997,merge,그레이,'그레이',9,3,ea b7 b8 eb a0 88 ec 9d b4,460,2244,,hangul,True,
7998,merge,EBS,'EBS',3,3,45 42 53,73,5153,,english,True,
7999,merge, 이런 영화는,' 이런 영화는',17,7,20 ec 9d b4 eb 9f b0 20 ec 98 81 ed 99 94 eb 8a 94,631,1003,contains_whitespace,hangul;whitespace,True,
8000,merge,껀,'껀',3,1,ea bb 80,812,132,,hangul,True,
8001,merge,거야?,'거야?',7,3,ea b1 b0 ec 95 bc 3f,2751,67,,hangul;punct_symbol,True,
8002,merge,는 영화...\n,'는 영화...\n',14,8,eb 8a 94 20 ec 98 81 ed 99 94 2e 2e 2e 0a,537,475,contains_whitespace;control_char;repeated_run,control;hangul;punct_symbol;whitespace,True,
8003,merge, 처음부터,' 처음부터',13,5,20 ec b2 98 ec 9d 8c eb b6 80 ed 84 b0,987,960,contains_whitespace,hangul;whitespace,True,
8004,merge,기.\n,'기.\n',5,3,ea b8 b0 2e 0a,303,311,contains_whitespace;control_char,control;hangul;punct_symbol;whitespace,True,
8005,merge,같다\n,'같다\n',7,3,ea b0 99 eb 8b a4 0a,569,402,contains_whitespace;control_char,control;hangul;whitespace,True,
8006,merge,★★★★,'★★★★',12,4,e2 98 85 e2 98 85 e2 98 85 e2 98 85,4467,4467,repeated_run,punct_symbol,True,
8007,merge,우울,'우울',6,2,ec 9a b0 ec 9a b8,404,861,,hangul,True,
8008,merge, 한순간,' 한순간',10,4,20 ed 95 9c ec 88 9c ea b0 84,469,3420,contains_whitespace,hangul;whitespace,True,
8009,merge, 또 다른,' 또 다른',11,5,20 eb 98 90 20 eb 8b a4 eb a5 b8,962,1277,contains_whitespace,hangul;whitespace,True,
8010,merge, 인생이,' 인생이',10,4,20 ec 9d b8 ec 83 9d ec 9d b4,1356,267,contains_whitespace,hangul;whitespace,True,
8011,merge, 구리,' 구리',7,3,20 ea b5 ac eb a6 ac,620,1126,contains_whitespace,hangul;whitespace,True,
8012,merge,나온다,'나온다',9,3,eb 82 98 ec 98 a8 eb 8b a4,2330,268,,hangul,True,
8013,merge, 영향,' 영향',7,3,20 ec 98 81 ed 96 a5,879,1532,contains_whitespace,hangul;whitespace,True,
8014,merge, 넘치는,' 넘치는',10,4,20 eb 84 98 ec b9 98 eb 8a 94,908,1785,contains_whitespace,hangul;whitespace,True,
8015,merge, 작품은,' 작품은',10,4,20 ec 9e 91 ed 92 88 ec 9d 80,885,313,contains_whitespace,hangul;whitespace,True,
8016,merge,\n재밋,'\n재밋',7,3,0a ec 9e ac eb b0 8b,14,1689,contains_whitespace;control_char,control;hangul;whitespace,True,
8017,merge, 사랑과,' 사랑과',10,4,20 ec 82 ac eb 9e 91 ea b3 bc,819,441,contains_whitespace,hangul;whitespace,True,
8018,merge, 할리우드,' 할리우드',13,5,20 ed 95 a0 eb a6 ac ec 9a b0 eb 93 9c,900,3352,contains_whitespace,hangul;whitespace,True,
8019,merge, 몇번,' 몇번',7,3,20 eb aa 87 eb b2 88,1537,711,contains_whitespace,hangul;whitespace,True,
8020,merge,(웃음),'(웃음)',8,4,28 ec 9b 83 ec 9d 8c 29,5700,45,,hangul;punct_symbol,True,
8021,merge,보려고,'보려고',9,3,eb b3 b4 eb a0 a4 ea b3 a0,374,1234,,hangul,True,
8022,merge,놀이,'놀이',6,2,eb 86 80 ec 9d b4,2355,267,,hangul,True,
8023,merge,당\n,'당\n',4,2,eb 8b b9 0a,734,14,contains_whitespace;control_char,control;hangul;whitespace,True,
8024,merge,찐,'찐',3,1,ec b0 90,490,148,,hangul,True,
8025,merge,,b'\x86\x92',2,0,86 92,138,150,invalid_utf8,invalid_utf8,False,'utf-8' codec can't decode byte 0x86 in position 0: invalid start byte
8026,merge, 듭,' 듭',4,2,20 eb 93 ad,450,177,contains_whitespace,hangul;whitespace,True,
8027,merge,계로,'계로',6,2,ea b3 84 eb a1 9c,271,721,,hangul,True,
8028,merge, 10대,' 10대',6,4,20 31 30 eb 8c 80,1664,390,contains_whitespace,digit;hangul;whitespace,True,
8029,merge,감독과,'감독과',9,3,ea b0 90 eb 8f 85 ea b3 bc,1053,441,,hangul,True,
8030,merge, 명작\n,' 명작\n',8,4,20 eb aa 85 ec 9e 91 0a,1047,14,contains_whitespace;control_char,control;hangul;whitespace,True,
8031,merge, 찾아볼,' 찾아볼',10,4,20 ec b0 be ec 95 84 eb b3 bc,1983,1096,contains_whitespace,hangul;whitespace,True,
8032,merge,래도,'래도',6,2,eb 9e 98 eb 8f 84,525,296,,hangul,True,
8033,merge, 그렇지만,' 그렇지만',13,5,20 ea b7 b8 eb a0 87 ec a7 80 eb a7 8c,1646,436,contains_whitespace,hangul;whitespace,True,
8034,merge, 두번째,' 두번째',10,4,20 eb 91 90 eb b2 88 ec a7 b8,1088,2943,contains_whitespace,hangul;whitespace,True,
8035,merge,지만 그래도,'지만 그래도',16,6,ec a7 80 eb a7 8c 20 ea b7 b8 eb 9e 98 eb 8f 84,436,1707,contains_whitespace,hangul;whitespace,True,
8036,merge,은 영화.,'은 영화.',11,5,ec 9d 80 20 ec 98 81 ed 99 94 2e,797,50,contains_whitespace,hangul;punct_symbol;whitespace,True,
8037,merge,상영,'상영',6,2,ec 83 81 ec 98 81,433,791,,hangul,True,
8038,merge,들.\n,'들.\n',5,3,eb 93 a4 2e 0a,334,311,contains_whitespace;control_char,control;hangul;punct_symbol;whitespace,True,
8039,merge, 짜증나고,' 짜증나고',13,5,20 ec a7 9c ec a6 9d eb 82 98 ea b3 a0,1293,1846,contains_whitespace,hangul;whitespace,True,
8040,merge, 남긴,' 남긴',7,3,20 eb 82 a8 ea b8 b4,649,669,contains_whitespace,hangul;whitespace,True,
8041,merge, of,' of',3,3,20 6f 66,2699,106,contains_whitespace,english;whitespace,True,
8042,merge,보시길,'보시길',9,3,eb b3 b4 ec 8b 9c ea b8 b8,374,1894,,hangul,True,
8043,merge, 한글,' 한글',7,3,20 ed 95 9c ea b8 80,469,934,contains_whitespace,hangul;whitespace,True,
8044,merge,나간,'나간',6,2,eb 82 98 ea b0 84,320,442,,hangul,True,
8045,merge,일리,'일리',6,2,ec 9d bc eb a6 ac,518,332,,hangul,True,
8046,merge,추어,'추어',6,2,ec b6 94 ec 96 b4,899,327,,hangul,True,
8047,merge, 보고 나,' 보고 나',11,5,20 eb b3 b4 ea b3 a0 20 eb 82 98,663,408,contains_whitespace,hangul;whitespace,True,
8048,merge, 끌고,' 끌고',7,3,20 eb 81 8c ea b3 a0,2513,277,contains_whitespace,hangul;whitespace,True,
8049,merge, 연기력도,' 연기력도',13,5,20 ec 97 b0 ea b8 b0 eb a0 a5 eb 8f 84,1732,296,contains_whitespace,hangul;whitespace,True,
8050,merge,진행,'진행',6,2,ec a7 84 ed 96 89,422,967,,hangul,True,
8051,merge, 쏘,' 쏘',4,2,20 ec 8f 98,2614,156,contains_whitespace,hangul;whitespace,True,
8052,merge, 개념,' 개념',7,3,20 ea b0 9c eb 85 90,618,2524,contains_whitespace,hangul;whitespace,True,
8053,merge, 안돼,' 안돼',7,3,20 ec 95 88 eb 8f bc,568,2403,contains_whitespace,hangul;whitespace,True,
8054,merge,한걸,'한걸',6,2,ed 95 9c ea b1 b8,304,643,,hangul,True,
8055,merge,잡고,'잡고',6,2,ec 9e a1 ea b3 a0,1414,277,,hangul,True,
8056,merge,확실히,'확실히',9,3,ed 99 95 ec 8b a4 ed 9e 88,2654,2958,,hangul,True,
8057,merge,의 유,'의 유',7,3,ec 9d 98 20 ec 9c a0,310,679,contains_whitespace,hangul;whitespace,True,
8058,merge, 기대안하고,' 기대안하고',16,6,20 ea b8 b0 eb 8c 80 ec 95 88 ed 95 98 ea b3 a0,977,3143,contains_whitespace,hangul;whitespace,True,
8059,merge,개인,'개인',6,2,ea b0 9c ec 9d b8,577,341,,hangul,True,
8060,merge,합니다..,'합니다..',11,5,ed 95 a9 eb 8b 88 eb 8b a4 2e 2e,1027,717,,hangul;punct_symbol,True,
8061,merge, 영화임,' 영화임',10,4,20 ec 98 81 ed 99 94 ec 9e 84,305,578,contains_whitespace,hangul;whitespace,True,
8062,merge,도한,'도한',6,2,eb 8f 84 ed 95 9c,296,304,,hangul,True,
8063,merge,", 연기","', 연기'",8,4,2c 20 ec 97 b0 ea b8 b0,48,527,contains_whitespace,hangul;punct_symbol;whitespace,True,
8064,merge,주면,'주면',6,2,ec a3 bc eb a9 b4,428,356,,hangul,True,
8065,merge,이었다.,'이었다.',10,4,ec 9d b4 ec 97 88 eb 8b a4 2e,1355,369,,hangul;punct_symbol,True,
8066,merge,몇몇,'몇몇',6,2,eb aa 87 eb aa 87,1909,1909,,hangul,True,
8067,merge,하진 않,'하진 않',10,4,ed 95 98 ec a7 84 20 ec 95 8a,289,3318,contains_whitespace,hangul;whitespace,True,
8068,merge,. 하지만,'. 하지만',11,5,2e 20 ed 95 98 ec a7 80 eb a7 8c,50,1396,contains_whitespace,hangul;punct_symbol;whitespace,True,
8069,merge, 평점보고,' 평점보고',13,5,20 ed 8f 89 ec a0 90 eb b3 b4 ea b3 a0,648,781,contains_whitespace,hangul;whitespace,True,
8070,merge, =,' =',2,2,20 3d,36,65,contains_whitespace,punct_symbol;whitespace,True,
8071,merge,한거 같,'한거 같',10,4,ed 95 9c ea b1 b0 20 ea b0 99,1789,603,contains_whitespace,hangul;whitespace,True,
8072,merge, 텐,' 텐',4,2,20 ed 85 90,2226,148,contains_whitespace,hangul;whitespace,True,
8073,merge,\n어렸을때,'\n어렸을때',13,5,0a ec 96 b4 eb a0 b8 ec 9d 84 eb 95 8c,1492,3321,contains_whitespace;control_char,control;hangul;whitespace,True,
8074,merge,튜,'튜',3,1,ed 8a 9c,556,160,,hangul,True,
8075,merge,0년도,'0년도',7,3,30 eb 85 84 eb 8f 84,1115,296,,digit;hangul,True,
8076,merge,는 영화다.,'는 영화다.',14,6,eb 8a 94 20 ec 98 81 ed 99 94 eb 8b a4 2e,537,369,contains_whitespace,hangul;punct_symbol;whitespace,True,
8077,merge,까지도,'까지도',9,3,ea b9 8c ec a7 80 eb 8f 84,634,296,,hangul,True,
8078,merge, 흑백,' 흑백',7,3,20 ed 9d 91 eb b0 b1,2926,1943,contains_whitespace,hangul;whitespace,True,
8079,merge,마를,'마를',6,2,eb a7 88 eb a5 bc,834,829,,hangul,True,
8080,merge,플린,'플린',6,2,ed 94 8c eb a6 b0,2065,757,,hangul,True,
8081,merge,륜,'륜',3,1,eb a5 9c,337,160,,hangul,True,
8082,merge, 전화,' 전화',7,3,20 ec a0 84 ed 99 94,543,279,contains_whitespace,hangul;whitespace,True,
8083,merge, 했으나,' 했으나',10,4,20 ed 96 88 ec 9c bc eb 82 98,1002,1673,contains_whitespace,hangul;whitespace,True,
8084,merge,조절,'조절',6,2,ec a1 b0 ec a0 88,862,1000,,hangul,True,
8085,merge,\n시간,'\n시간',7,3,0a ec 8b 9c ea b0 84,14,966,contains_whitespace;control_char,control;hangul;whitespace,True,
8086,merge, 떨어뜨,' 떨어뜨',10,4,20 eb 96 a8 ec 96 b4 eb 9c a8,1456,3008,contains_whitespace,hangul;whitespace,True,
8087,merge, 털,' 털',4,2,20 ed 84 b8,5579,188,contains_whitespace,hangul;whitespace,True,
8088,merge, 엠,' 엠',4,2,20 ec 97 a0,315,164,contains_whitespace,hangul;whitespace,True,
8089,merge, 그것이,' 그것이',10,4,20 ea b7 b8 ea b2 83 ec 9d b4,359,1868,contains_whitespace,hangul;whitespace,True,
8090,merge,실패,'실패',6,2,ec 8b a4 ed 8c a8,604,1688,,hangul,True,
8091,merge, 장국,' 장국',7,3,20 ec 9e a5 ea b5 ad,703,538,contains_whitespace,hangul;whitespace,True,
8092,merge, 커서,' 커서',7,3,20 ec bb a4 ec 84 9c,2429,321,contains_whitespace,hangul;whitespace,True,
8093,merge, 합니다.,' 합니다.',11,5,20 ed 95 a9 eb 8b 88 eb 8b a4 2e,2889,369,contains_whitespace,hangul;punct_symbol;whitespace,True,
8094,merge, 파워,' 파워',7,3,20 ed 8c 8c ec 9b 8c,1572,754,contains_whitespace,hangul;whitespace,True,
8095,merge, 영화!,' 영화!',8,4,20 ec 98 81 ed 99 94 21,305,37,contains_whitespace,hangul;punct_symbol;whitespace,True,
8096,merge,주행,'주행',6,2,ec a3 bc ed 96 89,428,967,,hangul,True,
8097,merge,했어,'했어',6,2,ed 96 88 ec 96 b4,526,327,,hangul,True,
8098,merge,\n와 진짜,'\n와 진짜',11,5,0a ec 99 80 20 ec a7 84 ec a7 9c,1862,601,contains_whitespace;control_char,control;hangul;whitespace,True,
8099,merge,을 뿐,'을 뿐',7,3,ec 9d 84 20 eb bf 90,318,1993,contains_whitespace,hangul;whitespace,True,
8100,merge,는지...,'는지...',9,5,eb 8a 94 ec a7 80 2e 2e 2e,945,373,repeated_run,hangul;punct_symbol,True,
8101,merge, 스토리가 너무,' 스토리가 너무',20,8,20 ec 8a a4 ed 86 a0 eb a6 ac ea b0 80 20 eb 84 88 eb ac b4,689,1612,contains_whitespace,hangul;whitespace,True,
8102,merge,견자단,'견자단',9,3,ea b2 ac ec 9e 90 eb 8b a8,1903,4110,,hangul,True,
8103,merge,\n차라리,'\n차라리',10,4,0a ec b0 a8 eb 9d bc eb a6 ac,4407,1628,contains_whitespace;control_char,control;hangul;whitespace,True,
8104,merge, 8점대,' 8점대',8,4,20 38 ec a0 90 eb 8c 80,1696,2328,contains_whitespace,digit;hangul;whitespace,True,
8105,merge, C급,' C급',5,3,20 43 ea b8 89,2171,910,contains_whitespace,english;hangul;whitespace,True,
8106,merge, 양아치,' 양아치',10,4,20 ec 96 91 ec 95 84 ec b9 98,2148,6897,contains_whitespace,hangul;whitespace,True,
8107,merge, 다르게,' 다르게',10,4,20 eb 8b a4 eb a5 b4 ea b2 8c,3114,319,contains_whitespace,hangul;whitespace,True,
8108,merge,하기 짝이 없,'하기 짝이 없',17,7,ed 95 98 ea b8 b0 20 ec a7 9d ec 9d b4 20 ec 97 86,5323,1303,contains_whitespace,hangul;whitespace,True,
8109,merge,임이,'임이',6,2,ec 9e 84 ec 9d b4,578,267,,hangul,True,
8110,merge,하냐?,'하냐?',7,3,ed 95 98 eb 83 90 3f,289,1639,,hangul;punct_symbol,True,
8111,merge,번더,'번더',6,2,eb b2 88 eb 8d 94,413,2146,,hangul,True,
8112,merge,지만 그,'지만 그',10,4,ec a7 80 eb a7 8c 20 ea b7 b8,436,359,contains_whitespace,hangul;whitespace,True,
8113,merge,라노,'라노',6,2,eb 9d bc eb 85 b8,330,820,,hangul,True,
8114,merge, 명작.,' 명작.',8,4,20 eb aa 85 ec 9e 91 2e,1047,50,contains_whitespace,hangul;punct_symbol;whitespace,True,
8115,merge,"스토리,","'스토리,'",10,4,ec 8a a4 ed 86 a0 eb a6 ac 2c,1216,48,,hangul;punct_symbol,True,
8116,merge,히고,'히고',6,2,ed 9e 88 ea b3 a0,503,277,,hangul,True,
8117,merge,아저씨,'아저씨',9,3,ec 95 84 ec a0 80 ec 94 a8,338,3263,,hangul,True,
8118,merge, 끔찍,' 끔찍',7,3,20 eb 81 94 ec b0 8d,6051,2342,contains_whitespace,hangul;whitespace,True,
8119,merge, 평균,' 평균',7,3,20 ed 8f 89 ea b7 a0,1026,3507,contains_whitespace,hangul;whitespace,True,
8120,merge,보다도,'보다도',9,3,eb b3 b4 eb 8b a4 eb 8f 84,691,296,,hangul,True,
8121,merge, 사상,' 사상',7,3,20 ec 82 ac ec 83 81,722,433,contains_whitespace,hangul;whitespace,True,
8122,merge, 수도 있,' 수도 있',11,5,20 ec 88 98 eb 8f 84 20 ec 9e 88,531,1325,contains_whitespace,hangul;whitespace,True,
8123,merge, 바탕으로,' 바탕으로',13,5,20 eb b0 94 ed 83 95 ec 9c bc eb a1 9c,833,7177,contains_whitespace,hangul;whitespace,True,
8124,merge,니..,'니..',5,3,eb 8b 88 2e 2e,336,266,,hangul;punct_symbol,True,
8125,merge, 널,' 널',4,2,20 eb 84 90,396,148,contains_whitespace,hangul;whitespace,True,
8126,merge, 사랑은,' 사랑은',10,4,20 ec 82 ac eb 9e 91 ec 9d 80,819,313,contains_whitespace,hangul;whitespace,True,
8127,merge,뒤에,'뒤에',6,2,eb 92 a4 ec 97 90,2434,300,,hangul,True,
8128,merge,릅,'릅',3,1,eb a6 85,301,137,,hangul,True,
8129,merge,극장판,'극장판',9,3,ea b7 b9 ec 9e a5 ed 8c 90,2423,941,,hangul,True,
8130,merge, 정당,' 정당',7,3,20 ec a0 95 eb 8b b9,430,734,contains_whitespace,hangul;whitespace,True,
8131,merge,했었,'했었',6,2,ed 96 88 ec 97 88,526,405,,hangul,True,
8132,merge, 뿜,' 뿜',4,2,20 eb bf 9c,4211,160,contains_whitespace,hangul;whitespace,True,
8133,merge,었다..\n,'었다..\n',9,5,ec 97 88 eb 8b a4 2e 2e 0a,405,1341,contains_whitespace;control_char,control;hangul;punct_symbol;whitespace,True,
8134,merge,,b'\xeb\xa6\xac\xeb\x81',5,0,eb a6 ac eb 81,748,133,invalid_utf8,invalid_utf8,False,'utf-8' codec can't decode bytes in position 3-4: unexpected end of data
8135,merge,죽이,'죽이',6,2,ec a3 bd ec 9d b4,1526,267,,hangul,True,
8136,merge,더군요.,'더군요.',10,4,eb 8d 94 ea b5 b0 ec 9a 94 2e,662,4699,,hangul;punct_symbol,True,
8137,merge, g,' g',2,2,20 67,36,107,contains_whitespace,english;whitespace,True,
8138,merge,재미없어,'재미없어',12,4,ec 9e ac eb af b8 ec 97 86 ec 96 b4,1320,327,,hangul,True,
8139,merge, 너무 좋아,' 너무 좋아',14,6,20 eb 84 88 eb ac b4 20 ec a2 8b ec 95 84,452,803,contains_whitespace,hangul;whitespace,True,
8140,merge,더스,'더스',6,2,eb 8d 94 ec 8a a4,662,371,,hangul,True,
8141,merge,좋다,'좋다',6,2,ec a2 8b eb 8b a4,780,268,,hangul,True,
8142,merge, 평이,' 평이',7,3,20 ed 8f 89 ec 9d b4,1026,267,contains_whitespace,hangul;whitespace,True,
8143,merge, 정도의,' 정도의',10,4,20 ec a0 95 eb 8f 84 ec 9d 98,1261,310,contains_whitespace,hangul;whitespace,True,
8144,merge, 기대없이,' 기대없이',13,5,20 ea b8 b0 eb 8c 80 ec 97 86 ec 9d b4,977,1109,contains_whitespace,hangul;whitespace,True,
8145,merge,\n좋은 영화,'\n좋은 영화',14,6,0a ec a2 8b ec 9d 80 20 ec 98 81 ed 99 94,1884,797,contains_whitespace;control_char,control;hangul;whitespace,True,
8146,merge,씬은,'씬은',6,2,ec 94 ac ec 9d 80,1274,313,,hangul,True,
8147,merge,트를,'트를',6,2,ed 8a b8 eb a5 bc,639,382,,hangul,True,
8148,merge, 안무서,' 안무서',10,4,20 ec 95 88 eb ac b4 ec 84 9c,5093,321,contains_whitespace,hangul;whitespace,True,
8149,merge, 질질끌,' 질질끌',10,4,20 ec a7 88 ec a7 88 eb 81 8c,1871,6070,contains_whitespace,hangul;whitespace,True,
8150,merge,할뻔,'할뻔',6,2,ed 95 a0 eb bb 94,478,1436,,hangul,True,
8151,merge,하...,'하...',6,4,ed 95 98 2e 2e 2e,289,373,repeated_run,hangul;punct_symbol,True,
8152,merge,영화다,'영화다',9,3,ec 98 81 ed 99 94 eb 8b a4,367,268,,hangul,True,
8153,merge,,b'\xb2\x88',2,0,b2 88,182,140,invalid_utf8,invalid_utf8,False,'utf-8' codec can't decode byte 0xb2 in position 0: invalid start byte
8154,merge,인 듯,'인 듯',7,3,ec 9d b8 20 eb 93 af,341,1338,contains_whitespace,hangul;whitespace,True,
8155,merge, 실험,' 실험',7,3,20 ec 8b a4 ed 97 98,851,1851,contains_whitespace,hangul;whitespace,True,
8156,merge, 있게,' 있게',7,3,20 ec 9e 88 ea b2 8c,431,319,contains_whitespace,hangul;whitespace,True,
8157,merge,겟다,'겟다',6,2,ea b2 9f eb 8b a4,2030,268,,hangul,True,
8158,merge,해도 너무,'해도 너무',13,5,ed 95 b4 eb 8f 84 20 eb 84 88 eb ac b4,1838,452,contains_whitespace,hangul;whitespace,True,
8159,merge, 빅,' 빅',4,2,20 eb b9 85,671,137,contains_whitespace,hangul;whitespace,True,
8160,merge,위한,'위한',6,2,ec 9c 84 ed 95 9c,835,304,,hangul,True,
8161,merge,진심으로,'진심으로',12,4,ec a7 84 ec 8b ac ec 9c bc eb a1 9c,2378,432,,hangul,True,
8162,merge, 시험,' 시험',7,3,20 ec 8b 9c ed 97 98,472,1851,contains_whitespace,hangul;whitespace,True,
8163,merge,람이,'람이',6,2,eb 9e 8c ec 9d b4,375,922,,hangul,True,
8164,merge,\n참신,'\n참신',7,3,0a ec b0 b8 ec 8b a0,2737,545,contains_whitespace;control_char,control;hangul;whitespace,True,
8165,merge, 재미있어서,' 재미있어서',16,6,20 ec 9e ac eb af b8 ec 9e 88 ec 96 b4 ec 84 9c,771,875,contains_whitespace,hangul;whitespace,True,
8166,merge,햇는데,'햇는데',9,3,ed 96 87 eb 8a 94 eb 8d b0,2312,393,,hangul,True,
8167,merge,해가,'해가',6,2,ed 95 b4 ea b0 80,355,290,,hangul,True,
8168,merge,가없,'가없',6,2,ea b0 80 ec 97 86,290,401,,hangul,True,
8169,merge, 듣고,' 듣고',7,3,20 eb 93 a3 ea b3 a0,2801,277,contains_whitespace,hangul;whitespace,True,
8170,merge,바라,'바라',6,2,eb b0 94 eb 9d bc,805,330,,hangul,True,
8171,merge, 헛웃음,' 헛웃음',10,4,20 ed 97 9b ec 9b 83 ec 9d 8c,4284,2992,contains_whitespace,hangul;whitespace,True,
8172,merge,이었다.\n,'이었다.\n',11,5,ec 9d b4 ec 97 88 eb 8b a4 2e 0a,1355,388,contains_whitespace;control_char,control;hangul;punct_symbol;whitespace,True,
8173,merge,.\n와,'.\n와',5,3,2e 0a ec 99 80,311,509,contains_whitespace;control_char,control;hangul;punct_symbol;whitespace,True,
8174,merge,리에서,'리에서',9,3,eb a6 ac ec 97 90 ec 84 9c,332,463,,hangul,True,
8175,merge, 진부하고,' 진부하고',13,5,20 ec a7 84 eb b6 80 ed 95 98 ea b3 a0,2415,437,contains_whitespace,hangul;whitespace,True,
8176,merge, 관점,' 관점',7,3,20 ea b4 80 ec a0 90,1012,366,contains_whitespace,hangul;whitespace,True,
8177,merge,라에,'라에',6,2,eb 9d bc ec 97 90,330,300,,hangul,True,
8178,merge, 재밌다.\n,' 재밌다.\n',12,6,20 ec 9e ac eb b0 8c eb 8b a4 2e 0a,521,388,contains_whitespace;control_char,control;hangul;punct_symbol;whitespace,True,
8179,merge,할정도로,'할정도로',12,4,ed 95 a0 ec a0 95 eb 8f 84 eb a1 9c,478,2395,,hangul,True,
8180,merge,킬링타임,'킬링타임',12,4,ed 82 ac eb a7 81 ed 83 80 ec 9e 84,763,1889,,hangul,True,
8181,merge, ~~,' ~~',3,3,20 7e 7e,36,602,contains_whitespace,punct_symbol;whitespace,True,
8182,merge,...?\n,'...?\n',5,5,2e 2e 2e 3f 0a,373,709,contains_whitespace;control_char;repeated_run,control;punct_symbol;whitespace,True,
8183,merge,상수,'상수',6,2,ec 83 81 ec 88 98,433,415,,hangul,True,
8184,merge, 난잡,' 난잡',7,3,20 eb 82 9c ec 9e a1,1072,1414,contains_whitespace,hangul;whitespace,True,
8185,merge, 후속작,' 후속작',10,4,20 ed 9b 84 ec 86 8d ec 9e 91,4520,423,contains_whitespace,hangul;whitespace,True,
8186,merge, 볼만한 영화,' 볼만한 영화',17,7,20 eb b3 bc eb a7 8c ed 95 9c 20 ec 98 81 ed 99 94,1311,725,contains_whitespace,hangul;whitespace,True,
8187,merge,더욱,'더욱',6,2,eb 8d 94 ec 9a b1,662,1981,,hangul,True,
8188,merge, 6점,' 6점',5,3,20 36 ec a0 90,2145,366,contains_whitespace,digit;hangul;whitespace,True,
8189,merge, ㅡ.ㅡ,' ㅡ.ㅡ',8,4,20 e3 85 a1 2e e3 85 a1,3050,4521,contains_whitespace,hangul;punct_symbol;whitespace,True,
8190,merge,도 이런,'도 이런',10,4,eb 8f 84 20 ec 9d b4 eb 9f b0,296,631,contains_whitespace,hangul;whitespace,True,
8191,merge, 클래,' 클래',7,3,20 ed 81 b4 eb 9e 98,2683,525,contains_whitespace,hangul;whitespace,True,
8192,merge,겠죠,'겠죠',6,2,ea b2 a0 ec a3 a0,551,1295,,hangul,True,
8193,merge, 새록,' 새록',7,3,20 ec 83 88 eb a1 9d,3839,161,contains_whitespace,hangul;whitespace,True,
8194,merge,듯 하,'듯 하',7,3,eb 93 af 20 ed 95 98,613,411,contains_whitespace,hangul;whitespace,True,
8195,merge, 어둡,' 어둡',7,3,20 ec 96 b4 eb 91 a1,5503,165,contains_whitespace,hangul;whitespace,True,
8196,merge,\n여자,'\n여자',7,3,0a ec 97 ac ec 9e 90,14,1726,contains_whitespace;control_char,control;hangul;whitespace,True,
8197,merge, 말았,' 말았',7,3,20 eb a7 90 ec 95 98,597,467,contains_whitespace,hangul;whitespace,True,
8198,merge,방금,'방금',6,2,eb b0 a9 ea b8 88,1032,638,,hangul,True,
8199,merge, ~\n,' ~\n',3,3,20 7e 0a,36,943,contains_whitespace;control_char,control;punct_symbol;whitespace,True,
8200,merge,았다...,'았다...',9,5,ec 95 98 eb 8b a4 2e 2e 2e,467,971,repeated_run,hangul;punct_symbol,True,
8201,merge,군.,'군.',4,2,ea b5 b0 2e,856,50,,hangul;punct_symbol,True,
8202,merge, 가능한,' 가능한',10,4,20 ea b0 80 eb 8a a5 ed 95 9c,3130,304,contains_whitespace,hangul;whitespace,True,
8203,merge,지만.,'지만.',7,3,ec a7 80 eb a7 8c 2e,436,50,,hangul;punct_symbol,True,
8204,merge, 상어,' 상어',7,3,20 ec 83 81 ec 96 b4,814,327,contains_whitespace,hangul;whitespace,True,
8205,merge,ㄲ,'ㄲ',3,1,e3 84 b2,880,182,,hangul,True,
8206,merge, 이딴걸,' 이딴걸',10,4,20 ec 9d b4 eb 94 b4 ea b1 b8,2465,643,contains_whitespace,hangul;whitespace,True,
8207,merge,할말,'할말',6,2,ed 95 a0 eb a7 90,478,381,,hangul,True,
8208,merge,경찰,'경찰',6,2,ea b2 bd ec b0 b0,870,2281,,hangul,True,
8209,merge,^-^,'^-^',3,3,5e 2d 5e,98,7261,,punct_symbol,True,
8210,merge, 의외로,' 의외로',10,4,20 ec 9d 98 ec 99 b8 eb a1 9c,942,5128,contains_whitespace,hangul;whitespace,True,
8211,merge, 좋으나,' 좋으나',10,4,20 ec a2 8b ec 9c bc eb 82 98,406,1673,contains_whitespace,hangul;whitespace,True,
8212,merge, 느낄수 있,' 느낄수 있',14,6,20 eb 8a 90 eb 82 84 ec 88 98 20 ec 9e 88,2297,1891,contains_whitespace,hangul;whitespace,True,
8213,merge, 익숙,' 익숙',7,3,20 ec 9d b5 ec 88 99,5012,2739,contains_whitespace,hangul;whitespace,True,
8214,merge,다.....,'다.....',8,6,eb 8b a4 2e 2e 2e 2e 2e,717,373,repeated_run,hangul;punct_symbol,True,
8215,merge,자.\n,'자.\n',5,3,ec 9e 90 2e 0a,392,311,contains_whitespace;control_char,control;hangul;punct_symbol;whitespace,True,
8216,merge, 하늘,' 하늘',7,3,20 ed 95 98 eb 8a 98,411,1435,contains_whitespace,hangul;whitespace,True,
8217,merge, 매력있,' 매력있',10,4,20 eb a7 a4 eb a0 a5 ec 9e 88,1269,421,contains_whitespace,hangul;whitespace,True,
8218,merge,에서만,'에서만',9,3,ec 97 90 ec 84 9c eb a7 8c,463,328,,hangul,True,
8219,merge, 배우들 연기도,' 배우들 연기도',20,8,20 eb b0 b0 ec 9a b0 eb 93 a4 20 ec 97 b0 ea b8 b0 eb 8f 84,1861,1759,contains_whitespace,hangul;whitespace,True,
8220,merge,분히,'분히',6,2,eb b6 84 ed 9e 88,546,503,,hangul,True,
8221,merge, 관객을,' 관객을',10,4,20 ea b4 80 ea b0 9d ec 9d 84,2290,318,contains_whitespace,hangul;whitespace,True,
8222,merge, 도무지,' 도무지',10,4,20 eb 8f 84 eb ac b4 ec a7 80,997,5477,contains_whitespace,hangul;whitespace,True,
8223,merge,"한,","'한,'",4,2,ed 95 9c 2c,304,48,,hangul;punct_symbol,True,
8224,merge,"다면,","'다면,'",7,3,eb 8b a4 eb a9 b4 2c,1051,48,,hangul;punct_symbol,True,
8225,merge,묵,'묵',3,1,eb ac b5,515,185,,hangul,True,
8226,merge,,b' \xeb\x88\x84\xea\xb5\xac\xeb',8,0,20 eb 88 84 ea b5 ac eb,1326,1623,invalid_utf8,invalid_utf8,False,'utf-8' codec can't decode byte 0xeb in position 7: unexpected end of data
8227,merge,안나오,'안나오',9,3,ec 95 88 eb 82 98 ec 98 a4,699,1368,,hangul,True,
8228,merge,간도,'간도',6,2,ea b0 84 eb 8f 84,442,296,,hangul,True,
8229,merge,독특한,'독특한',9,3,eb 8f 85 ed 8a b9 ed 95 9c,5637,304,,hangul,True,
8230,merge,뻤,'뻤',3,1,eb bb a4,4154,168,,hangul,True,
8231,merge,늦게,'늦게',6,2,eb 8a a6 ea b2 8c,5653,319,,hangul,True,
8232,merge, 땜에,' 땜에',7,3,20 eb 95 9c ec 97 90,2821,2392,contains_whitespace,hangul;whitespace,True,
8233,merge, 보낸,' 보낸',7,3,20 eb b3 b4 eb 82 b8,357,1938,contains_whitespace,hangul;whitespace,True,
8234,merge,주기,'주기',6,2,ec a3 bc ea b8 b0,428,303,,hangul,True,
8235,merge, 안맞,' 안맞',7,3,20 ec 95 88 eb a7 9e,568,1556,contains_whitespace,hangul;whitespace,True,
8236,merge, 반대,' 반대',7,3,20 eb b0 98 eb 8c 80,804,390,contains_whitespace,hangul;whitespace,True,
8237,merge, 다크,' 다크',7,3,20 eb 8b a4 ed 81 ac,416,1219,contains_whitespace,hangul;whitespace,True,
8238,merge,스카,'스카',6,2,ec 8a a4 ec b9 b4,371,1210,,hangul,True,
8239,merge, 승부,' 승부',7,3,20 ec 8a b9 eb b6 80,2809,523,contains_whitespace,hangul;whitespace,True,
8240,merge, 재미는 없,' 재미는 없',14,6,20 ec 9e ac eb af b8 eb 8a 94 20 ec 97 86,461,2539,contains_whitespace,hangul;whitespace,True,
8241,merge,지만 너무,'지만 너무',13,5,ec a7 80 eb a7 8c 20 eb 84 88 eb ac b4,436,452,contains_whitespace,hangul;whitespace,True,
8242,merge, 틀림,' 틀림',7,3,20 ed 8b 80 eb a6 bc,3437,1193,contains_whitespace,hangul;whitespace,True,
8243,merge,으로만,'으로만',9,3,ec 9c bc eb a1 9c eb a7 8c,432,328,,hangul,True,
8244,merge, 형편없,' 형편없',10,4,20 ed 98 95 ed 8e b8 ec 97 86,4641,401,contains_whitespace,hangul;whitespace,True,
8245,merge, 거지같은,' 거지같은',13,5,20 ea b1 b0 ec a7 80 ea b0 99 ec 9d 80,4159,948,contains_whitespace,hangul;whitespace,True,
8246,merge, 개나,' 개나',7,3,20 ea b0 9c eb 82 98,618,320,contains_whitespace,hangul;whitespace,True,
8247,merge, 다시는,' 다시는',10,4,20 eb 8b a4 ec 8b 9c eb 8a 94,828,272,contains_whitespace,hangul;whitespace,True,
8248,merge, 정말 대단,' 정말 대단',14,6,20 ec a0 95 eb a7 90 20 eb 8c 80 eb 8b a8,532,1511,contains_whitespace,hangul;whitespace,True,
8249,merge,재밌게 봤,'재밌게 봤',13,5,ec 9e ac eb b0 8c ea b2 8c 20 eb b4 a4,783,1629,contains_whitespace,hangul;whitespace,True,
8250,merge,이 나,'이 나',7,3,ec 9d b4 20 eb 82 98,267,408,contains_whitespace,hangul;whitespace,True,
8251,merge, 괜찮은데,' 괜찮은데',13,5,20 ea b4 9c ec b0 ae ec 9d 80 eb 8d b0,1119,1737,contains_whitespace,hangul;whitespace,True,
8252,merge,는데 왜,'는데 왜',10,4,eb 8a 94 eb 8d b0 20 ec 99 9c,393,628,contains_whitespace,hangul;whitespace,True,
8253,merge, 보며,' 보며',7,3,20 eb b3 b4 eb a9 b0,357,955,contains_whitespace,hangul;whitespace,True,
8254,merge, 폴,' 폴',4,2,20 ed 8f b4,924,184,contains_whitespace,hangul;whitespace,True,
8255,merge,있냐,'있냐',6,2,ec 9e 88 eb 83 90,274,2781,,hangul,True,
8256,merge,했을,'했을',6,2,ed 96 88 ec 9d 84,526,318,,hangul,True,
8257,merge, 겉멋,' 겉멋',7,3,20 ea b2 89 eb a9 8b,4918,1885,contains_whitespace,hangul;whitespace,True,
8258,merge,끝나고,'끝나고',9,3,eb 81 9d eb 82 98 ea b3 a0,1585,1846,,hangul,True,
8259,merge,50,'50',2,2,35 30,57,52,,digit,True,
8260,merge,보고싶은,'보고싶은',12,4,eb b3 b4 ea b3 a0 ec 8b b6 ec 9d 80,2367,313,,hangul,True,
8261,merge,",이","',이'",4,2,2c ec 9d b4,48,267,,hangul;punct_symbol,True,
8262,merge, 산만하고,' 산만하고',13,5,20 ec 82 b0 eb a7 8c ed 95 98 ea b3 a0,4648,437,contains_whitespace,hangul;whitespace,True,
8263,merge, 별거,' 별거',7,3,20 eb b3 84 ea b1 b0,1095,385,contains_whitespace,hangul;whitespace,True,
8264,merge, 최소,' 최소',7,3,20 ec b5 9c ec 86 8c,493,595,contains_whitespace,hangul;whitespace,True,
8265,merge, 어설프게,' 어설프게',13,5,20 ec 96 b4 ec 84 a4 ed 94 84 ea b2 8c,4104,319,contains_whitespace,hangul;whitespace,True,
8266,merge,4점,'4점',4,2,34 ec a0 90,56,366,,digit;hangul,True,
8267,merge,희망,'희망',6,2,ed 9d ac eb a7 9d,1411,727,,hangul,True,
8268,merge,브루스,'브루스',9,3,eb b8 8c eb a3 a8 ec 8a a4,1493,4675,,hangul,True,
8269,merge, 주말,' 주말',7,3,20 ec a3 bc eb a7 90,563,381,contains_whitespace,hangul;whitespace,True,
8270,merge,닷,'닷',3,1,eb 8b b7,263,187,,hangul,True,
8271,merge,은 못,'은 못',7,3,ec 9d 80 20 eb aa bb,313,588,contains_whitespace,hangul;whitespace,True,
8272,merge, 즐겨,' 즐겨',7,3,20 ec a6 90 ea b2 a8,1543,974,contains_whitespace,hangul;whitespace,True,
8273,merge, 집중해서,' 집중해서',13,5,20 ec a7 91 ec a4 91 ed 95 b4 ec 84 9c,2237,687,contains_whitespace,hangul;whitespace,True,
8274,merge, 든다.,' 든다.',8,4,20 eb 93 a0 eb 8b a4 2e,3035,369,contains_whitespace,hangul;punct_symbol;whitespace,True,
8275,merge,초에,'초에',6,2,ec b4 88 ec 97 90,1920,300,,hangul,True,
8276,merge,,b'\x85\x95',2,0,85 95,137,153,invalid_utf8,invalid_utf8,False,'utf-8' codec can't decode byte 0x85 in position 0: invalid start byte
8277,merge,이다..\n,'이다..\n',9,5,ec 9d b4 eb 8b a4 2e 2e 0a,1146,487,contains_whitespace;control_char,control;hangul;punct_symbol;whitespace,True,
8278,merge,인혜,'인혜',6,2,ec 9d b8 ed 98 9c,341,2060,,hangul,True,
8279,merge, 얼굴이,' 얼굴이',10,4,20 ec 96 bc ea b5 b4 ec 9d b4,2452,267,contains_whitespace,hangul;whitespace,True,
8280,merge, 여기서,' 여기서',10,4,20 ec 97 ac ea b8 b0 ec 84 9c,2831,321,contains_whitespace,hangul;whitespace,True,
8281,merge,깁,'깁',3,1,ea b9 81,362,133,,hangul,True,
8282,merge, 조용,' 조용',7,3,20 ec a1 b0 ec 9a a9,747,520,contains_whitespace,hangul;whitespace,True,
8283,merge, 다시 보고 싶,' 다시 보고 싶',18,8,20 eb 8b a4 ec 8b 9c 20 eb b3 b4 ea b3 a0 20 ec 8b b6,828,2426,contains_whitespace,hangul;whitespace,True,
8284,merge, 나왔으면 좋겠,' 나왔으면 좋겠',20,8,20 eb 82 98 ec 99 94 ec 9c bc eb a9 b4 20 ec a2 8b ea b2 a0,1604,2501,contains_whitespace,hangul;whitespace,True,
8285,merge,을 찾,'을 찾',7,3,ec 9d 84 20 ec b0 be,318,1372,contains_whitespace,hangul;whitespace,True,
8286,merge,lo,'lo',2,2,6c 6f,112,115,,english,True,
8287,merge,-\n,'-\n',2,2,2d 0a,49,14,contains_whitespace;control_char,control;punct_symbol;whitespace,True,
8288,merge,지루한,'지루한',9,3,ec a7 80 eb a3 a8 ed 95 9c,1299,304,,hangul,True,
8289,merge,스티븐,'스티븐',9,3,ec 8a a4 ed 8b b0 eb b8 90,4707,4731,,hangul,True,
8290,merge, 풍자,' 풍자',7,3,20 ed 92 8d ec 9e 90,2611,392,contains_whitespace,hangul;whitespace,True,
8291,merge, 드라마...,' 드라마...',13,7,20 eb 93 9c eb 9d bc eb a7 88 2e 2e 2e,730,373,contains_whitespace;repeated_run,hangul;punct_symbol;whitespace,True,
8292,merge, 다시 보니,' 다시 보니',14,6,20 eb 8b a4 ec 8b 9c 20 eb b3 b4 eb 8b 88,828,2440,contains_whitespace,hangul;whitespace,True,
8293,merge, 것들이,' 것들이',10,4,20 ea b2 83 eb 93 a4 ec 9d b4,661,593,contains_whitespace,hangul;whitespace,True,
8294,merge,아내,'아내',6,2,ec 95 84 eb 82 b4,338,453,,hangul,True,
8295,merge,데렐,'데렐',6,2,eb 8d b0 eb a0 90,346,5392,,hangul,True,
8296,merge, 뮤직,' 뮤직',7,3,20 eb ae a4 ec a7 81,3501,750,contains_whitespace,hangul;whitespace,True,
8297,merge,아들,'아들',6,2,ec 95 84 eb 93 a4,338,334,,hangul,True,
8298,merge, 엽,' 엽',4,2,20 ec 97 bd,315,193,contains_whitespace,hangul;whitespace,True,
8299,merge,5분,'5분',4,2,35 eb b6 84,57,546,,digit;hangul,True,
8300,merge, 지옥,' 지옥',7,3,20 ec a7 80 ec 98 a5,473,2677,contains_whitespace,hangul;whitespace,True,
8301,merge,"이,","'이,'",4,2,ec 9d b4 2c,267,48,,hangul;punct_symbol,True,
8302,merge, 의상,' 의상',7,3,20 ec 9d 98 ec 83 81,942,433,contains_whitespace,hangul;whitespace,True,
8303,merge,지원,'지원',6,2,ec a7 80 ec 9b 90,286,736,,hangul,True,
8304,merge, 케릭터,' 케릭터',10,4,20 ec bc 80 eb a6 ad ed 84 b0,2311,1307,contains_whitespace,hangul;whitespace,True,
8305,merge,되면,'되면',6,2,eb 90 98 eb a9 b4,700,356,,hangul,True,
8306,merge, 죽을,' 죽을',7,3,20 ec a3 bd ec 9d 84,932,318,contains_whitespace,hangul;whitespace,True,
8307,merge, 생각나는,' 생각나는',13,5,20 ec 83 9d ea b0 81 eb 82 98 eb 8a 94,581,1258,contains_whitespace,hangul;whitespace,True,
8308,merge, 죄송,' 죄송',7,3,20 ec a3 84 ec 86 a1,2413,1418,contains_whitespace,hangul;whitespace,True,
8309,merge,같아서,'같아서',9,3,ea b0 99 ec 95 84 ec 84 9c,569,1134,,hangul,True,
8310,merge, 보기싫,' 보기싫',10,4,20 eb b3 b4 ea b8 b0 ec 8b ab,1233,2621,contains_whitespace,hangul;whitespace,True,
8311,merge,했을때,'했을때',9,3,ed 96 88 ec 9d 84 eb 95 8c,526,1446,,hangul,True,
8312,merge, 제목이,' 제목이',10,4,20 ec a0 9c eb aa a9 ec 9d b4,2110,267,contains_whitespace,hangul;whitespace,True,
8313,merge,필름,'필름',6,2,ed 95 84 eb a6 84,2635,636,,hangul,True,
8314,merge, 뻥,' 뻥',4,2,20 eb bb a5,6365,169,contains_whitespace,hangul;whitespace,True,
8315,merge,상의,'상의',6,2,ec 83 81 ec 9d 98,433,310,,hangul,True,
8316,merge,,b' \xeb\x82\x98\xec\x98\xac\xeb',8,0,20 eb 82 98 ec 98 ac eb,1842,294,invalid_utf8,invalid_utf8,False,'utf-8' codec can't decode byte 0xeb in position 7: unexpected end of data
8317,merge, 없음\n,' 없음\n',8,4,20 ec 97 86 ec 9d 8c 0a,409,957,contains_whitespace;control_char,control;hangul;whitespace,True,
8318,merge, 그자체,' 그자체',10,4,20 ea b7 b8 ec 9e 90 ec b2 b4,359,2603,contains_whitespace,hangul;whitespace,True,
8319,merge, 라스트,' 라스트',10,4,20 eb 9d bc ec 8a a4 ed 8a b8,1517,1388,contains_whitespace,hangul;whitespace,True,
8320,merge,맞추,'맞추',6,2,eb a7 9e ec b6 94,1556,899,,hangul,True,
8321,merge,셜,'셜',3,1,ec 85 9c,553,160,,hangul,True,
8322,merge, 잔잔하고,' 잔잔하고',13,5,20 ec 9e 94 ec 9e 94 ed 95 98 ea b3 a0,1956,437,contains_whitespace,hangul;whitespace,True,
8323,merge, 여운이 남는 영화,' 여운이 남는 영화',24,10,20 ec 97 ac ec 9a b4 ec 9d b4 20 eb 82 a8 eb 8a 94 20 ec 98 81 ed 99 94,2064,4597,contains_whitespace,hangul;whitespace,True,
8324,merge,아직도,'아직도',9,3,ec 95 84 ec a7 81 eb 8f 84,338,4408,,hangul,True,
8325,merge, 이상하고,' 이상하고',13,5,20 ec 9d b4 ec 83 81 ed 95 98 ea b3 a0,1223,437,contains_whitespace,hangul;whitespace,True,
8326,merge,는건지,'는건지',9,3,eb 8a 94 ea b1 b4 ec a7 80,272,1486,,hangul,True,
8327,merge,볼 수 있,'볼 수 있',11,5,eb b3 bc 20 ec 88 98 20 ec 9e 88,1096,970,contains_whitespace,hangul;whitespace,True,
8328,merge,네요....,'네요....',10,6,eb 84 a4 ec 9a 94 2e 2e 2e 2e,471,427,repeated_run,hangul;punct_symbol,True,
8329,merge,맞고,'맞고',6,2,eb a7 9e ea b3 a0,1556,277,,hangul,True,
8330,merge,의 이,'의 이',7,3,ec 9d 98 20 ec 9d b4,310,322,contains_whitespace,hangul;whitespace,True,
8331,merge, 살려,' 살려',7,3,20 ec 82 b4 eb a0 a4,887,512,contains_whitespace,hangul;whitespace,True,
8332,merge,액션이,'액션이',9,3,ec 95 a1 ec 85 98 ec 9d b4,1559,267,,hangul,True,
8333,merge,진지,'진지',6,2,ec a7 84 ec a7 80,422,286,,hangul,True,
8334,merge,해야지,'해야지',9,3,ed 95 b4 ec 95 bc ec a7 80,1829,286,,hangul,True,
8335,merge,년전에,'년전에',9,3,eb 85 84 ec a0 84 ec 97 90,629,1663,,hangul,True,
8336,merge,댄,'댄',3,1,eb 8c 84,3384,136,,hangul,True,
8337,merge,~^^,'~^^',3,3,7e 5e 5e,130,759,,punct_symbol,True,
8338,merge, 좋을듯,' 좋을듯',10,4,20 ec a2 8b ec 9d 84 eb 93 af,406,1997,contains_whitespace,hangul;whitespace,True,
8339,merge,..\n최고,'..\n최고',9,5,2e 2e 0a ec b5 9c ea b3 a0,1328,956,contains_whitespace;control_char,control;hangul;punct_symbol;whitespace,True,
8340,merge, ㅋ ㅋ,' ㅋ ㅋ',8,4,20 e3 85 8b 20 e3 85 8b,1773,1773,contains_whitespace,hangul;whitespace,True,
8341,merge,아직,'아직',6,2,ec 95 84 ec a7 81,338,750,,hangul,True,
8342,merge,인드,'인드',6,2,ec 9d b8 eb 93 9c,341,462,,hangul,True,
8343,merge,였으면,'였으면',9,3,ec 98 80 ec 9c bc eb a9 b4,641,826,,hangul,True,
8344,merge, 나오는거,' 나오는거',13,5,20 eb 82 98 ec 98 a4 eb 8a 94 ea b1 b0,935,1041,contains_whitespace,hangul;whitespace,True,
8345,merge, 어린이,' 어린이',10,4,20 ec 96 b4 eb a6 b0 ec 9d b4,2604,267,contains_whitespace,hangul;whitespace,True,
8346,merge, 너무 지루,' 너무 지루',14,6,20 eb 84 88 eb ac b4 20 ec a7 80 eb a3 a8,452,720,contains_whitespace,hangul;whitespace,True,
8347,merge,\n이런게,'\n이런게',10,4,0a ec 9d b4 eb 9f b0 ea b2 8c,1424,319,contains_whitespace;control_char,control;hangul;whitespace,True,
8348,merge, 마약,' 마약',7,3,20 eb a7 88 ec 95 bd,589,1601,contains_whitespace,hangul;whitespace,True,
8349,merge,초딩,'초딩',6,2,ec b4 88 eb 94 a9,1205,2420,,hangul,True,
8350,merge,하지 않고,'하지 않고',13,5,ed 95 98 ec a7 80 20 ec 95 8a ea b3 a0,1654,277,contains_whitespace,hangul;whitespace,True,
8351,merge, 어두운,' 어두운',10,4,20 ec 96 b4 eb 91 90 ec 9a b4,5550,492,contains_whitespace,hangul;whitespace,True,
8352,merge,이 많이,'이 많이',10,4,ec 9d b4 20 eb a7 8e ec 9d b4,267,1054,contains_whitespace,hangul;whitespace,True,
8353,merge, 시간만,' 시간만',10,4,20 ec 8b 9c ea b0 84 eb a7 8c,897,328,contains_whitespace,hangul;whitespace,True,
8354,merge, 가슴이 먹먹,' 가슴이 먹먹',17,7,20 ea b0 80 ec 8a b4 ec 9d b4 20 eb a8 b9 eb a8 b9,2732,3523,contains_whitespace,hangul;whitespace,True,
8355,merge,유발,'유발',6,2,ec 9c a0 eb b0 9c,664,867,,hangul,True,
8356,merge, 편안,' 편안',7,3,20 ed 8e b8 ec 95 88,1353,699,contains_whitespace,hangul;whitespace,True,
8357,merge, 누구나,' 누구나',10,4,20 eb 88 84 ea b5 ac eb 82 98,1326,1256,contains_whitespace,hangul;whitespace,True,
8358,merge,한 상황,'한 상황',10,4,ed 95 9c 20 ec 83 81 ed 99 a9,304,2380,contains_whitespace,hangul;whitespace,True,
8359,merge, 소소,' 소소',7,3,20 ec 86 8c ec 86 8c,658,595,contains_whitespace,hangul;whitespace,True,
8360,merge, 시리즈 중,' 시리즈 중',14,6,20 ec 8b 9c eb a6 ac ec a6 88 20 ec a4 91,1945,729,contains_whitespace,hangul;whitespace,True,
8361,merge,름다,'름다',6,2,eb a6 84 eb 8b a4,636,268,,hangul,True,
8362,merge,!!!!!\n,'!!!!!\n',6,6,21 21 21 21 21 0a,891,582,contains_whitespace;control_char;repeated_run,control;punct_symbol;whitespace,True,
8363,merge,^^*,'^^*',3,3,5e 5e 2a,759,46,,punct_symbol,True,
8364,merge,,b'\x88\x84\xeb\x9d\xbc',5,0,88 84 eb 9d bc,5387,330,invalid_utf8,invalid_utf8,False,'utf-8' codec can't decode byte 0x88 in position 0: invalid start byte
8365,merge,기술,'기술',6,2,ea b8 b0 ec 88 a0,303,1174,,hangul,True,
8366,merge,일때,'일때',6,2,ec 9d bc eb 95 8c,518,574,,hangul,True,
8367,merge,,b'\xeb\x88\x88\xeb',4,0,eb 88 88 eb,1056,306,invalid_utf8,invalid_utf8,False,'utf-8' codec can't decode byte 0xeb in position 3: unexpected end of data
8368,merge, 느끼게 해준,' 느끼게 해준',17,7,20 eb 8a 90 eb 81 bc ea b2 8c 20 ed 95 b4 ec a4 80,1766,3811,contains_whitespace,hangul;whitespace,True,
8369,merge,ut,'ut',2,2,75 74,121,120,,english,True,
8370,merge, 열정,' 열정',7,3,20 ec 97 b4 ec a0 95,1450,395,contains_whitespace,hangul;whitespace,True,
8371,merge,말이 필요없는,'말이 필요없는',19,7,eb a7 90 ec 9d b4 20 ed 95 84 ec 9a 94 ec 97 86 eb 8a 94,2714,933,contains_whitespace,hangul;whitespace,True,
8372,merge,볼때마다,'볼때마다',12,4,eb b3 bc eb 95 8c eb a7 88 eb 8b a4,1096,3201,,hangul,True,
8373,merge, 아내,' 아내',7,3,20 ec 95 84 eb 82 b4,349,453,contains_whitespace,hangul;whitespace,True,
8374,merge,씨도,'씨도',6,2,ec 94 a8 eb 8f 84,998,296,,hangul,True,
8375,merge,,b'\xac\xeb\x9e\x90',4,0,ac eb 9e 90,444,148,invalid_utf8,invalid_utf8,False,'utf-8' codec can't decode byte 0xac in position 0: invalid start byte
8376,merge, 마지막장면,' 마지막장면',16,6,20 eb a7 88 ec a7 80 eb a7 89 ec 9e a5 eb a9 b4,983,1448,contains_whitespace,hangul;whitespace,True,
8377,merge, 쓸쓸,' 쓸쓸',7,3,20 ec 93 b8 ec 93 b8,2646,2811,contains_whitespace,hangul;whitespace,True,
8378,merge,짱!,'짱!',4,2,ec a7 b1 21,1213,37,,hangul;punct_symbol,True,
8379,merge,\n로,'\n로',4,2,0a eb a1 9c,14,325,contains_whitespace;control_char,control;hangul;whitespace,True,
8380,merge,!!!!!,'!!!!!',5,5,21 21 21 21 21,891,37,repeated_run,punct_symbol,True,
8381,merge,버릴,'버릴',6,2,eb b2 84 eb a6 b4,685,767,,hangul,True,
8382,merge, 흐르는,' 흐르는',10,4,20 ed 9d 90 eb a5 b4 eb 8a 94,2029,2374,contains_whitespace,hangul;whitespace,True,
8383,merge, 최고로,' 최고로',10,4,20 ec b5 9c ea b3 a0 eb a1 9c,599,325,contains_whitespace,hangul;whitespace,True,
8384,merge,이 없어,'이 없어',10,4,ec 9d b4 20 ec 97 86 ec 96 b4,1303,327,contains_whitespace,hangul;whitespace,True,
8385,merge,나쁜,'나쁜',6,2,eb 82 98 ec 81 9c,320,1827,,hangul,True,
8386,merge,물\n,'물\n',4,2,eb ac bc 0a,745,14,contains_whitespace;control_char,control;hangul;whitespace,True,
8387,merge,구의,'구의',6,2,ea b5 ac ec 9d 98,541,310,,hangul,True,
8388,merge, 분위기가,' 분위기가',13,5,20 eb b6 84 ec 9c 84 ea b8 b0 ea b0 80,2152,1706,contains_whitespace,hangul;whitespace,True,
8389,merge, 기타,' 기타',7,3,20 ea b8 b0 ed 83 80,511,635,contains_whitespace,hangul;whitespace,True,
8390,merge,주일,'주일',6,2,ec a3 bc ec 9d bc,428,518,,hangul,True,
8391,merge, 죽는줄 알았,' 죽는줄 알았',17,7,20 ec a3 bd eb 8a 94 ec a4 84 20 ec 95 8c ec 95 98,3188,2124,contains_whitespace,hangul;whitespace,True,
8392,merge, 지난,' 지난',7,3,20 ec a7 80 eb 82 9c,473,615,contains_whitespace,hangul;whitespace,True,
8393,merge,ㅇㅇㅇㅇ,'ㅇㅇㅇㅇ',12,4,e3 85 87 e3 85 87 e3 85 87 e3 85 87,2411,2411,repeated_run,hangul,True,
8394,merge,을 보여주,'을 보여주',13,5,ec 9d 84 20 eb b3 b4 ec 97 ac ec a3 bc,318,2405,contains_whitespace,hangul;whitespace,True,
8395,merge,등장인물,'등장인물',12,4,eb 93 b1 ec 9e a5 ec 9d b8 eb ac bc,5895,2787,,hangul,True,
8396,merge,????????????????,'????????????????',16,16,3f 3f 3f 3f 3f 3f 3f 3f 3f 3f 3f 3f 3f 3f 3f 3f,3848,3848,long_chars;repeated_run,punct_symbol,True,
8397,merge, 떡밥,' 떡밥',7,3,20 eb 96 a1 eb b0 a5,5013,3580,contains_whitespace,hangul;whitespace,True,
8398,merge,카데미,'카데미',9,3,ec b9 b4 eb 8d b0 eb af b8,1210,7107,,hangul,True,
8399,merge,남자가,'남자가',9,3,eb 82 a8 ec 9e 90 ea b0 80,2054,290,,hangul,True,
8400,merge,성기,'성기',6,2,ec 84 b1 ea b8 b0,500,303,,hangul,True,
8401,merge, 반전에,' 반전에',10,4,20 eb b0 98 ec a0 84 ec 97 90,1340,300,contains_whitespace,hangul;whitespace,True,
8402,merge,릉,'릉',3,1,eb a6 89,301,141,,hangul,True,
8403,merge,스와,'스와',6,2,ec 8a a4 ec 99 80,371,509,,hangul,True,
8404,merge, 왜 이리,' 왜 이리',11,5,20 ec 99 9c 20 ec 9d b4 eb a6 ac,3485,332,contains_whitespace,hangul;whitespace,True,
8405,merge,벅,'벅',3,1,eb b2 85,413,137,,hangul,True,
8406,merge,사람의,'사람의',9,3,ec 82 ac eb 9e 8c ec 9d 98,1145,310,,hangul,True,
8407,merge, X,' X',2,2,20 58,36,92,contains_whitespace,english;whitespace,True,
8408,merge, 설득력,' 설득력',10,4,20 ec 84 a4 eb 93 9d eb a0 a5,6009,591,contains_whitespace,hangul;whitespace,True,
8409,merge,,b' \xeb\x88\x88\xec\x9d\x84 \xeb',9,0,20 eb 88 88 ec 9d 84 20 eb,4340,261,invalid_utf8,invalid_utf8,False,'utf-8' codec can't decode byte 0xeb in position 8: unexpected end of data
8410,merge, 시리즈는,' 시리즈는',13,5,20 ec 8b 9c eb a6 ac ec a6 88 eb 8a 94,1945,272,contains_whitespace,hangul;whitespace,True,
8411,merge, 미스터,' 미스터',10,4,20 eb af b8 ec 8a a4 ed 84 b0,672,1346,contains_whitespace,hangul;whitespace,True,
8412,merge, 주제를,' 주제를',10,4,20 ec a3 bc ec a0 9c eb a5 bc,2356,382,contains_whitespace,hangul;whitespace,True,
8413,merge,,b'\xec\xb7',2,0,ec b7,240,187,invalid_utf8,invalid_utf8,False,'utf-8' codec can't decode bytes in position 0-1: unexpected end of data
8414,merge,…,'…',3,1,e2 80 a6,3725,170,,punct_symbol,True,
8415,merge, 시사회,' 시사회',10,4,20 ec 8b 9c ec 82 ac ed 9a 8c,472,2959,contains_whitespace,hangul;whitespace,True,
8416,merge, 무서움,' 무서움',10,4,20 eb ac b4 ec 84 9c ec 9b 80,1881,894,contains_whitespace,hangul;whitespace,True,
8417,merge, 아버,' 아버',7,3,20 ec 95 84 eb b2 84,349,685,contains_whitespace,hangul;whitespace,True,
8418,merge,게로게로,'게로게로',12,4,ea b2 8c eb a1 9c ea b2 8c eb a1 9c,7719,7719,,hangul,True,
8419,merge,귀여운,'귀여운',9,3,ea b7 80 ec 97 ac ec 9a b4,1900,3061,,hangul,True,
8420,merge,\n미국,'\n미국',7,3,0a eb af b8 ea b5 ad,14,2924,contains_whitespace;control_char,control;hangul;whitespace,True,
8421,merge,받고,'받고',6,2,eb b0 9b ea b3 a0,1285,277,,hangul,True,
8422,merge,이구만,'이구만',9,3,ec 9d b4 ea b5 ac eb a7 8c,267,1896,,hangul,True,
8423,merge, 따름,' 따름',7,3,20 eb 94 b0 eb a6 84,1001,636,contains_whitespace,hangul;whitespace,True,
8424,merge,윤발,'윤발',6,2,ec 9c a4 eb b0 9c,2053,867,,hangul,True,
8425,merge, 제임스,' 제임스',10,4,20 ec a0 9c ec 9e 84 ec 8a a4,607,5423,contains_whitespace,hangul;whitespace,True,
8426,merge, 개연성도,' 개연성도',13,5,20 ea b0 9c ec 97 b0 ec 84 b1 eb 8f 84,2348,2163,contains_whitespace,hangul;whitespace,True,
8427,merge,준호,'준호',6,2,ec a4 80 ed 98 b8,657,1014,,hangul,True,
8428,merge, 목소리가,' 목소리가',13,5,20 eb aa a9 ec 86 8c eb a6 ac ea b0 80,4668,1506,contains_whitespace,hangul;whitespace,True,
8429,merge,\n책,'\n책',4,2,0a ec b1 85,353,1389,contains_whitespace;control_char,control;hangul;whitespace,True,
8430,merge, 부러,' 부러',7,3,20 eb b6 80 eb 9f ac,705,552,contains_whitespace,hangul;whitespace,True,
8431,merge,습니다^^\n,'습니다^^\n',12,6,ec 8a b5 eb 8b 88 eb 8b a4 5e 5e 0a,1082,1165,contains_whitespace;control_char,control;hangul;punct_symbol;whitespace,True,
8432,merge, 밖에 없는,' 밖에 없는',14,6,20 eb b0 96 ec 97 90 20 ec 97 86 eb 8a 94,2282,991,contains_whitespace,hangul;whitespace,True,
8433,merge, 마이너스,' 마이너스',13,5,20 eb a7 88 ec 9d b4 eb 84 88 ec 8a a4,5429,371,contains_whitespace,hangul;whitespace,True,
8434,merge, 참...,' 참...',7,5,20 ec b0 b8 2e 2e 2e,802,373,contains_whitespace;repeated_run,hangul;punct_symbol;whitespace,True,
8435,merge,봤지만,'봤지만',9,3,eb b4 a4 ec a7 80 eb a7 8c,769,436,,hangul,True,
8436,merge,아나,'아나',6,2,ec 95 84 eb 82 98,338,320,,hangul,True,
8437,merge,,b' \xec\x98\x88\xeb\xbb',6,0,20 ec 98 88 eb bb,3465,191,invalid_utf8,invalid_utf8,False,'utf-8' codec can't decode bytes in position 4-5: unexpected end of data
8438,merge, 닥,' 닥',4,2,20 eb 8b a5,372,169,contains_whitespace,hangul;whitespace,True,
8439,merge,"들,","'들,'",4,2,eb 93 a4 2c,334,48,,hangul;punct_symbol,True,
8440,merge,인 영화.,'인 영화.',11,5,ec 9d b8 20 ec 98 81 ed 99 94 2e,341,1301,contains_whitespace,hangul;punct_symbol;whitespace,True,
8441,merge, 10점주는,' 10점주는',12,6,20 31 30 ec a0 90 ec a3 bc eb 8a 94,999,1278,contains_whitespace,digit;hangul;whitespace,True,
8442,merge,사극,'사극',6,2,ec 82 ac ea b7 b9,544,953,,hangul,True,
8443,merge,리는데,'리는데',9,3,eb a6 ac eb 8a 94 eb 8d b0,332,393,,hangul,True,
8444,merge,뷰,'뷰',3,1,eb b7 b0,239,3048,,hangul,True,
8445,merge,왕국,'왕국',6,2,ec 99 95 ea b5 ad,1775,538,,hangul,True,
8446,merge,\n이런 영화,'\n이런 영화',14,6,0a ec 9d b4 eb 9f b0 20 ec 98 81 ed 99 94,1424,305,contains_whitespace;control_char,control;hangul;whitespace,True,
8447,merge,가위,'가위',6,2,ea b0 80 ec 9c 84,290,835,,hangul,True,
8448,merge,우의,'우의',6,2,ec 9a b0 ec 9d 98,404,310,,hangul,True,
8449,merge, 이따위,' 이따위',10,4,20 ec 9d b4 eb 94 b0 ec 9c 84,322,4406,contains_whitespace,hangul;whitespace,True,
8450,merge,눈이,'눈이',6,2,eb 88 88 ec 9d b4,2351,267,,hangul,True,
8451,merge, 이 영화에,' 이 영화에',14,6,20 ec 9d b4 20 ec 98 81 ed 99 94 ec 97 90,1494,300,contains_whitespace,hangul;whitespace,True,
8452,merge,메이드,'메이드',9,3,eb a9 94 ec 9d b4 eb 93 9c,4564,462,,hangul,True,
8453,merge,이라 생각,'이라 생각',13,5,ec 9d b4 eb 9d bc 20 ec 83 9d ea b0 81,650,581,contains_whitespace,hangul;whitespace,True,
8454,merge,알바들,'알바들',9,3,ec 95 8c eb b0 94 eb 93 a4,2326,334,,hangul,True,
8455,merge, 샘,' 샘',4,2,20 ec 83 98,429,156,contains_whitespace,hangul;whitespace,True,
8456,merge,월한,'월한',6,2,ec 9b 94 ed 95 9c,2185,304,,hangul,True,
8457,merge,과 비교,'과 비교',10,4,ea b3 bc 20 eb b9 84 ea b5 90,441,2261,contains_whitespace,hangul;whitespace,True,
8458,merge, 아니라고,' 아니라고',13,5,20 ec 95 84 eb 8b 88 eb 9d bc ea b3 a0,1412,277,contains_whitespace,hangul;whitespace,True,
8459,merge,하였,'하였',6,2,ed 95 98 ec 98 80,289,641,,hangul,True,
8460,merge,,b'\x88\xeb\x8d\x94\xeb\x9d\xbc\xeb\xa9\xb4',10,0,88 eb 8d 94 eb 9d bc eb a9 b4,2146,2174,invalid_utf8,invalid_utf8,False,'utf-8' codec can't decode byte 0x88 in position 0: invalid start byte
8461,merge,트는,'트는',6,2,ed 8a b8 eb 8a 94,639,272,,hangul,True,
8462,merge,~\n정말,'~\n정말',8,4,7e 0a ec a0 95 eb a7 90,943,653,contains_whitespace;control_char,control;hangul;punct_symbol;whitespace,True,
8463,merge, 최악이다.,' 최악이다.',14,6,20 ec b5 9c ec 95 85 ec 9d b4 eb 8b a4 2e,1036,1314,contains_whitespace,hangul;punct_symbol;whitespace,True,
8464,merge, 여름,' 여름',7,3,20 ec 97 ac eb a6 84,315,4960,contains_whitespace,hangul;whitespace,True,
8465,merge,배우의,'배우의',9,3,eb b0 b0 ec 9a b0 ec 9d 98,994,310,,hangul,True,
8466,merge,로도,'로도',6,2,eb a1 9c eb 8f 84,325,296,,hangul,True,
8467,merge,하게 되,'하게 되',10,4,ed 95 98 ea b2 8c 20 eb 90 98,621,746,contains_whitespace,hangul;whitespace,True,
8468,merge, 내가 본,' 내가 본',11,5,20 eb 82 b4 ea b0 80 20 eb b3 b8,1143,619,contains_whitespace,hangul;whitespace,True,
8469,merge, 최고임,' 최고임',10,4,20 ec b5 9c ea b3 a0 ec 9e 84,599,578,contains_whitespace,hangul;whitespace,True,
8470,merge, 영환데,' 영환데',10,4,20 ec 98 81 ed 99 98 eb 8d b0,4052,346,contains_whitespace,hangul;whitespace,True,
8471,merge, 조화,' 조화',7,3,20 ec a1 b0 ed 99 94,747,279,contains_whitespace,hangul;whitespace,True,
8472,merge,나가는,'나가는',9,3,eb 82 98 ea b0 80 eb 8a 94,320,1238,,hangul,True,
8473,merge, 독특하고,' 독특하고',13,5,20 eb 8f 85 ed 8a b9 ed 95 98 ea b3 a0,2978,437,contains_whitespace,hangul;whitespace,True,
8474,merge, 봤다.\n,' 봤다.\n',9,5,20 eb b4 a4 eb 8b a4 2e 0a,480,388,contains_whitespace;control_char,control;hangul;punct_symbol;whitespace,True,
8475,merge, 어정쩡,' 어정쩡',10,4,20 ec 96 b4 ec a0 95 ec a9 a1,455,7149,contains_whitespace,hangul;whitespace,True,
8476,merge, 놀라운,' 놀라운',10,4,20 eb 86 80 eb 9d bc ec 9a b4,3611,492,contains_whitespace,hangul;whitespace,True,
8477,merge, 말하고 싶,' 말하고 싶',14,6,20 eb a7 90 ed 95 98 ea b3 a0 20 ec 8b b6,597,2391,contains_whitespace,hangul;whitespace,True,
8478,merge,,b' \xea\xb2\xac\xeb',5,0,20 ea b2 ac eb,587,294,invalid_utf8,invalid_utf8,False,'utf-8' codec can't decode byte 0xeb in position 4: unexpected end of data
8479,merge, 마니,' 마니',7,3,20 eb a7 88 eb 8b 88,589,336,contains_whitespace,hangul;whitespace,True,
8480,merge,\n이영화는,'\n이영화는',13,5,0a ec 9d b4 ec 98 81 ed 99 94 eb 8a 94,558,1180,contains_whitespace;control_char,control;hangul;whitespace,True,
8481,merge, 끝날때,' 끝날때',10,4,20 eb 81 9d eb 82 a0 eb 95 8c,732,5193,contains_whitespace,hangul;whitespace,True,
8482,merge,크의,'크의',6,2,ed 81 ac ec 9d 98,1219,310,,hangul,True,
8483,merge, 없애,' 없애',7,3,20 ec 97 86 ec 95 a0,409,798,contains_whitespace,hangul;whitespace,True,
8484,merge,벤져,'벤져',6,2,eb b2 a4 ec a0 b8,4282,952,,hangul,True,
8485,merge, 의도가,' 의도가',10,4,20 ec 9d 98 eb 8f 84 ea b0 80,3095,290,contains_whitespace,hangul;whitespace,True,
8486,merge,찔,'찔',3,1,ec b0 94,490,152,,hangul,True,
8487,merge,멸,'멸',3,1,eb a9 b8,340,188,,hangul,True,
8488,merge, 점수는,' 점수는',10,4,20 ec a0 90 ec 88 98 eb 8a 94,1771,272,contains_whitespace,hangul;whitespace,True,
8489,merge,고 싶다,'고 싶다',10,4,ea b3 a0 20 ec 8b b6 eb 8b a4,1286,268,contains_whitespace,hangul;whitespace,True,
8490,merge,렸을,'렸을',6,2,eb a0 b8 ec 9d 84,1030,318,,hangul,True,
8491,merge, 유쾌하게,' 유쾌하게',13,5,20 ec 9c a0 ec be 8c ed 95 98 ea b2 8c,2216,621,contains_whitespace,hangul;whitespace,True,
8492,merge,ㅠㅜ,'ㅠㅜ',6,2,e3 85 a0 e3 85 9c,445,742,,hangul,True,
8493,merge, 기억이 나,' 기억이 나',14,6,20 ea b8 b0 ec 96 b5 ec 9d b4 20 eb 82 98,2182,408,contains_whitespace,hangul;whitespace,True,
8494,merge, 좀 아쉽,' 좀 아쉽',11,5,20 ec a2 80 20 ec 95 84 ec 89 bd,765,1605,contains_whitespace,hangul;whitespace,True,
8495,merge,살인,'살인',6,2,ec 82 b4 ec 9d b8,1045,341,,hangul,True,
8496,merge,".,","'.,'",2,2,2e 2c,50,48,,punct_symbol,True,
8497,merge,과 이,'과 이',7,3,ea b3 bc 20 ec 9d b4,441,322,contains_whitespace,hangul;whitespace,True,
8498,merge, 이어,' 이어',7,3,20 ec 9d b4 ec 96 b4,322,327,contains_whitespace,hangul;whitespace,True,
8499,merge,다니...,'다니...',9,5,eb 8b a4 eb 8b 88 2e 2e 2e,1196,373,repeated_run,hangul;punct_symbol,True,
8500,merge, 정말 재미있게,' 정말 재미있게',20,8,20 ec a0 95 eb a7 90 20 ec 9e ac eb af b8 ec 9e 88 ea b2 8c,532,2269,contains_whitespace,hangul;whitespace,True,
8501,merge,듯.\n,'듯.\n',5,3,eb 93 af 2e 0a,613,311,contains_whitespace;control_char,control;hangul;punct_symbol;whitespace,True,
8502,merge,자로,'자로',6,2,ec 9e 90 eb a1 9c,392,325,,hangul,True,
8503,merge, 고문,' 고문',7,3,20 ea b3 a0 eb ac b8,813,716,contains_whitespace,hangul;whitespace,True,
8504,merge,아요.\n,'아요.\n',8,4,ec 95 84 ec 9a 94 2e 0a,1568,311,contains_whitespace;control_char,control;hangul;punct_symbol;whitespace,True,
8505,merge,스톤,'스톤',6,2,ec 8a a4 ed 86 a4,371,5086,,hangul,True,
8506,merge, 접근,' 접근',7,3,20 ec a0 91 ea b7 bc,3362,1138,contains_whitespace,hangul;whitespace,True,
8507,merge, 마찬,' 마찬',7,3,20 eb a7 88 ec b0 ac,589,2055,contains_whitespace,hangul;whitespace,True,
8508,merge,\n양,'\n양',4,2,0a ec 96 91,2558,149,contains_whitespace;control_char,control;hangul;whitespace,True,
8509,merge, 최고의 영화\n,' 최고의 영화\n',18,8,20 ec b5 9c ea b3 a0 ec 9d 98 20 ec 98 81 ed 99 94 0a,1669,14,contains_whitespace;control_char,control;hangul;whitespace,True,
8510,merge,갈때,'갈때',6,2,ea b0 88 eb 95 8c,265,5213,,hangul,True,
8511,merge, 실감,' 실감',7,3,20 ec 8b a4 ea b0 90,851,586,contains_whitespace,hangul;whitespace,True,
8512,merge,미를,'미를',6,2,eb af b8 eb a5 bc,497,382,,hangul,True,
8513,merge,도 많이,'도 많이',10,4,eb 8f 84 20 eb a7 8e ec 9d b4,296,1054,contains_whitespace,hangul;whitespace,True,
8514,merge, 아놔,' 아놔',7,3,20 ec 95 84 eb 86 94,349,2851,contains_whitespace,hangul;whitespace,True,
8515,merge,갠,'갠',3,1,ea b0 a0,265,164,,hangul,True,
8516,merge, 어쨌,' 어쨌',7,3,20 ec 96 b4 ec a8 8c,6257,144,contains_whitespace,hangul;whitespace,True,
8517,merge, 크로,' 크로',7,3,20 ed 81 ac eb a1 9c,1044,4215,contains_whitespace,hangul;whitespace,True,
8518,merge,관성,'관성',6,2,ea b4 80 ec 84 b1,825,500,,hangul,True,
8519,merge,젠가,'젠가',6,2,ec a0 a0 ea b0 80,2447,290,,hangul,True,
8520,merge,집에서,'집에서',9,3,ec a7 91 ec 97 90 ec 84 9c,1176,463,,hangul,True,
8521,merge,툰,'툰',3,1,ed 88 b0,1322,180,,hangul,True,
8522,merge, 보던,' 보던',7,3,20 eb b3 b4 eb 8d 98,357,596,contains_whitespace,hangul;whitespace,True,
8523,merge,는 있,'는 있',7,3,eb 8a 94 20 ec 9e 88,272,431,contains_whitespace,hangul;whitespace,True,
8524,merge,나는 영화,'나는 영화',13,5,eb 82 98 eb 8a 94 20 ec 98 81 ed 99 94,320,537,contains_whitespace,hangul;whitespace,True,
8525,merge, 획,' 획',4,2,20 ed 9a 8d,2062,145,contains_whitespace,hangul;whitespace,True,
8526,merge, 스토리라,' 스토리라',13,5,20 ec 8a a4 ed 86 a0 eb a6 ac eb 9d bc,2299,3475,contains_whitespace,hangul;whitespace,True,
8527,merge, 코스,' 코스',7,3,20 ec bd 94 ec 8a a4,925,371,contains_whitespace,hangul;whitespace,True,
8528,merge,랴,'랴',3,1,eb 9e b4,375,184,,hangul,True,
8529,merge,의 자,'의 자',7,3,ec 9d 98 20 ec 9e 90,310,612,contains_whitespace,hangul;whitespace,True,
8530,merge, 방향,' 방향',7,3,20 eb b0 a9 ed 96 a5,1304,1532,contains_whitespace,hangul;whitespace,True,
8531,merge, 펼쳐,' 펼쳐',7,3,20 ed 8e bc ec b3 90,5621,1393,contains_whitespace,hangul;whitespace,True,
8532,merge,학교때,'학교때',9,3,ed 95 99 ea b5 90 eb 95 8c,2076,574,,hangul,True,
8533,merge,틸,'틸',3,1,ed 8b b8,743,188,,hangul,True,
8534,merge, 공부,' 공부',7,3,20 ea b3 b5 eb b6 80,744,523,contains_whitespace,hangul;whitespace,True,
8535,merge, 보세요.,' 보세요.',11,5,20 eb b3 b4 ec 84 b8 ec 9a 94 2e,2254,50,contains_whitespace,hangul;punct_symbol;whitespace,True,
8536,merge,는걸,'는걸',6,2,eb 8a 94 ea b1 b8,272,643,,hangul,True,
8537,merge,,b'\xac\xeb\xb0\x95',4,0,ac eb b0 95,5224,153,invalid_utf8,invalid_utf8,False,'utf-8' codec can't decode byte 0xac in position 0: invalid start byte
8538,merge, 스토리의,' 스토리의',13,5,20 ec 8a a4 ed 86 a0 eb a6 ac ec 9d 98,689,310,contains_whitespace,hangul;whitespace,True,
8539,merge, 앨,' 앨',4,2,20 ec 95 a8,295,172,contains_whitespace,hangul;whitespace,True,
8540,merge, 배우들을,' 배우들을',13,5,20 eb b0 b0 ec 9a b0 eb 93 a4 ec 9d 84,735,1421,contains_whitespace,hangul;whitespace,True,
8541,merge,괜히,'괜히',6,2,ea b4 9c ed 9e 88,6082,503,,hangul,True,
8542,merge, 안봄,' 안봄',7,3,20 ec 95 88 eb b4 84,733,5927,contains_whitespace,hangul;whitespace,True,
8543,merge, 독특한,' 독특한',10,4,20 eb 8f 85 ed 8a b9 ed 95 9c,2978,304,contains_whitespace,hangul;whitespace,True,
8544,merge,.\n그냥,'.\n그냥',8,4,2e 0a ea b7 b8 eb 83 a5,311,1034,contains_whitespace;control_char,control;hangul;punct_symbol;whitespace,True,
8545,merge,꺼면,'꺼면',6,2,ea ba bc eb a9 b4,1747,356,,hangul,True,
8546,merge, 이거 보고,' 이거 보고',14,6,20 ec 9d b4 ea b1 b0 20 eb b3 b4 ea b3 a0,1029,663,contains_whitespace,hangul;whitespace,True,
8547,merge,치곤,'치곤',6,2,ec b9 98 ea b3 a4,516,1940,,hangul,True,
8548,merge, 니가,' 니가',7,3,20 eb 8b 88 ea b0 80,2334,290,contains_whitespace,hangul;whitespace,True,
8549,merge,할것,'할것',6,2,ed 95 a0 ea b2 83,478,420,,hangul,True,
8550,merge, 여자는,' 여자는',10,4,20 ec 97 ac ec 9e 90 eb 8a 94,1149,272,contains_whitespace,hangul;whitespace,True,
8551,merge,니다 ,'니다 ',7,3,eb 8b 88 eb 8b a4 20,336,896,contains_whitespace,hangul;whitespace,True,
8552,merge,라에몽,'라에몽',9,3,eb 9d bc ec 97 90 eb aa bd,8177,3565,,hangul,True,
8553,merge,하고 있는,'하고 있는',13,5,ed 95 98 ea b3 a0 20 ec 9e 88 eb 8a 94,437,1178,contains_whitespace,hangul;whitespace,True,
8554,merge,,b'\n\xec\x96\xb4\xeb\x96',6,0,0a ec 96 b4 eb 96,1492,849,invalid_utf8,invalid_utf8,False,'utf-8' codec can't decode bytes in position 4-5: unexpected end of data
8555,merge,넘넘,'넘넘',6,2,eb 84 98 eb 84 98,1361,1361,,hangul,True,
8556,merge,내 생애,'내 생애',10,4,eb 82 b4 20 ec 83 9d ec 95 a0,453,4612,contains_whitespace,hangul;whitespace,True,
8557,merge,같은영화,'같은영화',12,4,ea b0 99 ec 9d 80 ec 98 81 ed 99 94,948,367,,hangul,True,
8558,merge, 개뿔,' 개뿔',7,3,20 ea b0 9c eb bf 94,618,5774,contains_whitespace,hangul;whitespace,True,
8559,merge,\n아놔,'\n아놔',7,3,0a ec 95 84 eb 86 94,872,2851,contains_whitespace;control_char,control;hangul;whitespace,True,
8560,merge, 여신,' 여신',7,3,20 ec 97 ac ec 8b a0,622,545,contains_whitespace,hangul;whitespace,True,
8561,merge, 부탁,' 부탁',7,3,20 eb b6 80 ed 83 81,705,3026,contains_whitespace,hangul;whitespace,True,
8562,merge, 뜬금없이,' 뜬금없이',13,5,20 eb 9c ac ea b8 88 ec 97 86 ec 9d b4,4009,1109,contains_whitespace,hangul;whitespace,True,
8563,merge,?\n정말,'?\n정말',8,4,3f 0a ec a0 95 eb a7 90,709,653,contains_whitespace;control_char,control;hangul;punct_symbol;whitespace,True,
8564,merge,피해,'피해',6,2,ed 94 bc ed 95 b4,1007,355,,hangul,True,
8565,merge, 새록새록,' 새록새록',13,5,20 ec 83 88 eb a1 9d ec 83 88 eb a1 9d,8193,7860,contains_whitespace,hangul;whitespace,True,
8566,merge, 많은걸,' 많은걸',10,4,20 eb a7 8e ec 9d 80 ea b1 b8,1423,643,contains_whitespace,hangul;whitespace,True,
8567,merge,든다,'든다',6,2,eb 93 a0 eb 8b a4,598,268,,hangul,True,
8568,merge,다\n소,'다\n소',7,3,eb 8b a4 0a ec 86 8c,806,449,contains_whitespace;control_char,control;hangul;whitespace,True,
8569,merge,\n제목,'\n제목',7,3,0a ec a0 9c eb aa a9,14,2209,contains_whitespace;control_char,control;hangul;whitespace,True,
8570,merge,썼,'썼',3,1,ec 8d bc,240,1226,,hangul,True,
8571,merge, 향연,' 향연',7,3,20 ed 96 a5 ec 97 b0,2910,483,contains_whitespace,hangul;whitespace,True,
8572,merge,영화관에서,'영화관에서',15,5,ec 98 81 ed 99 94 ea b4 80 ec 97 90 ec 84 9c,367,2142,,hangul,True,
8573,merge,학교에서,'학교에서',12,4,ed 95 99 ea b5 90 ec 97 90 ec 84 9c,2076,463,,hangul,True,
8574,merge,의 미,'의 미',7,3,ec 9d 98 20 eb af b8,310,672,contains_whitespace,hangul;whitespace,True,
8575,merge,\n종,'\n종',4,2,0a ec a2 85,1531,137,contains_whitespace;control_char,control;hangul;whitespace,True,
8576,merge, 이민,' 이민',7,3,20 ec 9d b4 eb af bc,322,947,contains_whitespace,hangul;whitespace,True,
8577,merge, 그동안,' 그동안',10,4,20 ea b7 b8 eb 8f 99 ec 95 88,359,1878,contains_whitespace,hangul;whitespace,True,
8578,merge, 출연한,' 출연한',10,4,20 ec b6 9c ec 97 b0 ed 95 9c,1804,304,contains_whitespace,hangul;whitespace,True,
8579,merge,감과,'감과',6,2,ea b0 90 ea b3 bc,586,441,,hangul,True,
8580,merge, 스파이,' 스파이',10,4,20 ec 8a a4 ed 8c 8c ec 9d b4,494,2820,contains_whitespace,hangul;whitespace,True,
8581,merge, 본 드라마,' 본 드라마',14,6,20 eb b3 b8 20 eb 93 9c eb 9d bc eb a7 88,619,730,contains_whitespace,hangul;whitespace,True,
8582,merge, 솔직,' 솔직',7,3,20 ec 86 94 ec a7 81,777,1284,contains_whitespace,hangul;whitespace,True,
8583,merge,봄\n,'봄\n',4,2,eb b4 84 0a,2210,14,contains_whitespace;control_char,control;hangul;whitespace,True,
8584,merge,해본,'해본',6,2,ed 95 b4 eb b3 b8,355,626,,hangul,True,
8585,merge, 잘어울,' 잘어울',10,4,20 ec 9e 98 ec 96 b4 ec 9a b8,549,3614,contains_whitespace,hangul;whitespace,True,
8586,merge,도 안되고,'도 안되고',13,5,eb 8f 84 20 ec 95 88 eb 90 98 ea b3 a0,2520,277,contains_whitespace,hangul;whitespace,True,
8587,merge, 안된다.,' 안된다.',11,5,20 ec 95 88 eb 90 9c eb 8b a4 2e,2971,369,contains_whitespace,hangul;punct_symbol;whitespace,True,
8588,merge,긴 했지만,'긴 했지만',13,5,ea b8 b4 20 ed 96 88 ec a7 80 eb a7 8c,669,4623,contains_whitespace,hangul;whitespace,True,
8589,merge, 나오는 영화,' 나오는 영화',17,7,20 eb 82 98 ec 98 a4 eb 8a 94 20 ec 98 81 ed 99 94,935,537,contains_whitespace,hangul;whitespace,True,
8590,merge,먹을,'먹을',6,2,eb a8 b9 ec 9d 84,1099,318,,hangul,True,
8591,merge,렸다,'렸다',6,2,eb a0 b8 eb 8b a4,1030,268,,hangul,True,
8592,merge, 생각해보게,' 생각해보게',16,6,20 ec 83 9d ea b0 81 ed 95 b4 eb b3 b4 ea b2 8c,2934,2591,contains_whitespace,hangul;whitespace,True,
8593,merge,여기서,'여기서',9,3,ec 97 ac ea b8 b0 ec 84 9c,3717,321,,hangul,True,
8594,merge, 부끄럽,' 부끄럽',10,4,20 eb b6 80 eb 81 84 eb 9f bd,705,4629,contains_whitespace,hangul;whitespace,True,
8595,merge, 잘 봤습니다.,' 잘 봤습니다.',18,8,20 ec 9e 98 20 eb b4 a4 ec 8a b5 eb 8b 88 eb 8b a4 2e,2914,1015,contains_whitespace,hangul;punct_symbol;whitespace,True,
8596,merge, 말이필요,' 말이필요',13,5,20 eb a7 90 ec 9d b4 ed 95 84 ec 9a 94,1626,2307,contains_whitespace,hangul;whitespace,True,
8597,merge, 알게 되,' 알게 되',11,5,20 ec 95 8c ea b2 8c 20 eb 90 98,2563,746,contains_whitespace,hangul;whitespace,True,
8598,merge, 참신한,' 참신한',10,4,20 ec b0 b8 ec 8b a0 ed 95 9c,3244,304,contains_whitespace,hangul;whitespace,True,
8599,merge, 얘기를,' 얘기를',10,4,20 ec 96 98 ea b8 b0 eb a5 bc,1991,1739,contains_whitespace,hangul;whitespace,True,
8600,merge, 더 이상,' 더 이상',11,5,20 eb 8d 94 20 ec 9d b4 ec 83 81,566,1223,contains_whitespace,hangul;whitespace,True,
8601,merge, 뭥미,' 뭥미',7,3,20 eb ad a5 eb af b8,562,7276,contains_whitespace,hangul;whitespace,True,
8602,merge,쇄,'쇄',3,1,ec 87 84,7002,136,,hangul,True,
8603,merge, 시간에,' 시간에',10,4,20 ec 8b 9c ea b0 84 ec 97 90,897,300,contains_whitespace,hangul;whitespace,True,
8604,merge, 아쉬운 영화,' 아쉬운 영화',17,7,20 ec 95 84 ec 89 ac ec 9a b4 20 ec 98 81 ed 99 94,1615,1588,contains_whitespace,hangul;whitespace,True,
8605,merge,예슬,'예슬',6,2,ec 98 88 ec 8a ac,1086,1790,,hangul,True,
8606,merge, 연기를 잘,' 연기를 잘',14,6,20 ec 97 b0 ea b8 b0 eb a5 bc 20 ec 9e 98,2543,549,contains_whitespace,hangul;whitespace,True,
8607,merge, 매니아,' 매니아',10,4,20 eb a7 a4 eb 8b 88 ec 95 84,842,4318,contains_whitespace,hangul;whitespace,True,
8608,merge, 신선하고,' 신선하고',13,5,20 ec 8b a0 ec 84 a0 ed 95 98 ea b3 a0,2113,437,contains_whitespace,hangul;whitespace,True,
8609,merge, 넘어가,' 넘어가',10,4,20 eb 84 98 ec 96 b4 ea b0 80,908,2656,contains_whitespace,hangul;whitespace,True,
8610,merge,지도 못,'지도 못',10,4,ec a7 80 eb 8f 84 20 eb aa bb,973,588,contains_whitespace,hangul;whitespace,True,
8611,merge,다 ..,'다 ..',6,4,eb 8b a4 20 2e 2e,896,266,contains_whitespace,hangul;punct_symbol;whitespace,True,
8612,merge, 보는거,' 보는거',10,4,20 eb b3 b4 eb 8a 94 ea b1 b0,847,385,contains_whitespace,hangul;whitespace,True,
8613,merge,도 없고...,'도 없고...',13,7,eb 8f 84 20 ec 97 86 ea b3 a0 2e 2e 2e,1447,373,contains_whitespace;repeated_run,hangul;punct_symbol;whitespace,True,
8614,merge,리나,'리나',6,2,eb a6 ac eb 82 98,332,320,,hangul,True,
8615,merge,영화에서,'영화에서',12,4,ec 98 81 ed 99 94 ec 97 90 ec 84 9c,367,463,,hangul,True,
8616,merge,잖은,'잖은',6,2,ec 9e 96 ec 9d 80,2051,313,,hangul,True,
8617,merge,질라,'질라',6,2,ec a7 88 eb 9d bc,273,1166,,hangul,True,
8618,merge,그녀,'그녀',6,2,ea b7 b8 eb 85 80,460,1140,,hangul,True,
8619,merge,북한,'북한',6,2,eb b6 81 ed 95 9c,2904,304,,hangul,True,
8620,merge,기 때문,'기 때문',10,4,ea b8 b0 20 eb 95 8c eb ac b8,303,4627,contains_whitespace,hangul;whitespace,True,
8621,merge, 부자연,' 부자연',10,4,20 eb b6 80 ec 9e 90 ec 97 b0,705,4353,contains_whitespace,hangul;whitespace,True,
8622,merge, 평소,' 평소',7,3,20 ed 8f 89 ec 86 8c,1026,595,contains_whitespace,hangul;whitespace,True,
8623,merge, 돈내고,' 돈내고',10,4,20 eb 8f 88 eb 82 b4 ea b3 a0,1080,3844,contains_whitespace,hangul;whitespace,True,
8624,merge,,b'\xb0\xa8',2,0,b0 a8,180,172,invalid_utf8,invalid_utf8,False,'utf-8' codec can't decode byte 0xb0 in position 0: invalid start byte
8625,merge, 10자,' 10자',6,4,20 31 30 ec 9e 90,1664,392,contains_whitespace,digit;hangul;whitespace,True,
8626,merge, 우린,' 우린',7,3,20 ec 9a b0 eb a6 b0,740,757,contains_whitespace,hangul;whitespace,True,
8627,merge, 쾌,' 쾌',4,2,20 ec be 8c,260,1275,contains_whitespace,hangul;whitespace,True,
8628,merge,티가,'티가',6,2,ed 8b b0 ea b0 80,993,290,,hangul,True,
8629,merge,크리스마스,'크리스마스',15,5,ed 81 ac eb a6 ac ec 8a a4 eb a7 88 ec 8a a4,4822,3719,,hangul,True,
8630,merge,,b' \xed\x81\xac\xeb',5,0,20 ed 81 ac eb,1044,294,invalid_utf8,invalid_utf8,False,'utf-8' codec can't decode byte 0xeb in position 4: unexpected end of data
8631,merge, 경악,' 경악',7,3,20 ea b2 bd ec 95 85,1525,605,contains_whitespace,hangul;whitespace,True,
8632,merge,별 반,'별 반',7,3,eb b3 84 20 eb b0 98,1093,804,contains_whitespace,hangul;whitespace,True,
8633,merge,개가,'개가',6,2,ea b0 9c ea b0 80,577,290,,hangul,True,
8634,merge,했습니다.\n,'했습니다.\n',14,6,ed 96 88 ec 8a b5 eb 8b 88 eb 8b a4 2e 0a,526,1287,contains_whitespace;control_char,control;hangul;punct_symbol;whitespace,True,
8635,merge,하지도 않고,'하지도 않고',16,6,ed 95 98 ec a7 80 eb 8f 84 20 ec 95 8a ea b3 a0,289,2777,contains_whitespace,hangul;whitespace,True,
8636,merge,li,'li',2,2,6c 69,112,109,,english,True,
8637,merge, 사랑에,' 사랑에',10,4,20 ec 82 ac eb 9e 91 ec 97 90,819,300,contains_whitespace,hangul;whitespace,True,
8638,merge,나네,'나네',6,2,eb 82 98 eb 84 a4,320,379,,hangul,True,
8639,merge,신은,'신은',6,2,ec 8b a0 ec 9d 80,545,313,,hangul,True,
8640,merge,희선,'희선',6,2,ed 9d ac ec 84 a0,1411,731,,hangul,True,
8641,merge,등학교때,'등학교때',12,4,eb 93 b1 ed 95 99 ea b5 90 eb 95 8c,3487,574,,hangul,True,
8642,merge,♥♥♥,'♥♥♥',9,3,e2 99 a5 e2 99 a5 e2 99 a5,1963,1035,repeated_run,punct_symbol,True,
8643,merge,안타깝,'안타깝',9,3,ec 95 88 ed 83 80 ea b9 9d,5266,758,,hangul,True,
8644,merge,연애,'연애',6,2,ec 97 b0 ec 95 a0,483,798,,hangul,True,
8645,merge,봐도봐도,'봐도봐도',12,4,eb b4 90 eb 8f 84 eb b4 90 eb 8f 84,1394,1394,,hangul,True,
8646,merge,스케,'스케',6,2,ec 8a a4 ec bc 80,371,1375,,hangul,True,
8647,merge,홍콩,'홍콩',6,2,ed 99 8d ec bd a9,2669,2486,,hangul,True,
8648,merge,인의 명복을,'인의 명복을',16,6,ec 9d b8 ec 9d 98 20 eb aa 85 eb b3 b5 ec 9d 84,2206,7923,contains_whitespace,hangul;whitespace,True,
8649,merge, 유치해서,' 유치해서',13,5,20 ec 9c a0 ec b9 98 ed 95 b4 ec 84 9c,1281,687,contains_whitespace,hangul;whitespace,True,
8650,merge,걸작,'걸작',6,2,ea b1 b8 ec 9e 91,643,423,,hangul,True,
8651,merge,이번,'이번',6,2,ec 9d b4 eb b2 88,267,711,,hangul,True,
8652,merge,를 만들,'를 만들',10,4,eb a5 bc 20 eb a7 8c eb 93 a4,382,704,contains_whitespace,hangul;whitespace,True,
8653,merge,레디,'레디',6,2,eb a0 88 eb 94 94,3326,1607,,hangul,True,
8654,merge, 흐지부,' 흐지부',10,4,20 ed 9d 90 ec a7 80 eb b6 80,2029,6790,contains_whitespace,hangul;whitespace,True,
8655,merge, 배꼽,' 배꼽',7,3,20 eb b0 b0 ea bc bd,1069,4213,contains_whitespace,hangul;whitespace,True,
8656,merge,다\n예,'다\n예',7,3,eb 8b a4 0a ec 98 88,3033,140,contains_whitespace;control_char,control;hangul;whitespace,True,
8657,merge, 말도안되는,' 말도안되는',16,6,20 eb a7 90 eb 8f 84 ec 95 88 eb 90 98 eb 8a 94,4364,4076,contains_whitespace,hangul;whitespace,True,
8658,merge,들여,'들여',6,2,eb 93 a4 ec 97 ac,334,508,,hangul,True,
8659,merge,생각이,'생각이',9,3,ec 83 9d ea b0 81 ec 9d b4,1349,267,,hangul,True,
8660,merge, 어제,' 어제',7,3,20 ec 96 b4 ec a0 9c,455,510,contains_whitespace,hangul;whitespace,True,
8661,merge,귀여,'귀여',6,2,ea b7 80 ec 97 ac,1900,508,,hangul,True,
8662,merge,거같아요,'거같아요',12,4,ea b1 b0 ea b0 99 ec 95 84 ec 9a 94,2049,1568,,hangul,True,
8663,merge,\n서,'\n서',4,2,0a ec 84 9c,14,321,contains_whitespace;control_char,control;hangul;whitespace,True,
8664,merge,가 없는,'가 없는',10,4,ea b0 80 20 ec 97 86 eb 8a 94,290,991,contains_whitespace,hangul;whitespace,True,
8665,merge,춤,'춤',3,1,ec b6 a4,524,168,,hangul,True,
8666,merge,..\n영화,'..\n영화',9,5,2e 2e 0a ec 98 81 ed 99 94,266,1061,contains_whitespace;control_char,control;hangul;punct_symbol;whitespace,True,
8667,merge,", 정말","', 정말'",8,4,2c 20 ec a0 95 eb a7 90,48,532,contains_whitespace,hangul;punct_symbol;whitespace,True,
8668,merge, 가볍게,' 가볍게',10,4,20 ea b0 80 eb b3 8d ea b2 8c,485,4653,contains_whitespace,hangul;whitespace,True,
8669,merge, F,' F',2,2,20 46,36,74,contains_whitespace,english;whitespace,True,
8670,merge, 먼가,' 먼가',7,3,20 eb a8 bc ea b0 80,2627,290,contains_whitespace,hangul;whitespace,True,
8671,merge, 하고싶,' 하고싶',10,4,20 ed 95 98 ea b3 a0 ec 8b b6,1504,881,contains_whitespace,hangul;whitespace,True,
8672,merge, 뿌,' 뿌',4,2,20 eb bf 8c,4211,144,contains_whitespace,hangul;whitespace,True,
8673,merge,못한,'못한',6,2,eb aa bb ed 95 9c,1052,304,,hangul,True,
8674,merge, 나머지는,' 나머지는',13,5,20 eb 82 98 eb a8 b8 ec a7 80 eb 8a 94,3619,959,contains_whitespace,hangul;whitespace,True,
8675,merge, 그들,' 그들',7,3,20 ea b7 b8 eb 93 a4,359,334,contains_whitespace,hangul;whitespace,True,
8676,merge,것 같은데,'것 같은데',13,5,ea b2 83 20 ea b0 99 ec 9d 80 eb 8d b0,420,2578,contains_whitespace,hangul;whitespace,True,
8677,merge,안되고,'안되고',9,3,ec 95 88 eb 90 98 ea b3 a0,2322,277,,hangul,True,
8678,merge,대작,'대작',6,2,eb 8c 80 ec 9e 91,390,423,,hangul,True,
8679,merge, 한국의,' 한국의',10,4,20 ed 95 9c ea b5 ad ec 9d 98,1024,310,contains_whitespace,hangul;whitespace,True,
8680,merge,세경,'세경',6,2,ec 84 b8 ea b2 bd,564,870,,hangul,True,
8681,merge, 하여,' 하여',7,3,20 ed 95 98 ec 97 ac,411,508,contains_whitespace,hangul;whitespace,True,
8682,merge, 감성을,' 감성을',10,4,20 ea b0 90 ec 84 b1 ec 9d 84,808,2548,contains_whitespace,hangul;whitespace,True,
8683,merge,th,'th',2,2,74 68,120,108,,english,True,
8684,merge, 메이,' 메이',7,3,20 eb a9 94 ec 9d b4,674,1074,contains_whitespace,hangul;whitespace,True,
8685,merge, 단순히,' 단순히',10,4,20 eb 8b a8 ec 88 9c ed 9e 88,3217,503,contains_whitespace,hangul;whitespace,True,
8686,merge,\n최근,'\n최근',7,3,0a ec b5 9c ea b7 bc,3834,1138,contains_whitespace;control_char,control;hangul;whitespace,True,
8687,merge,"\""\""\""\n","'""""""\n'",4,4,22 22 22 0a,1188,2670,contains_whitespace;control_char;repeated_run,control;punct_symbol;whitespace,True,
8688,merge, 잘 안,' 잘 안',8,4,20 ec 9e 98 20 ec 95 88,549,568,contains_whitespace,hangul;whitespace,True,
8689,merge, 갖다,' 갖다',7,3,20 ea b0 96 eb 8b a4,2718,268,contains_whitespace,hangul;whitespace,True,
8690,merge, 그것도,' 그것도',10,4,20 ea b7 b8 ea b2 83 eb 8f 84,359,1173,contains_whitespace,hangul;whitespace,True,
8691,merge,과 동,'과 동',7,3,ea b3 bc 20 eb 8f 99,441,1067,contains_whitespace,hangul;whitespace,True,
8692,merge,다 이런,'다 이런',10,4,eb 8b a4 20 ec 9d b4 eb 9f b0,268,631,contains_whitespace,hangul;whitespace,True,
8693,merge,\n미,'\n미',4,2,0a eb af b8,14,497,contains_whitespace;control_char,control;hangul;whitespace,True,
8694,merge,답게,'답게',6,2,eb 8b b5 ea b2 8c,901,319,,hangul,True,
8695,merge,편이 더,'편이 더',10,4,ed 8e b8 ec 9d b4 20 eb 8d 94,2296,566,contains_whitespace,hangul;whitespace,True,
8696,merge,죤,'죤',3,1,ec a3 a4,1004,168,,hangul,True,
8697,merge, 싸움,' 싸움',7,3,20 ec 8b b8 ec 9b 80,1650,894,contains_whitespace,hangul;whitespace,True,
8698,merge, 낮아,' 낮아',7,3,20 eb 82 ae ec 95 84,1207,338,contains_whitespace,hangul;whitespace,True,
8699,merge, 본방사수,' 본방사수',13,5,20 eb b3 b8 eb b0 a9 ec 82 ac ec 88 98,619,6104,contains_whitespace,hangul;whitespace,True,
8700,merge,재미없는,'재미없는',12,4,ec 9e ac eb af b8 ec 97 86 eb 8a 94,678,933,,hangul,True,
8701,merge,비에,'비에',6,2,eb b9 84 ec 97 90,624,300,,hangul,True,
8702,merge,저기,'저기',6,2,ec a0 80 ea b8 b0,667,303,,hangul,True,
8703,merge,는다고,'는다고',9,3,eb 8a 94 eb 8b a4 ea b3 a0,272,778,,hangul,True,
8704,merge, 수작\n,' 수작\n',8,4,20 ec 88 98 ec 9e 91 0a,1809,14,contains_whitespace;control_char,control;hangul;whitespace,True,
8705,merge, 없다,' 없다',7,3,20 ec 97 86 eb 8b a4,409,268,contains_whitespace,hangul;whitespace,True,
8706,merge,하게 하,'하게 하',10,4,ed 95 98 ea b2 8c 20 ed 95 98,621,411,contains_whitespace,hangul;whitespace,True,
8707,merge, 민족,' 민족',7,3,20 eb af bc ec a1 b1,2235,832,contains_whitespace,hangul;whitespace,True,
8708,merge,\n이런걸,'\n이런걸',10,4,0a ec 9d b4 eb 9f b0 ea b1 b8,1424,643,contains_whitespace;control_char,control;hangul;whitespace,True,
8709,merge,,b'\xa5\xb8',2,0,a5 b8,169,188,invalid_utf8,invalid_utf8,False,'utf-8' codec can't decode byte 0xa5 in position 0: invalid start byte
8710,merge, 전개에,' 전개에',10,4,20 ec a0 84 ea b0 9c ec 97 90,1342,300,contains_whitespace,hangul;whitespace,True,
8711,merge, 배우의,' 배우의',10,4,20 eb b0 b0 ec 9a b0 ec 9d 98,735,310,contains_whitespace,hangul;whitespace,True,
8712,merge, 일부러,' 일부러',10,4,20 ec 9d bc eb b6 80 eb 9f ac,5412,552,contains_whitespace,hangul;whitespace,True,
8713,merge, 적극,' 적극',7,3,20 ec a0 81 ea b7 b9,1291,953,contains_whitespace,hangul;whitespace,True,
8714,merge, 떼,' 떼',4,2,20 eb 96 bc,930,192,contains_whitespace,hangul;whitespace,True,
8715,merge, 빛을,' 빛을',7,3,20 eb b9 9b ec 9d 84,3199,318,contains_whitespace,hangul;whitespace,True,
8716,merge,을 했,'을 했',7,3,ec 9d 84 20 ed 96 88,318,1002,contains_whitespace,hangul;whitespace,True,
8717,merge,상태,'상태',6,2,ec 83 81 ed 83 9c,433,1167,,hangul,True,
8718,merge, 이거보단,' 이거보단',13,5,20 ec 9d b4 ea b1 b0 eb b3 b4 eb 8b a8,1029,2120,contains_whitespace,hangul;whitespace,True,
8719,merge, 진짜 최고,' 진짜 최고',14,6,20 ec a7 84 ec a7 9c 20 ec b5 9c ea b3 a0,601,599,contains_whitespace,hangul;whitespace,True,
8720,merge,좋아서,'좋아서',9,3,ec a2 8b ec 95 84 ec 84 9c,780,1134,,hangul,True,
8721,merge,나..\n,'나..\n',6,4,eb 82 98 2e 2e 0a,320,487,contains_whitespace;control_char,control;hangul;punct_symbol;whitespace,True,
8722,merge, 햇,' 햇',4,2,20 ed 96 87,714,139,contains_whitespace,hangul;whitespace,True,
8723,merge, 요리,' 요리',7,3,20 ec 9a 94 eb a6 ac,1190,332,contains_whitespace,hangul;whitespace,True,
8724,merge, 힘내,' 힘내',7,3,20 ed 9e 98 eb 82 b4,1157,453,contains_whitespace,hangul;whitespace,True,
8725,merge,나이트,'나이트',9,3,eb 82 98 ec 9d b4 ed 8a b8,2807,639,,hangul,True,
8726,merge, 이유가 있,' 이유가 있',14,6,20 ec 9d b4 ec 9c a0 ea b0 80 20 ec 9e 88,1644,1407,contains_whitespace,hangul;whitespace,True,
8727,merge, 안쓰,' 안쓰',7,3,20 ec 95 88 ec 93 b0,568,1712,contains_whitespace,hangul;whitespace,True,
8728,merge, 사랑스럽,' 사랑스럽',13,5,20 ec 82 ac eb 9e 91 ec 8a a4 eb 9f bd,819,1257,contains_whitespace,hangul;whitespace,True,
8729,merge,타고,'타고',6,2,ed 83 80 ea b3 a0,635,277,,hangul,True,
8730,merge, 망가,' 망가',7,3,20 eb a7 9d ea b0 80,1200,290,contains_whitespace,hangul;whitespace,True,
8731,merge,엄청난,'엄청난',9,3,ec 97 84 ec b2 ad eb 82 9c,3116,615,,hangul,True,
8732,merge, 심한,' 심한',7,3,20 ec 8b ac ed 95 9c,1153,304,contains_whitespace,hangul;whitespace,True,
8733,merge, 현실감,' 현실감',10,4,20 ed 98 84 ec 8b a4 ea b0 90,1271,586,contains_whitespace,hangul;whitespace,True,
8734,merge,룰,'룰',3,1,eb a3 b0,486,180,,hangul,True,
8735,merge,"\n\""","'\n""'",2,2,0a 22,14,38,contains_whitespace;control_char,control;punct_symbol;whitespace,True,
8736,merge, 안습,' 안습',7,3,20 ec 95 88 ec 8a b5,568,501,contains_whitespace,hangul;whitespace,True,
8737,merge,밖에 안,'밖에 안',10,4,eb b0 96 ec 97 90 20 ec 95 88,1698,568,contains_whitespace,hangul;whitespace,True,
8738,merge, 나레이션,' 나레이션',13,5,20 eb 82 98 eb a0 88 ec 9d b4 ec 85 98,408,6524,contains_whitespace,hangul;whitespace,True,
8739,merge,다는 느낌,'다는 느낌',13,5,eb 8b a4 eb 8a 94 20 eb 8a 90 eb 82 8c,644,1148,contains_whitespace,hangul;whitespace,True,
8740,merge,나라는,'나라는',9,3,eb 82 98 eb 9d bc eb 8a 94,320,1097,,hangul,True,
8741,merge,상과,'상과',6,2,ec 83 81 ea b3 bc,433,441,,hangul,True,
8742,merge,마이너,'마이너',9,3,eb a7 88 ec 9d b4 eb 84 88,3708,1764,,hangul,True,
8743,merge,하자면,'하자면',9,3,ed 95 98 ec 9e 90 eb a9 b4,3006,356,,hangul,True,
8744,merge, 디테일,' 디테일',10,4,20 eb 94 94 ed 85 8c ec 9d bc,1821,6017,contains_whitespace,hangul;whitespace,True,
8745,merge, 놀란,' 놀란',7,3,20 eb 86 80 eb 9e 80,1454,914,contains_whitespace,hangul;whitespace,True,
8746,merge,라.\n,'라.\n',5,3,eb 9d bc 2e 0a,330,311,contains_whitespace;control_char,control;hangul;punct_symbol;whitespace,True,
8747,merge, 모자란,' 모자란',10,4,20 eb aa a8 ec 9e 90 eb 9e 80,3894,914,contains_whitespace,hangul;whitespace,True,
8748,merge,도없는,'도없는',9,3,eb 8f 84 ec 97 86 eb 8a 94,296,933,,hangul,True,
8749,merge, 소화,' 소화',7,3,20 ec 86 8c ed 99 94,658,279,contains_whitespace,hangul;whitespace,True,
8750,merge,가볍게,'가볍게',9,3,ea b0 80 eb b3 8d ea b2 8c,290,4653,,hangul,True,
8751,merge, 어휴,' 어휴',7,3,20 ec 96 b4 ed 9c b4,455,1777,contains_whitespace,hangul;whitespace,True,
8752,merge,가 나오,'가 나오',10,4,ea b0 80 20 eb 82 98 ec 98 a4,290,935,contains_whitespace,hangul;whitespace,True,
8753,merge,,b'\x88\xeb\xa0\xa8',4,0,88 eb a0 a8,1890,172,invalid_utf8,invalid_utf8,False,'utf-8' codec can't decode byte 0x88 in position 0: invalid start byte
8754,merge, 짜릿,' 짜릿',7,3,20 ec a7 9c eb a6 bf,1031,3195,contains_whitespace,hangul;whitespace,True,
8755,merge, 무섭게,' 무섭게',10,4,20 eb ac b4 ec 84 ad ea b2 8c,1972,319,contains_whitespace,hangul;whitespace,True,
8756,merge,리다,'리다',6,2,eb a6 ac eb 8b a4,332,268,,hangul,True,
8757,merge, 엄청나게,' 엄청나게',13,5,20 ec 97 84 ec b2 ad eb 82 98 ea b2 8c,1590,1803,contains_whitespace,hangul;whitespace,True,
8758,merge,아놔,'아놔',6,2,ec 95 84 eb 86 94,338,2851,,hangul,True,
8759,merge, 컸,' 컸',4,2,20 ec bb b8,1667,188,contains_whitespace,hangul;whitespace,True,
8760,merge,본색,'본색',6,2,eb b3 b8 ec 83 89,626,1104,,hangul,True,
8761,merge,띵,'띵',3,1,eb 9d b5,1452,185,,hangul,True,
8762,merge, 우리들,' 우리들',10,4,20 ec 9a b0 eb a6 ac eb 93 a4,740,3770,contains_whitespace,hangul;whitespace,True,
8763,merge,딘,'딘',3,1,eb 94 98,459,156,,hangul,True,
8764,merge, 영화보는,' 영화보는',13,5,20 ec 98 81 ed 99 94 eb b3 b4 eb 8a 94,305,1156,contains_whitespace,hangul;whitespace,True,
8765,merge,"지도 않고,","'지도 않고,'",14,6,ec a7 80 eb 8f 84 20 ec 95 8a ea b3 a0 2c,1566,1038,contains_whitespace,hangul;punct_symbol;whitespace,True,
8766,merge, 흥미로웠,' 흥미로웠',13,5,20 ed 9d a5 eb af b8 eb a1 9c ec 9b a0,5256,1117,contains_whitespace,hangul;whitespace,True,
8767,merge, 발음,' 발음',7,3,20 eb b0 9c ec 9d 8c,1131,370,contains_whitespace,hangul;whitespace,True,
8768,merge, 걱정,' 걱정',7,3,20 ea b1 b1 ec a0 95,567,6853,contains_whitespace,hangul;whitespace,True,
8769,merge,땡,'땡',3,1,eb 95 a1,1479,165,,hangul,True,
8770,merge,!\n정말,'!\n정말',8,4,21 0a ec a0 95 eb a7 90,582,653,contains_whitespace;control_char,control;hangul;punct_symbol;whitespace,True,
8771,merge, 70년대,' 70년대',9,5,20 37 30 eb 85 84 eb 8c 80,1632,1753,contains_whitespace,digit;hangul;whitespace,True,
8772,merge, 영화나,' 영화나',10,4,20 ec 98 81 ed 99 94 eb 82 98,305,320,contains_whitespace,hangul;whitespace,True,
8773,merge,군...,'군...',6,4,ea b5 b0 2e 2e 2e,856,373,repeated_run,hangul;punct_symbol,True,
8774,merge,\n1점,'\n1점',5,3,0a 31 ec a0 90,14,1520,contains_whitespace;control_char,control;digit;hangul;whitespace,True,
8775,merge,\n영상미,'\n영상미',10,4,0a ec 98 81 ec 83 81 eb af b8,2873,5455,contains_whitespace;control_char,control;hangul;whitespace,True,
8776,merge, 정도는,' 정도는',10,4,20 ec a0 95 eb 8f 84 eb 8a 94,1261,272,contains_whitespace,hangul;whitespace,True,
8777,merge,하이,'하이',6,2,ed 95 98 ec 9d b4,289,267,,hangul,True,
8778,merge, 깨알,' 깨알',7,3,20 ea b9 a8 ec 95 8c,2220,1073,contains_whitespace,hangul;whitespace,True,
8779,merge,평점은,'평점은',9,3,ed 8f 89 ec a0 90 ec 9d 80,845,313,,hangul,True,
8780,merge,ㄷㄷㄷㄷ,'ㄷㄷㄷㄷ',12,4,e3 84 b7 e3 84 b7 e3 84 b7 e3 84 b7,1596,1596,repeated_run,hangul,True,
8781,merge,노무,'노무',6,2,eb 85 b8 eb ac b4,820,617,,hangul,True,
8782,merge,소재는,'소재는',9,3,ec 86 8c ec 9e ac eb 8a 94,3742,272,,hangul,True,
8783,merge,\n즐,'\n즐',4,2,0a ec a6 90,353,7347,contains_whitespace;control_char,control;hangul;whitespace,True,
8784,merge,일리언,'일리언',9,3,ec 9d bc eb a6 ac ec 96 b8,8045,1366,,hangul,True,
8785,merge, 보여주고,' 보여주고',13,5,20 eb b3 b4 ec 97 ac ec a3 bc ea b3 a0,1158,1610,contains_whitespace,hangul;whitespace,True,
8786,merge,어요^^,'어요^^',8,4,ec 96 b4 ec 9a 94 5e 5e,540,759,,hangul;punct_symbol,True,
8787,merge, 거듭,' 거듭',7,3,20 ea b1 b0 eb 93 ad,838,5077,contains_whitespace,hangul;whitespace,True,
8788,merge,볼만한,'볼만한',9,3,eb b3 bc eb a7 8c ed 95 9c,1096,2078,,hangul,True,
8789,merge, 중에 가장,' 중에 가장',14,6,20 ec a4 91 ec 97 90 20 ea b0 80 ec 9e a5,3303,1208,contains_whitespace,hangul;whitespace,True,
8790,merge,든가,'든가',6,2,eb 93 a0 ea b0 80,598,290,,hangul,True,
8791,merge, 유럽,' 유럽',7,3,20 ec 9c a0 eb 9f bd,679,864,contains_whitespace,hangul;whitespace,True,
8792,merge, 노래도,' 노래도',10,4,20 eb 85 b8 eb 9e 98 eb 8f 84,1817,296,contains_whitespace,hangul;whitespace,True,
8793,merge,스피,'스피',6,2,ec 8a a4 ed 94 bc,371,1007,,hangul,True,
8794,merge,내가본,'내가본',9,3,eb 82 b4 ea b0 80 eb b3 b8,1194,626,,hangul,True,
8795,merge,~~^^,'~~^^',4,4,7e 7e 5e 5e,602,759,,punct_symbol,True,
8796,merge,원에,'원에',6,2,ec 9b 90 ec 97 90,736,300,,hangul,True,
8797,merge,\n존나,'\n존나',7,3,0a ec a1 b4 eb 82 98,4552,320,contains_whitespace;control_char,control;hangul;whitespace,True,
8798,merge, 이 영화를 보고,' 이 영화를 보고',21,9,20 ec 9d b4 20 ec 98 81 ed 99 94 eb a5 bc 20 eb b3 b4 ea b3 a0,2080,663,contains_whitespace,hangul;whitespace,True,
8799,merge, 배우들은,' 배우들은',13,5,20 eb b0 b0 ec 9a b0 eb 93 a4 ec 9d 80,735,917,contains_whitespace,hangul;whitespace,True,
8800,merge, 생에,' 생에',7,3,20 ec 83 9d ec 97 90,1292,300,contains_whitespace,hangul;whitespace,True,
8801,merge, 잼있게 봤,' 잼있게 봤',14,6,20 ec 9e bc ec 9e 88 ea b2 8c 20 eb b4 a4,1709,1629,contains_whitespace,hangul;whitespace,True,
8802,merge, 좋아요\n,' 좋아요\n',11,5,20 ec a2 8b ec 95 84 ec 9a 94 0a,803,1215,contains_whitespace;control_char,control;hangul;whitespace,True,
8803,merge,린다\n,'린다\n',7,3,eb a6 b0 eb 8b a4 0a,757,402,contains_whitespace;control_char,control;hangul;whitespace,True,
8804,merge, 억지감동,' 억지감동',13,5,20 ec 96 b5 ec a7 80 ea b0 90 eb 8f 99,1461,1175,contains_whitespace,hangul;whitespace,True,
8805,merge, 1인,' 1인',5,3,20 31 ec 9d b8,505,341,contains_whitespace,digit;hangul;whitespace,True,
8806,merge,슬픈,'슬픈',6,2,ec 8a ac ed 94 88,1790,1283,,hangul,True,
8807,merge,훨,'훨',3,1,ed 9b a8,1139,172,,hangul,True,
8808,merge,들을 위한,'들을 위한',13,5,eb 93 a4 ec 9d 84 20 ec 9c 84 ed 95 9c,1421,2743,contains_whitespace,hangul;whitespace,True,
8809,merge,까말,'까말',6,2,ea b9 8c eb a7 90,399,381,,hangul,True,
8810,merge,하게 표현,'하게 표현',13,5,ed 95 98 ea b2 8c 20 ed 91 9c ed 98 84,621,1491,contains_whitespace,hangul;whitespace,True,
8811,merge, P,' P',2,2,20 50,36,84,contains_whitespace,english;whitespace,True,
8812,merge,분명,'분명',6,2,eb b6 84 eb aa 85,546,713,,hangul,True,
8813,merge,@@,'@@',2,2,40 40,68,68,,punct_symbol,True,
8814,merge,자와,'자와',6,2,ec 9e 90 ec 99 80,392,509,,hangul,True,
8815,merge,고싶다,'고싶다',9,3,ea b3 a0 ec 8b b6 eb 8b a4,1798,268,,hangul,True,
8816,merge,해.,'해.',4,2,ed 95 b4 2e,355,50,,hangul;punct_symbol,True,
8817,merge,가 없다.\n,'가 없다.\n',12,6,ea b0 80 20 ec 97 86 eb 8b a4 2e 0a,1161,388,contains_whitespace;control_char,control;hangul;punct_symbol;whitespace,True,
8818,merge,"이고,","'이고,'",7,3,ec 9d b4 ea b3 a0 2c,267,1038,,hangul;punct_symbol,True,
8819,merge, 외면,' 외면',7,3,20 ec 99 b8 eb a9 b4,1457,356,contains_whitespace,hangul;whitespace,True,
8820,merge, 피터,' 피터',7,3,20 ed 94 bc ed 84 b0,1383,547,contains_whitespace,hangul;whitespace,True,
8821,merge, 언제봐도,' 언제봐도',13,5,20 ec 96 b8 ec a0 9c eb b4 90 eb 8f 84,2263,1394,contains_whitespace,hangul;whitespace,True,
8822,merge,,b'..\n\xec\xb2',5,0,2e 2e 0a ec b2,1328,182,invalid_utf8,invalid_utf8,False,'utf-8' codec can't decode bytes in position 3-4: unexpected end of data
8823,merge, 사랑스럽고,' 사랑스럽고',16,6,20 ec 82 ac eb 9e 91 ec 8a a4 eb 9f bd ea b3 a0,819,3229,contains_whitespace,hangul;whitespace,True,
8824,merge,버전,'버전',6,2,eb b2 84 ec a0 84,685,434,,hangul,True,
8825,merge, 여운이 많이,' 여운이 많이',17,7,20 ec 97 ac ec 9a b4 ec 9d b4 20 eb a7 8e ec 9d b4,2064,1054,contains_whitespace,hangul;whitespace,True,
8826,merge,\n이게 왜,'\n이게 왜',11,5,0a ec 9d b4 ea b2 8c 20 ec 99 9c,1989,628,contains_whitespace;control_char,control;hangul;whitespace,True,
8827,merge,니를,'니를',6,2,eb 8b 88 eb a5 bc,1023,829,,hangul,True,
8828,merge,스틱,'스틱',6,2,ec 8a a4 ed 8b b1,371,2315,,hangul,True,
8829,merge,다\n평점,'다\n평점',10,4,eb 8b a4 0a ed 8f 89 ec a0 90,402,845,contains_whitespace;control_char,control;hangul;whitespace,True,
8830,merge,스코,'스코',6,2,ec 8a a4 ec bd 94,371,985,,hangul,True,
8831,merge,,b'\x9e\x80',2,0,9e 80,162,132,invalid_utf8,invalid_utf8,False,'utf-8' codec can't decode byte 0x9e in position 0: invalid start byte
8832,merge, 뒤에,' 뒤에',7,3,20 eb 92 a4 ec 97 90,2022,300,contains_whitespace,hangul;whitespace,True,
8833,merge, 모호,' 모호',7,3,20 eb aa a8 ed 98 b8,535,1014,contains_whitespace,hangul;whitespace,True,
8834,merge, 14,' 14',3,3,20 31 34,505,56,contains_whitespace,digit;whitespace,True,
8835,merge, 브루스,' 브루스',10,4,20 eb b8 8c eb a3 a8 ec 8a a4,2561,4675,contains_whitespace,hangul;whitespace,True,
8836,merge,xx,'xx',2,2,78 78,124,124,,english,True,
8837,merge,첼,'첼',3,1,ec b2 bc,407,192,,hangul,True,
8838,merge, 그리워,' 그리워',10,4,20 ea b7 b8 eb a6 ac ec 9b 8c,3065,754,contains_whitespace,hangul;whitespace,True,
8839,merge, 아니다\n,' 아니다\n',11,5,20 ec 95 84 eb 8b 88 eb 8b a4 0a,770,402,contains_whitespace;control_char,control;hangul;whitespace,True,
8840,merge, 재미있었어요,' 재미있었어요',19,7,20 ec 9e ac eb af b8 ec 9e 88 ec 97 88 ec 96 b4 ec 9a 94,771,1990,contains_whitespace,hangul;whitespace,True,
8841,merge, 혹시,' 혹시',7,3,20 ed 98 b9 ec 8b 9c,3200,365,contains_whitespace,hangul;whitespace,True,
8842,merge, 다니엘,' 다니엘',10,4,20 eb 8b a4 eb 8b 88 ec 97 98,6418,3090,contains_whitespace,hangul;whitespace,True,
8843,merge, 호불,' 호불',7,3,20 ed 98 b8 eb b6 88,1598,1370,contains_whitespace,hangul;whitespace,True,
8844,merge,vs,'vs',2,2,76 73,122,119,,english,True,
8845,merge,영화!,'영화!',7,3,ec 98 81 ed 99 94 21,367,37,,hangul;punct_symbol,True,
8846,merge,,b' \xeb\xa0\x88\xeb',5,0,20 eb a0 88 eb,1647,306,invalid_utf8,invalid_utf8,False,'utf-8' codec can't decode byte 0xeb in position 4: unexpected end of data
8847,merge,을지,'을지',6,2,ec 9d 84 ec a7 80,318,286,,hangul,True,
8848,merge,계가,'계가',6,2,ea b3 84 ea b0 80,728,290,,hangul,True,
8849,merge, 음식,' 음식',7,3,20 ec 9d 8c ec 8b 9d,1197,882,contains_whitespace,hangul;whitespace,True,
8850,merge,신을,'신을',6,2,ec 8b a0 ec 9d 84,545,318,,hangul,True,
8851,merge, 정주행,' 정주행',10,4,20 ec a0 95 ec a3 bc ed 96 89,430,8096,contains_whitespace,hangul;whitespace,True,
8852,merge," 감동,","' 감동,'",8,4,20 ea b0 90 eb 8f 99 2c,680,48,contains_whitespace,hangul;punct_symbol;whitespace,True,
8853,merge, 뭘까,' 뭘까',7,3,20 eb ad 98 ea b9 8c,2009,399,contains_whitespace,hangul;whitespace,True,
8854,merge,덕분에,'덕분에',9,3,eb 8d 95 eb b6 84 ec 97 90,1858,3759,,hangul,True,
8855,merge,스크린,'스크린',9,3,ec 8a a4 ed 81 ac eb a6 b0,371,4674,,hangul,True,
8856,merge, 옮,' 옮',4,2,20 ec 98 ae,456,178,contains_whitespace,hangul;whitespace,True,
8857,merge,미는,'미는',6,2,eb af b8 eb 8a 94,497,272,,hangul,True,
8858,merge, 키스,' 키스',7,3,20 ed 82 a4 ec 8a a4,2713,371,contains_whitespace,hangul;whitespace,True,
8859,merge,보는게,'보는게',9,3,eb b3 b4 eb 8a 94 ea b2 8c,1156,319,,hangul,True,
8860,merge, 무엇을,' 무엇을',10,4,20 eb ac b4 ec 97 87 ec 9d 84,2212,318,contains_whitespace,hangul;whitespace,True,
8861,merge,이 필요,'이 필요',10,4,ec 9d b4 20 ed 95 84 ec 9a 94,267,1308,contains_whitespace,hangul;whitespace,True,
8862,merge,.. 너무,'.. 너무',9,5,2e 2e 20 eb 84 88 eb ac b4,266,452,contains_whitespace,hangul;punct_symbol;whitespace,True,
8863,merge, 하게,' 하게',7,3,20 ed 95 98 ea b2 8c,411,319,contains_whitespace,hangul;whitespace,True,
8864,merge,슬리,'슬리',6,2,ec 8a ac eb a6 ac,324,1126,,hangul,True,
8865,merge,군대,'군대',6,2,ea b5 b0 eb 8c 80,856,390,,hangul,True,
8866,merge,웃긴,'웃긴',6,2,ec 9b 83 ea b8 b4,1229,669,,hangul,True,
8867,merge,물에,'물에',6,2,eb ac bc ec 97 90,745,300,,hangul,True,
8868,merge,었네요.,'었네요.',10,4,ec 97 88 eb 84 a4 ec 9a 94 2e,3157,1162,,hangul;punct_symbol,True,
8869,merge, 티비로,' 티비로',10,4,20 ed 8b b0 eb b9 84 eb a1 9c,2774,325,contains_whitespace,hangul;whitespace,True,
8870,merge, 잊지못할,' 잊지못할',13,5,20 ec 9e 8a ec a7 80 eb aa bb ed 95 a0,1735,7162,contains_whitespace,hangul;whitespace,True,
8871,merge,가 되는,'가 되는',10,4,ea b0 80 20 eb 90 98 eb 8a 94,2250,272,contains_whitespace,hangul;whitespace,True,
8872,merge,\n너무나,'\n너무나',10,4,0a eb 84 88 eb ac b4 eb 82 98,1805,320,contains_whitespace;control_char,control;hangul;whitespace,True,
8873,merge, 시도는,' 시도는',10,4,20 ec 8b 9c eb 8f 84 eb 8a 94,472,3710,contains_whitespace,hangul;whitespace,True,
8874,merge, 핑,' 핑',4,2,20 ed 95 91,774,149,contains_whitespace,hangul;whitespace,True,
8875,merge,린다.\n,'린다.\n',8,4,eb a6 b0 eb 8b a4 2e 0a,757,388,contains_whitespace;control_char,control;hangul;punct_symbol;whitespace,True,
8876,merge,,b' \xeb\x84\x88\xeb',5,0,20 eb 84 88 eb,396,306,invalid_utf8,invalid_utf8,False,'utf-8' codec can't decode byte 0xeb in position 4: unexpected end of data
8877,merge,다리,'다리',6,2,eb 8b a4 eb a6 ac,268,332,,hangul,True,
8878,merge,인디,'인디',6,2,ec 9d b8 eb 94 94,341,608,,hangul,True,
8879,merge,\n처음에는,'\n처음에는',13,5,0a ec b2 98 ec 9d 8c ec 97 90 eb 8a 94,2623,1371,contains_whitespace;control_char,control;hangul;whitespace,True,
8880,merge,겠다..,'겠다..',8,4,ea b2 a0 eb 8b a4 2e 2e,551,717,,hangul;punct_symbol,True,
8881,merge, 알겠는데,' 알겠는데',13,5,20 ec 95 8c ea b2 a0 eb 8a 94 eb 8d b0,3205,393,contains_whitespace,hangul;whitespace,True,
8882,merge,치를,'치를',6,2,ec b9 98 eb a5 bc,516,382,,hangul,True,
8883,merge,되었,'되었',6,2,eb 90 98 ec 97 88,700,405,,hangul,True,
8884,merge, 강요,' 강요',7,3,20 ea b0 95 ec 9a 94,1028,326,contains_whitespace,hangul;whitespace,True,
8885,merge,긍,'긍',3,1,ea b8 8d,288,145,,hangul,True,
8886,merge,구..,'구..',5,3,ea b5 ac 2e 2e,541,266,,hangul;punct_symbol,True,
8887,merge,보긴,'보긴',6,2,eb b3 b4 ea b8 b4,374,669,,hangul,True,
8888,merge,의 자유,'의 자유',10,4,ec 9d 98 20 ec 9e 90 ec 9c a0,310,4138,contains_whitespace,hangul;whitespace,True,
8889,merge,"음,","'음,'",4,2,ec 9d 8c 2c,370,48,,hangul;punct_symbol,True,
8890,merge, 쿵,' 쿵',4,2,20 ec bf b5,3665,185,contains_whitespace,hangul;whitespace,True,
8891,merge, 보지 마세요,' 보지 마세요',17,7,20 eb b3 b4 ec a7 80 20 eb a7 88 ec 84 b8 ec 9a 94,357,5332,contains_whitespace,hangul;whitespace,True,
8892,merge,지효,'지효',6,2,ec a7 80 ed 9a a8,286,2068,,hangul,True,
8893,merge, 스텝,' 스텝',7,3,20 ec 8a a4 ed 85 9d,494,5600,contains_whitespace,hangul;whitespace,True,
8894,merge, 웃다가,' 웃다가',10,4,20 ec 9b 83 eb 8b a4 ea b0 80,800,827,contains_whitespace,hangul;whitespace,True,
8895,merge, 007,' 007',4,4,20 30 30 37,36,6238,contains_whitespace,digit;whitespace,True,
8896,merge, 쓰레기\n,' 쓰레기\n',11,5,20 ec 93 b0 eb a0 88 ea b8 b0 0a,839,14,contains_whitespace;control_char,control;hangul;whitespace,True,
8897,merge,대기,'대기',6,2,eb 8c 80 ea b8 b0,390,303,,hangul,True,
8898,merge, 엔딩이,' 엔딩이',10,4,20 ec 97 94 eb 94 a9 ec 9d b4,2166,267,contains_whitespace,hangul;whitespace,True,
8899,merge, 잘 모르겠,' 잘 모르겠',14,6,20 ec 9e 98 20 eb aa a8 eb a5 b4 ea b2 a0,549,1268,contains_whitespace,hangul;whitespace,True,
8900,merge, 긴박,' 긴박',7,3,20 ea b8 b4 eb b0 95,3616,859,contains_whitespace,hangul;whitespace,True,
8901,merge,고 또,'고 또',7,3,ea b3 a0 20 eb 98 90,277,962,contains_whitespace,hangul;whitespace,True,
8902,merge,안봤,'안봤',6,2,ec 95 88 eb b4 a4,1300,2913,,hangul,True,
8903,merge,,b'\x88\xeb\x9d\xbd',4,0,88 eb 9d bd,306,7786,invalid_utf8,invalid_utf8,False,'utf-8' codec can't decode byte 0x88 in position 0: invalid start byte
8904,merge, 홀,' 홀',4,2,20 ed 99 80,890,132,contains_whitespace,hangul;whitespace,True,
8905,merge,\n명작,'\n명작',7,3,0a eb aa 85 ec 9e 91,14,2164,contains_whitespace;control_char,control;hangul;whitespace,True,
8906,merge,\n뭔가,'\n뭔가',7,3,0a eb ad 94 ea b0 80,14,2673,contains_whitespace;control_char,control;hangul;whitespace,True,
8907,merge,니버,'니버',6,2,eb 8b 88 eb b2 84,1023,3618,,hangul,True,
8908,merge, 형님,' 형님',7,3,20 ed 98 95 eb 8b 98,1793,852,contains_whitespace,hangul;whitespace,True,
8909,merge, 웃겨서,' 웃겨서',10,4,20 ec 9b 83 ea b2 a8 ec 84 9c,3476,321,contains_whitespace,hangul;whitespace,True,
8910,merge, 많아서,' 많아서',10,4,20 eb a7 8e ec 95 84 ec 84 9c,675,1134,contains_whitespace,hangul;whitespace,True,
8911,merge, 감독을,' 감독을',10,4,20 ea b0 90 eb 8f 85 ec 9d 84,741,318,contains_whitespace,hangul;whitespace,True,
8912,merge, 캐릭터는,' 캐릭터는',13,5,20 ec ba 90 eb a6 ad ed 84 b0 eb 8a 94,1571,272,contains_whitespace,hangul;whitespace,True,
8913,merge,\n그저,'\n그저',7,3,0a ea b7 b8 ec a0 80,2270,667,contains_whitespace;control_char,control;hangul;whitespace,True,
8914,merge,만 볼만,'만 볼만',10,4,eb a7 8c 20 eb b3 bc eb a7 8c,328,1311,contains_whitespace,hangul;whitespace,True,
8915,merge, 아무튼,' 아무튼',10,4,20 ec 95 84 eb ac b4 ed 8a bc,1379,1987,contains_whitespace,hangul;whitespace,True,
8916,merge,지현,'지현',6,2,ec a7 80 ed 98 84,286,786,,hangul,True,
8917,merge,다이,'다이',6,2,eb 8b a4 ec 9d b4,268,267,,hangul,True,
8918,merge,네요^^,'네요^^',8,4,eb 84 a4 ec 9a 94 5e 5e,471,759,,hangul;punct_symbol,True,
8919,merge,어?,'어?',4,2,ec 96 b4 3f,327,67,,hangul;punct_symbol,True,
8920,merge,은 다,'은 다',7,3,ec 9d 80 20 eb 8b a4,313,416,contains_whitespace,hangul;whitespace,True,
8921,merge,et,'et',2,2,65 74,105,120,,english,True,
8922,merge,전의,'전의',6,2,ec a0 84 ec 9d 98,434,310,,hangul,True,
8923,merge, 영화라는,' 영화라는',13,5,20 ec 98 81 ed 99 94 eb 9d bc eb 8a 94,305,1097,contains_whitespace,hangul;whitespace,True,
8924,merge, 디자,' 디자',7,3,20 eb 94 94 ec 9e 90,1821,392,contains_whitespace,hangul;whitespace,True,
8925,merge, 재밌네,' 재밌네',10,4,20 ec 9e ac eb b0 8c eb 84 a4,521,379,contains_whitespace,hangul;whitespace,True,
8926,merge,웃겨,'웃겨',6,2,ec 9b 83 ea b2 a8,1229,974,,hangul,True,
8927,merge,의 조합,'의 조합',10,4,ec 9d 98 20 ec a1 b0 ed 95 a9,4504,2003,contains_whitespace,hangul;whitespace,True,
8928,merge,만큼이나,'만큼이나',12,4,eb a7 8c ed 81 bc ec 9d b4 eb 82 98,1641,939,,hangul,True,
8929,merge,먹은,'먹은',6,2,eb a8 b9 ec 9d 80,1099,313,,hangul,True,
8930,merge, 아픔,' 아픔',7,3,20 ec 95 84 ed 94 94,349,2508,contains_whitespace,hangul;whitespace,True,
8931,merge,만 하는,'만 하는',10,4,eb a7 8c 20 ed 95 98 eb 8a 94,328,1124,contains_whitespace,hangul;whitespace,True,
8932,merge,이블에서,'이블에서',12,4,ec 9d b4 eb b8 94 ec 97 90 ec 84 9c,3480,463,,hangul,True,
8933,merge, 만난,' 만난',7,3,20 eb a7 8c eb 82 9c,458,615,contains_whitespace,hangul;whitespace,True,
8934,merge,시대에,'시대에',9,3,ec 8b 9c eb 8c 80 ec 97 90,2283,300,,hangul,True,
8935,merge,천원,'천원',6,2,ec b2 9c ec 9b 90,976,736,,hangul,True,
8936,merge,시키고,'시키고',9,3,ec 8b 9c ed 82 a4 ea b3 a0,2223,277,,hangul,True,
8937,merge, 안좋아,' 안좋아',10,4,20 ec 95 88 ec a2 8b ec 95 84,568,1807,contains_whitespace,hangul;whitespace,True,
8938,merge, 주는거,' 주는거',10,4,20 ec a3 bc eb 8a 94 ea b1 b0,563,1041,contains_whitespace,hangul;whitespace,True,
8939,merge, 귀찮,' 귀찮',7,3,20 ea b7 80 ec b0 ae,1184,4802,contains_whitespace,hangul;whitespace,True,
8940,merge,2년,'2년',4,2,32 eb 85 84,54,629,,digit;hangul,True,
8941,merge,참고,'참고',6,2,ec b0 b8 ea b3 a0,1496,277,,hangul,True,
8942,merge, 평화,' 평화',7,3,20 ed 8f 89 ed 99 94,1026,279,contains_whitespace,hangul;whitespace,True,
8943,merge,재밌다.,'재밌다.',10,4,ec 9e ac eb b0 8c eb 8b a4 2e,783,369,,hangul;punct_symbol,True,
8944,merge, 연극,' 연극',7,3,20 ec 97 b0 ea b7 b9,446,953,contains_whitespace,hangul;whitespace,True,
8945,merge,있다,'있다',6,2,ec 9e 88 eb 8b a4,421,268,,hangul,True,
8946,merge, 가지,' 가지',7,3,20 ea b0 80 ec a7 80,485,286,contains_whitespace,hangul;whitespace,True,
8947,merge,져야,'져야',6,2,ec a0 b8 ec 95 bc,952,412,,hangul,True,
8948,merge,라는 생각,'라는 생각',13,5,eb 9d bc eb 8a 94 20 ec 83 9d ea b0 81,1097,581,contains_whitespace,hangul;whitespace,True,
8949,merge, 스토리로,' 스토리로',13,5,20 ec 8a a4 ed 86 a0 eb a6 ac eb a1 9c,2299,3483,contains_whitespace,hangul;whitespace,True,
8950,merge,심심,'심심',6,2,ec 8b ac ec 8b ac,673,673,,hangul,True,
8951,merge,캐리,'캐리',6,2,ec ba 90 eb a6 ac,1948,332,,hangul,True,
8952,merge,70년대,'70년대',8,4,37 30 eb 85 84 eb 8c 80,59,1753,,digit;hangul,True,
8953,merge,해주고,'해주고',9,3,ed 95 b4 ec a3 bc ea b3 a0,355,1610,,hangul,True,
8954,merge,리고싶,'리고싶',9,3,eb a6 ac ea b3 a0 ec 8b b6,739,881,,hangul,True,
8955,merge,점수를,'점수를',9,3,ec a0 90 ec 88 98 eb a5 bc,366,2553,,hangul,True,
8956,merge,라 생각,'라 생각',10,4,eb 9d bc 20 ec 83 9d ea b0 81,330,581,contains_whitespace,hangul;whitespace,True,
8957,merge,감정,'감정',6,2,ea b0 90 ec a0 95,586,395,,hangul,True,
8958,merge,슈퍼,'슈퍼',6,2,ec 8a 88 ed 8d bc,4283,1501,,hangul,True,
8959,merge, 돋보이,' 돋보이',10,4,20 eb 8f 8b eb b3 b4 ec 9d b4,2425,2706,contains_whitespace,hangul;whitespace,True,
8960,merge, 시골,' 시골',7,3,20 ec 8b 9c ea b3 a8,472,2672,contains_whitespace,hangul;whitespace,True,
8961,merge,주의를,'주의를',9,3,ec a3 bc ec 9d 98 eb a5 bc,2026,382,,hangul,True,
8962,merge, 깡패,' 깡패',7,3,20 ea b9 a1 ed 8c a8,7821,1688,contains_whitespace,hangul;whitespace,True,
8963,merge,사위원,'사위원',9,3,ec 82 ac ec 9c 84 ec 9b 90,544,6080,,hangul,True,
8964,merge, 인권,' 인권',7,3,20 ec 9d b8 ea b6 8c,580,1847,contains_whitespace,hangul;whitespace,True,
8965,merge,이면서,'이면서',9,3,ec 9d b4 eb a9 b4 ec 84 9c,267,694,,hangul,True,
8966,merge,생의,'생의',6,2,ec 83 9d ec 9d 98,592,310,,hangul,True,
8967,merge, 빠져서,' 빠져서',10,4,20 eb b9 a0 ec a0 b8 ec 84 9c,2222,321,contains_whitespace,hangul;whitespace,True,
8968,merge, 재미로,' 재미로',10,4,20 ec 9e ac eb af b8 eb a1 9c,461,325,contains_whitespace,hangul;whitespace,True,
8969,merge, 흘러가는,' 흘러가는',13,5,20 ed 9d 98 eb 9f ac ea b0 80 eb 8a 94,3723,1238,contains_whitespace,hangul;whitespace,True,
8970,merge,\n이야기,'\n이야기',10,4,0a ec 9d b4 ec 95 bc ea b8 b0,558,907,contains_whitespace;control_char,control;hangul;whitespace,True,
8971,merge, 있냐,' 있냐',7,3,20 ec 9e 88 eb 83 90,293,2781,contains_whitespace,hangul;whitespace,True,
8972,merge,,b'\xeb\x8b\xa4\n\xec\xb4',6,0,eb 8b a4 0a ec b4,806,184,invalid_utf8,invalid_utf8,False,'utf-8' codec can't decode bytes in position 4-5: unexpected end of data
8973,merge,한가,'한가',6,2,ed 95 9c ea b0 80,304,290,,hangul,True,
8974,merge,리냐,'리냐',6,2,eb a6 ac eb 83 90,748,1685,,hangul,True,
8975,merge,타쿠,'타쿠',6,2,ed 83 80 ec bf a0,635,3122,,hangul,True,
8976,merge,\n중국,'\n중국',7,3,0a ec a4 91 ea b5 ad,2933,538,contains_whitespace;control_char,control;hangul;whitespace,True,
8977,merge, 말밖에,' 말밖에',10,4,20 eb a7 90 eb b0 96 ec 97 90,597,1698,contains_whitespace,hangul;whitespace,True,
8978,merge,멍청,'멍청',6,2,eb a9 8d ec b2 ad,6450,857,,hangul,True,
8979,merge,것보단,'것보단',9,3,ea b2 83 eb b3 b4 eb 8b a8,420,2120,,hangul,True,
8980,merge,하지말,'하지말',9,3,ed 95 98 ec a7 80 eb a7 90,1144,381,,hangul,True,
8981,merge,었다...,'었다...',9,5,ec 97 88 eb 8b a4 2e 2e 2e,405,971,repeated_run,hangul;punct_symbol,True,
8982,merge, 무섭지도 않고,' 무섭지도 않고',20,8,20 eb ac b4 ec 84 ad ec a7 80 eb 8f 84 20 ec 95 8a ea b3 a0,1972,2777,contains_whitespace,hangul;whitespace,True,
8983,merge,..\n이게,'..\n이게',9,5,2e 2e 0a ec 9d b4 ea b2 8c,487,1686,contains_whitespace;control_char,control;hangul;punct_symbol;whitespace,True,
8984,merge,할만한,'할만한',9,3,ed 95 a0 eb a7 8c ed 95 9c,478,2078,,hangul,True,
8985,merge, 내 시간,' 내 시간',11,5,20 eb 82 b4 20 ec 8b 9c ea b0 84,482,897,contains_whitespace,hangul;whitespace,True,
8986,merge,"에,","'에,'",4,2,ec 97 90 2c,300,48,,hangul;punct_symbol,True,
8987,merge,,b'\x90\xeb\x8f\x99',4,0,90 eb 8f 99,438,157,invalid_utf8,invalid_utf8,False,'utf-8' codec can't decode byte 0x90 in position 0: invalid start byte
8988,merge,하시고,'하시고',9,3,ed 95 98 ec 8b 9c ea b3 a0,2277,277,,hangul,True,
8989,merge, 임팩트,' 임팩트',10,4,20 ec 9e 84 ed 8c a9 ed 8a b8,7238,639,contains_whitespace,hangul;whitespace,True,
8990,merge,이형,'이형',6,2,ec 9d b4 ed 98 95,267,1116,,hangul,True,
8991,merge, 마지막까지,' 마지막까지',16,6,20 eb a7 88 ec a7 80 eb a7 89 ea b9 8c ec a7 80,983,634,contains_whitespace,hangul;whitespace,True,
8992,merge,했었는데,'했었는데',12,4,ed 96 88 ec 97 88 eb 8a 94 eb 8d b0,526,1147,,hangul,True,
8993,merge, 자신을,' 자신을',10,4,20 ec 9e 90 ec 8b a0 ec 9d 84,2156,318,contains_whitespace,hangul;whitespace,True,
8994,merge,필요한,'필요한',9,3,ed 95 84 ec 9a 94 ed 95 9c,2307,304,,hangul,True,
8995,merge, 모두가,' 모두가',10,4,20 eb aa a8 eb 91 90 ea b0 80,1437,290,contains_whitespace,hangul;whitespace,True,
8996,merge,. 그냥,'. 그냥',8,4,2e 20 ea b7 b8 eb 83 a5,50,848,contains_whitespace,hangul;punct_symbol;whitespace,True,
8997,merge,!\n진짜,'!\n진짜',8,4,21 0a ec a7 84 ec a7 9c,582,690,contains_whitespace;control_char,control;hangul;punct_symbol;whitespace,True,
8998,merge, 보고있는데,' 보고있는데',16,6,20 eb b3 b4 ea b3 a0 ec 9e 88 eb 8a 94 eb 8d b0,3210,393,contains_whitespace,hangul;whitespace,True,
8999,merge, 조심,' 조심',7,3,20 ec a1 b0 ec 8b ac,747,673,contains_whitespace,hangul;whitespace,True,
9000,merge,다는 건,'다는 건',10,4,eb 8b a4 eb 8a 94 20 ea b1 b4,644,1317,contains_whitespace,hangul;whitespace,True,
9001,merge,할수 없는,'할수 없는',13,5,ed 95 a0 ec 88 98 20 ec 97 86 eb 8a 94,1505,991,contains_whitespace,hangul;whitespace,True,
9002,merge,세여,'세여',6,2,ec 84 b8 ec 97 ac,564,508,,hangul,True,
9003,merge,부터 점수,'부터 점수',13,5,eb b6 80 ed 84 b0 20 ec a0 90 ec 88 98,960,1771,contains_whitespace,hangul;whitespace,True,
9004,merge,방식,'방식',6,2,eb b0 a9 ec 8b 9d,1032,882,,hangul,True,
9005,merge, 꽤나,' 꽤나',7,3,20 ea bd a4 eb 82 98,2639,320,contains_whitespace,hangul;whitespace,True,
9006,merge,중한,'중한',6,2,ec a4 91 ed 95 9c,559,304,,hangul,True,
9007,merge,예진,'예진',6,2,ec 98 88 ec a7 84,1086,422,,hangul,True,
9008,merge,얀,'얀',3,1,ec 96 80,519,132,,hangul,True,
9009,merge, 생각나는 영화,' 생각나는 영화',20,8,20 ec 83 9d ea b0 81 eb 82 98 eb 8a 94 20 ec 98 81 ed 99 94,3785,537,contains_whitespace,hangul;whitespace,True,
9010,merge, 행복한,' 행복한',10,4,20 ed 96 89 eb b3 b5 ed 95 9c,1933,304,contains_whitespace,hangul;whitespace,True,
9011,merge,것같은,'것같은',9,3,ea b2 83 ea b0 99 ec 9d 80,420,948,,hangul,True,
9012,merge, 비참,' 비참',7,3,20 eb b9 84 ec b0 b8,682,1496,contains_whitespace,hangul;whitespace,True,
9013,merge,러지,'러지',6,2,eb 9f ac ec a7 80,552,286,,hangul,True,
9014,merge, 아래,' 아래',7,3,20 ec 95 84 eb 9e 98,349,525,contains_whitespace,hangul;whitespace,True,
9015,merge, h,' h',2,2,20 68,36,108,contains_whitespace,english;whitespace,True,
9016,merge,.. 그냥,'.. 그냥',9,5,2e 2e 20 ea b7 b8 eb 83 a5,266,848,contains_whitespace,hangul;punct_symbol;whitespace,True,
9017,merge,가 가장,'가 가장',10,4,ea b0 80 20 ea b0 80 ec 9e a5,290,1208,contains_whitespace,hangul;whitespace,True,
9018,merge,한 시나리오,'한 시나리오',16,6,ed 95 9c 20 ec 8b 9c eb 82 98 eb a6 ac ec 98 a4,304,1975,contains_whitespace,hangul;whitespace,True,
9019,merge,쩐,'쩐',3,1,ec a9 90,1267,148,,hangul,True,
9020,merge, 30년,' 30년',6,4,20 33 30 eb 85 84,965,1115,contains_whitespace,digit;hangul;whitespace,True,
9021,merge, 평점 너무,' 평점 너무',14,6,20 ed 8f 89 ec a0 90 20 eb 84 88 eb ac b4,648,452,contains_whitespace,hangul;whitespace,True,
9022,merge,\n여,'\n여',4,2,0a ec 97 ac,14,508,contains_whitespace;control_char,control;hangul;whitespace,True,
9023,merge,흥미진진,'흥미진진',12,4,ed 9d a5 eb af b8 ec a7 84 ec a7 84,4089,2891,,hangul,True,
9024,merge,역겹,'역겹',6,2,ec 97 ad ea b2 b9,822,2445,,hangul,True,
9025,merge,들\n,'들\n',4,2,eb 93 a4 0a,334,14,contains_whitespace;control_char,control;hangul;whitespace,True,
9026,merge,도 안됨,'도 안됨',10,4,eb 8f 84 20 ec 95 88 eb 90 a8,296,3584,contains_whitespace,hangul;whitespace,True,
9027,merge,..\n그냥,'..\n그냥',9,5,2e 2e 0a ea b7 b8 eb 83 a5,487,1034,contains_whitespace;control_char,control;hangul;punct_symbol;whitespace,True,
9028,merge,냐??,'냐??',5,3,eb 83 90 3f 3f,719,611,,hangul;punct_symbol,True,
9029,merge,,b'\x9c\xec\xb0\xac',4,0,9c ec b0 ac,940,176,invalid_utf8,invalid_utf8,False,'utf-8' codec can't decode byte 0x9c in position 0: invalid start byte
9030,merge,군..\n,'군..\n',6,4,ea b5 b0 2e 2e 0a,856,487,contains_whitespace;control_char,control;hangul;punct_symbol;whitespace,True,
9031,merge,,b'\xe3\x81',2,0,e3 81,231,133,invalid_utf8,invalid_utf8,False,'utf-8' codec can't decode bytes in position 0-1: unexpected end of data
9032,merge,체적,'체적',6,2,ec b2 b4 ec a0 81,683,417,,hangul,True,
9033,merge, 짜증나게,' 짜증나게',13,5,20 ec a7 9c ec a6 9d eb 82 98 ea b2 8c,1293,1803,contains_whitespace,hangul;whitespace,True,
9034,merge,와 연출,'와 연출',10,4,ec 99 80 20 ec 97 b0 ec b6 9c,509,1033,contains_whitespace,hangul;whitespace,True,
9035,merge,려진,'려진',6,2,eb a0 a4 ec a7 84,512,422,,hangul,True,
9036,merge,했다...,'했다...',9,5,ed 96 88 eb 8b a4 2e 2e 2e,526,971,repeated_run,hangul;punct_symbol,True,
9037,merge,륵,'륵',3,1,eb a5 b5,337,185,,hangul,True,
9038,merge,쿵,'쿵',3,1,ec bf b5,2073,185,,hangul,True,
9039,merge,다고생각,'다고생각',12,4,eb 8b a4 ea b3 a0 ec 83 9d ea b0 81,778,1349,,hangul,True,
9040,merge,중훈,'중훈',6,2,ec a4 91 ed 9b 88,559,1297,,hangul,True,
9041,merge,에비해,'에비해',9,3,ec 97 90 eb b9 84 ed 95 b4,6748,355,,hangul,True,
9042,merge,첩,'첩',3,1,ec b2 a9,407,173,,hangul,True,
9043,merge,연이,'연이',6,2,ec 97 b0 ec 9d b4,483,267,,hangul,True,
9044,merge,\n캐스팅,'\n캐스팅',10,4,0a ec ba 90 ec 8a a4 ed 8c 85,4369,1716,contains_whitespace;control_char,control;hangul;whitespace,True,
9045,merge,도의,'도의',6,2,eb 8f 84 ec 9d 98,296,310,,hangul,True,
9046,merge,ㅉ\n,'ㅉ\n',4,2,e3 85 89 0a,1249,14,contains_whitespace;control_char,control;hangul;whitespace,True,
9047,merge,려고 한,'려고 한',10,4,eb a0 a4 ea b3 a0 20 ed 95 9c,1234,469,contains_whitespace,hangul;whitespace,True,
9048,merge, 망한,' 망한',7,3,20 eb a7 9d ed 95 9c,1200,304,contains_whitespace,hangul;whitespace,True,
9049,merge, 약간의,' 약간의',10,4,20 ec 95 bd ea b0 84 ec 9d 98,2564,310,contains_whitespace,hangul;whitespace,True,
9050,merge, 명화,' 명화',7,3,20 eb aa 85 ed 99 94,787,279,contains_whitespace,hangul;whitespace,True,
9051,merge, 칠,' 칠',4,2,20 ec b9 a0,779,164,contains_whitespace,hangul;whitespace,True,
9052,merge,은 무슨,'은 무슨',10,4,ec 9d 80 20 eb ac b4 ec 8a a8,313,1254,contains_whitespace,hangul;whitespace,True,
9053,merge, 에이,' 에이',7,3,20 ec 97 90 ec 9d b4,1151,267,contains_whitespace,hangul;whitespace,True,
9054,merge,지??,'지??',5,3,ec a7 80 3f 3f,286,611,,hangul;punct_symbol,True,
9055,merge,냐..,'냐..',5,3,eb 83 90 2e 2e,719,266,,hangul;punct_symbol,True,
9056,merge, &,' &',2,2,20 26,36,42,contains_whitespace,punct_symbol;whitespace,True,
9057,merge,에 10점,'에 10점',9,5,ec 97 90 20 31 30 ec a0 90,300,999,contains_whitespace,digit;hangul;whitespace,True,
9058,merge,연예,'연예',6,2,ec 97 b0 ec 98 88,483,1086,,hangul,True,
9059,merge, 많은 영화,' 많은 영화',14,6,20 eb a7 8e ec 9d 80 20 ec 98 81 ed 99 94,675,797,contains_whitespace,hangul;whitespace,True,
9060,merge,지않았,'지않았',9,3,ec a7 80 ec 95 8a ec 95 98,1289,467,,hangul,True,
9061,merge,이 영화는,'이 영화는',13,5,ec 9d b4 20 ec 98 81 ed 99 94 eb 8a 94,267,1003,contains_whitespace,hangul;whitespace,True,
9062,merge, 정상,' 정상',7,3,20 ec a0 95 ec 83 81,430,433,contains_whitespace,hangul;whitespace,True,
9063,merge, 새로,' 새로',7,3,20 ec 83 88 eb a1 9c,429,1690,contains_whitespace,hangul;whitespace,True,
9064,merge, 느낌의 영화,' 느낌의 영화',17,7,20 eb 8a 90 eb 82 8c ec 9d 98 20 ec 98 81 ed 99 94,1148,830,contains_whitespace,hangul;whitespace,True,
9065,merge,\n언,'\n언',4,2,0a ec 96 b8,2558,188,contains_whitespace;control_char,control;hangul;whitespace,True,
9066,merge,셧,'셧',3,1,ec 85 a7,553,171,,hangul,True,
9067,merge,이네요\n,'이네요\n',10,4,ec 9d b4 eb 84 a4 ec 9a 94 0a,267,1351,contains_whitespace;control_char,control;hangul;whitespace,True,
9068,merge, 색다른,' 색다른',10,4,20 ec 83 89 eb 8b a4 eb a5 b8,2733,2241,contains_whitespace,hangul;whitespace,True,
9069,merge,했나,'했나',6,2,ed 96 88 eb 82 98,526,320,,hangul,True,
9070,merge, 죽여,' 죽여',7,3,20 ec a3 bd ec 97 ac,932,508,contains_whitespace,hangul;whitespace,True,
9071,merge,부분이,'부분이',9,3,eb b6 80 eb b6 84 ec 9d b4,1845,267,,hangul,True,
9072,merge, 읽고,' 읽고',7,3,20 ec 9d bd ea b3 a0,2239,277,contains_whitespace,hangul;whitespace,True,
9073,merge, 유치함,' 유치함',10,4,20 ec 9c a0 ec b9 98 ed 95 a8,1281,528,contains_whitespace,hangul;whitespace,True,
9074,merge,이후로,'이후로',9,3,ec 9d b4 ed 9b 84 eb a1 9c,4358,325,,hangul,True,
9075,merge, 잘하고,' 잘하고',10,4,20 ec 9e 98 ed 95 98 ea b3 a0,549,437,contains_whitespace,hangul;whitespace,True,
9076,merge,생겼,'생겼',6,2,ec 83 9d ea b2 bc,592,1986,,hangul,True,
9077,merge, 장애,' 장애',7,3,20 ec 9e a5 ec 95 a0,703,798,contains_whitespace,hangul;whitespace,True,
9078,merge, 결국엔,' 결국엔',10,4,20 ea b2 b0 ea b5 ad ec 97 94,2157,876,contains_whitespace,hangul;whitespace,True,
9079,merge, 향한,' 향한',7,3,20 ed 96 a5 ed 95 9c,2910,304,contains_whitespace,hangul;whitespace,True,
9080,merge,슬퍼,'슬퍼',6,2,ec 8a ac ed 8d bc,1790,1501,,hangul,True,
9081,merge,하네요..,'하네요..',11,5,ed 95 98 eb 84 a4 ec 9a 94 2e 2e,289,2020,,hangul;punct_symbol,True,
9082,merge, 기회,' 기회',7,3,20 ea b8 b0 ed 9a 8c,511,884,contains_whitespace,hangul;whitespace,True,
9083,merge,이다 진짜,'이다 진짜',13,5,ec 9d b4 eb 8b a4 20 ec a7 84 ec a7 9c,1146,601,contains_whitespace,hangul;whitespace,True,
9084,merge,용\n,'용\n',4,2,ec 9a a9 0a,520,14,contains_whitespace;control_char,control;hangul;whitespace,True,
9085,merge,는데 이건,'는데 이건',13,5,eb 8a 94 eb 8d b0 20 ec 9d b4 ea b1 b4,393,1022,contains_whitespace,hangul;whitespace,True,
9086,merge, 안봐도,' 안봐도',10,4,20 ec 95 88 eb b4 90 eb 8f 84,733,2541,contains_whitespace,hangul;whitespace,True,
9087,merge, 듯\n,' 듯\n',5,3,20 eb 93 af 0a,1338,14,contains_whitespace;control_char,control;hangul;whitespace,True,
9088,merge,끊,'끊',3,1,eb 81 8a,665,142,,hangul,True,
9089,merge, 다신,' 다신',7,3,20 eb 8b a4 ec 8b a0,416,545,contains_whitespace,hangul;whitespace,True,
9090,merge,켄,'켄',3,1,ec bc 84,992,136,,hangul,True,
9091,merge,,b' \xed\x89',3,0,20 ed 89,297,141,invalid_utf8,invalid_utf8,False,'utf-8' codec can't decode bytes in position 1-2: unexpected end of data
9092,merge, 야구,' 야구',7,3,20 ec 95 bc ea b5 ac,1988,541,contains_whitespace,hangul;whitespace,True,
9093,merge,폼,'폼',3,1,ed 8f bc,652,192,,hangul,True,
9094,merge,한국영화,'한국영화',12,4,ed 95 9c ea b5 ad ec 98 81 ed 99 94,1757,367,,hangul,True,
9095,merge,,b'\x88\xeb\xb0\xa9',4,0,88 eb b0 a9,1365,173,invalid_utf8,invalid_utf8,False,'utf-8' codec can't decode byte 0x88 in position 0: invalid start byte
9096,merge,아닌가,'아닌가',9,3,ec 95 84 eb 8b 8c ea b0 80,2605,290,,hangul,True,
9097,merge, 성의,' 성의',7,3,20 ec 84 b1 ec 9d 98,979,310,contains_whitespace,hangul;whitespace,True,
9098,merge, 넘게,' 넘게',7,3,20 eb 84 98 ea b2 8c,908,319,contains_whitespace,hangul;whitespace,True,
9099,merge, 이쁘게,' 이쁘게',10,4,20 ec 9d b4 ec 81 98 ea b2 8c,2234,319,contains_whitespace,hangul;whitespace,True,
9100,merge,이었다\n,'이었다\n',10,4,ec 9d b4 ec 97 88 eb 8b a4 0a,1355,402,contains_whitespace;control_char,control;hangul;whitespace,True,
9101,merge, 절제,' 절제',7,3,20 ec a0 88 ec a0 9c,2929,510,contains_whitespace,hangul;whitespace,True,
9102,merge,기억에,'기억에',9,3,ea b8 b0 ec 96 b5 ec 97 90,2927,300,,hangul,True,
9103,merge, 단점,' 단점',7,3,20 eb 8b a8 ec a0 90,1276,366,contains_whitespace,hangul;whitespace,True,
9104,merge, 나가는,' 나가는',10,4,20 eb 82 98 ea b0 80 eb 8a 94,408,1238,contains_whitespace,hangul;whitespace,True,
9105,merge, 긴장감이,' 긴장감이',13,5,20 ea b8 b4 ec 9e a5 ea b0 90 ec 9d b4,1788,267,contains_whitespace,hangul;whitespace,True,
9106,merge, 알수있,' 알수있',10,4,20 ec 95 8c ec 88 98 ec 9e 88,630,1740,contains_whitespace,hangul;whitespace,True,
9107,merge,,b' \xeb\x8a\x90\xea\xbc',6,0,20 eb 8a 90 ea bc,609,1163,invalid_utf8,invalid_utf8,False,'utf-8' codec can't decode bytes in position 4-5: unexpected end of data
9108,merge,중간에,'중간에',9,3,ec a4 91 ea b0 84 ec 97 90,2521,300,,hangul,True,
9109,merge,켓몬,'켓몬',6,2,ec bc 93 eb aa ac,5263,6148,,hangul,True,
9110,merge, 볼수있는,' 볼수있는',13,5,20 eb b3 bc ec 88 98 ec 9e 88 eb 8a 94,670,3585,contains_whitespace,hangul;whitespace,True,
9111,merge,되는 영화,'되는 영화',13,5,eb 90 98 eb 8a 94 20 ec 98 81 ed 99 94,700,537,contains_whitespace,hangul;whitespace,True,
9112,merge,을 좋아,'을 좋아',10,4,ec 9d 84 20 ec a2 8b ec 95 84,318,803,contains_whitespace,hangul;whitespace,True,
9113,merge, 처음에,' 처음에',10,4,20 ec b2 98 ec 9d 8c ec 97 90,987,300,contains_whitespace,hangul;whitespace,True,
9114,merge,끗,'끗',3,1,eb 81 97,665,155,,hangul,True,
9115,merge,는 영화!,'는 영화!',11,5,eb 8a 94 20 ec 98 81 ed 99 94 21,537,37,contains_whitespace,hangul;punct_symbol;whitespace,True,
9116,merge,조로,'조로',6,2,ec a1 b0 eb a1 9c,862,325,,hangul,True,
9117,merge,인의 명복을 빕,'인의 명복을 빕',20,8,ec 9d b8 ec 9d 98 20 eb aa 85 eb b3 b5 ec 9d 84 20 eb b9 95,8648,7319,contains_whitespace,hangul;whitespace,True,
9118,merge, 달콤,' 달콤',7,3,20 eb 8b ac ec bd a4,2609,3379,contains_whitespace,hangul;whitespace,True,
9119,merge, 오로,' 오로',7,3,20 ec 98 a4 eb a1 9c,640,325,contains_whitespace,hangul;whitespace,True,
9120,merge, 싸우,' 싸우',7,3,20 ec 8b b8 ec 9a b0,1650,404,contains_whitespace,hangul;whitespace,True,
9121,merge, 후반부에,' 후반부에',13,5,20 ed 9b 84 eb b0 98 eb b6 80 ec 97 90,3624,300,contains_whitespace,hangul;whitespace,True,
9122,merge,감히,'감히',6,2,ea b0 90 ed 9e 88,586,503,,hangul,True,
9123,merge, 개막장,' 개막장',10,4,20 ea b0 9c eb a7 89 ec 9e a5,618,2608,contains_whitespace,hangul;whitespace,True,
9124,merge,임...,'임...',6,4,ec 9e 84 2e 2e 2e,578,373,repeated_run,hangul;punct_symbol,True,
9125,merge, 웃고,' 웃고',7,3,20 ec 9b 83 ea b3 a0,800,277,contains_whitespace,hangul;whitespace,True,
9126,merge,못하고,'못하고',9,3,eb aa bb ed 95 98 ea b3 a0,1052,437,,hangul,True,
9127,merge,워즈,'워즈',6,2,ec 9b 8c ec a6 88,754,950,,hangul,True,
9128,merge,는 너무,'는 너무',10,4,eb 8a 94 20 eb 84 88 eb ac b4,272,452,contains_whitespace,hangul;whitespace,True,
9129,merge, 배경으로,' 배경으로',13,5,20 eb b0 b0 ea b2 bd ec 9c bc eb a1 9c,2067,432,contains_whitespace,hangul;whitespace,True,
9130,merge,엉망,'엉망',6,2,ec 97 89 eb a7 9d,2534,727,,hangul,True,
9131,merge,감동적인,'감동적인',12,4,ea b0 90 eb 8f 99 ec a0 81 ec 9d b8,1175,724,,hangul,True,
9132,merge, 핵노잼,' 핵노잼',10,4,20 ed 95 b5 eb 85 b8 ec 9e bc,4489,1913,contains_whitespace,hangul;whitespace,True,
9133,merge,이네.,'이네.',7,3,ec 9d b4 eb 84 a4 2e,2004,50,,hangul;punct_symbol,True,
9134,merge,어요!!,'어요!!',8,4,ec 96 b4 ec 9a 94 21 21,540,384,,hangul;punct_symbol,True,
9135,merge, 영화\n정말,' 영화\n정말',14,6,20 ec 98 81 ed 99 94 0a ec a0 95 eb a7 90,1103,653,contains_whitespace;control_char,control;hangul;whitespace,True,
9136,merge,어야지,'어야지',9,3,ec 96 b4 ec 95 bc ec a7 80,1481,286,,hangul,True,
9137,merge,택시,'택시',6,2,ed 83 9d ec 8b 9c,2010,365,,hangul,True,
9138,merge, 정말 너무,' 정말 너무',14,6,20 ec a0 95 eb a7 90 20 eb 84 88 eb ac b4,532,452,contains_whitespace,hangul;whitespace,True,
9139,merge,들...,'들...',6,4,eb 93 a4 2e 2e 2e,334,373,repeated_run,hangul;punct_symbol,True,
9140,merge,현실적인,'현실적인',12,4,ed 98 84 ec 8b a4 ec a0 81 ec 9d b8,2106,724,,hangul,True,
9141,merge, 둘째치고,' 둘째치고',13,5,20 eb 91 98 ec a7 b8 ec b9 98 ea b3 a0,6706,2044,contains_whitespace,hangul;whitespace,True,
9142,merge, 절로,' 절로',7,3,20 ec a0 88 eb a1 9c,331,1690,contains_whitespace,hangul;whitespace,True,
9143,merge, 친구랑,' 친구랑',10,4,20 ec b9 9c ea b5 ac eb 9e 91,1734,5274,contains_whitespace,hangul;whitespace,True,
9144,merge, 거기에,' 거기에',10,4,20 ea b1 b0 ea b8 b0 ec 97 90,838,1554,contains_whitespace,hangul;whitespace,True,
9145,merge, 붕,' 붕',4,2,20 eb b6 95,479,153,contains_whitespace,hangul;whitespace,True,
9146,merge,에 길,'에 길',7,3,ec 97 90 20 ea b8 b8,300,1937,contains_whitespace,hangul;whitespace,True,
9147,merge,안에서,'안에서',9,3,ec 95 88 ec 97 90 ec 84 9c,699,463,,hangul,True,
9148,merge, 자고,' 자고',7,3,20 ec 9e 90 ea b3 a0,612,277,contains_whitespace,hangul;whitespace,True,
9149,merge,예요.,'예요.',7,3,ec 98 88 ec 9a 94 2e,1086,1162,,hangul;punct_symbol,True,
9150,merge,하다 ,'하다 ',7,3,ed 95 98 eb 8b a4 20,289,896,contains_whitespace,hangul;whitespace,True,
9151,merge,탓,'탓',3,1,ed 83 93,457,151,,hangul,True,
9152,merge,..\n역시,'..\n역시',9,5,2e 2e 0a ec 97 ad ec 8b 9c,487,1483,contains_whitespace;control_char,control;hangul;punct_symbol;whitespace,True,
9153,merge, 영화를 보고,' 영화를 보고',17,7,20 ec 98 81 ed 99 94 eb a5 bc 20 eb b3 b4 ea b3 a0,929,663,contains_whitespace,hangul;whitespace,True,
9154,merge,재로,'재로',6,2,ec 9e ac eb a1 9c,476,702,,hangul,True,
9155,merge,었지,'었지',6,2,ec 97 88 ec a7 80,405,286,,hangul,True,
9156,merge, 울림,' 울림',7,3,20 ec 9a b8 eb a6 bc,1094,1193,contains_whitespace,hangul;whitespace,True,
9157,merge,태현,'태현',6,2,ed 83 9c ed 98 84,1167,786,,hangul,True,
9158,merge,... 너무,'... 너무',10,6,2e 2e 2e 20 eb 84 88 eb ac b4,373,452,contains_whitespace;repeated_run,hangul;punct_symbol;whitespace,True,
9159,merge, 빠순,' 빠순',7,3,20 eb b9 a0 ec 88 9c,1251,1204,contains_whitespace,hangul;whitespace,True,
9160,merge, 참여,' 참여',7,3,20 ec b0 b8 ec 97 ac,802,508,contains_whitespace,hangul;whitespace,True,
9161,merge, 원하는,' 원하는',10,4,20 ec 9b 90 ed 95 98 eb 8a 94,972,504,contains_whitespace,hangul;whitespace,True,
9162,merge, 선사,' 선사',7,3,20 ec 84 a0 ec 82 ac,1262,544,contains_whitespace,hangul;whitespace,True,
9163,merge,스펜,'스펜',6,2,ec 8a a4 ed 8e 9c,371,5498,,hangul,True,
9164,merge,명민,'명민',6,2,eb aa 85 eb af bc,713,947,,hangul,True,
9165,merge,2시간,'2시간',7,3,32 ec 8b 9c ea b0 84,54,966,,digit;hangul,True,
9166,merge,"자,","'자,'",4,2,ec 9e 90 2c,392,48,,hangul;punct_symbol,True,
9167,merge,\n아직,'\n아직',7,3,0a ec 95 84 ec a7 81,872,750,contains_whitespace;control_char,control;hangul;whitespace,True,
9168,merge, 버금,' 버금',7,3,20 eb b2 84 ea b8 88,1464,638,contains_whitespace,hangul;whitespace,True,
9169,merge, 극단,' 극단',7,3,20 ea b7 b9 eb 8b a8,1016,706,contains_whitespace,hangul;whitespace,True,
9170,merge,한 영화를,'한 영화를',13,5,ed 95 9c 20 ec 98 81 ed 99 94 eb a5 bc,725,382,contains_whitespace,hangul;whitespace,True,
9171,merge, 빨갱이,' 빨갱이',10,4,20 eb b9 a8 ea b0 b1 ec 9d b4,1934,7967,contains_whitespace,hangul;whitespace,True,
9172,merge, 서울,' 서울',7,3,20 ec 84 9c ec 9a b8,1310,861,contains_whitespace,hangul;whitespace,True,
9173,merge,만족,'만족',6,2,eb a7 8c ec a1 b1,328,832,,hangul,True,
9174,merge,최악의,'최악의',9,3,ec b5 9c ec 95 85 ec 9d 98,2586,310,,hangul,True,
9175,merge, 만든영화,' 만든영화',13,5,20 eb a7 8c eb 93 a0 ec 98 81 ed 99 94,1083,367,contains_whitespace,hangul;whitespace,True,
9176,merge, 나았,' 나았',7,3,20 eb 82 98 ec 95 98,408,467,contains_whitespace,hangul;whitespace,True,
9177,merge, 짜증남,' 짜증남',10,4,20 ec a7 9c ec a6 9d eb 82 a8,1293,855,contains_whitespace,hangul;whitespace,True,
9178,merge, 어울리,' 어울리',10,4,20 ec 96 b4 ec 9a b8 eb a6 ac,2738,332,contains_whitespace,hangul;whitespace,True,
9179,merge,특별,'특별',6,2,ed 8a b9 eb b3 84,1442,1093,,hangul,True,
9180,merge, 많은 사람들이,' 많은 사람들이',20,8,20 eb a7 8e ec 9d 80 20 ec 82 ac eb 9e 8c eb 93 a4 ec 9d b4,1423,2404,contains_whitespace,hangul;whitespace,True,
9181,merge, 만들어서,' 만들어서',13,5,20 eb a7 8c eb 93 a4 ec 96 b4 ec 84 9c,704,875,contains_whitespace,hangul;whitespace,True,
9182,merge,이 있어서,'이 있어서',13,5,ec 9d b4 20 ec 9e 88 ec 96 b4 ec 84 9c,1334,875,contains_whitespace,hangul;whitespace,True,
9183,merge,다 정말,'다 정말',10,4,eb 8b a4 20 ec a0 95 eb a7 90,268,532,contains_whitespace,hangul;whitespace,True,
9184,merge, 느껴질,' 느껴질',10,4,20 eb 8a 90 ea bb b4 ec a7 88,1599,869,contains_whitespace,hangul;whitespace,True,
9185,merge,심에,'심에',6,2,ec 8b ac ec 97 90,673,300,,hangul,True,
9186,merge, 불법,' 불법',7,3,20 eb b6 88 eb b2 95,2202,4466,contains_whitespace,hangul;whitespace,True,
9187,merge,본지,'본지',6,2,eb b3 b8 ec a7 80,626,286,,hangul,True,
9188,merge,"었고,","'었고,'",7,3,ec 97 88 ea b3 a0 2c,405,1038,,hangul;punct_symbol,True,
9189,merge,재밋다,'재밋다',9,3,ec 9e ac eb b0 8b eb 8b a4,1689,268,,hangul,True,
9190,merge,라니..,'라니..',8,4,eb 9d bc eb 8b 88 2e 2e,2569,266,,hangul;punct_symbol,True,
9191,merge, 굿굿,' 굿굿',7,3,20 ea b5 bf ea b5 bf,1958,1335,contains_whitespace,hangul;whitespace,True,
9192,merge,에 너무,'에 너무',10,4,ec 97 90 20 eb 84 88 eb ac b4,300,452,contains_whitespace,hangul;whitespace,True,
9193,merge, 하겠,' 하겠',7,3,20 ed 95 98 ea b2 a0,411,551,contains_whitespace,hangul;whitespace,True,
9194,merge, 구분,' 구분',7,3,20 ea b5 ac eb b6 84,4811,3955,contains_whitespace,hangul;whitespace,True,
9195,merge,울뿐,'울뿐',6,2,ec 9a b8 eb bf 90,861,1444,,hangul,True,
9196,merge, 인간은,' 인간은',10,4,20 ec 9d b8 ea b0 84 ec 9d 80,1398,313,contains_whitespace,hangul;whitespace,True,
9197,merge, 보았던,' 보았던',10,4,20 eb b3 b4 ec 95 98 eb 8d 98,1859,596,contains_whitespace,hangul;whitespace,True,
9198,merge, 우뢰매,' 우뢰매',10,4,20 ec 9a b0 eb a2 b0 eb a7 a4,740,7086,contains_whitespace,hangul;whitespace,True,
9199,merge,유머,'유머',6,2,ec 9c a0 eb a8 b8,664,1058,,hangul,True,
9200,merge,다\n조,'다\n조',7,3,eb 8b a4 0a ec a1 b0,5118,180,contains_whitespace;control_char,control;hangul;whitespace,True,
9201,merge, 소리만,' 소리만',10,4,20 ec 86 8c eb a6 ac eb a7 8c,3216,328,contains_whitespace,hangul;whitespace,True,
9202,merge,어...,'어...',6,4,ec 96 b4 2e 2e 2e,327,373,repeated_run,hangul;punct_symbol,True,
9203,merge, 부산,' 부산',7,3,20 eb b6 80 ec 82 b0,705,1426,contains_whitespace,hangul;whitespace,True,
9204,merge, 집어,' 집어',7,3,20 ec a7 91 ec 96 b4,1382,327,contains_whitespace,hangul;whitespace,True,
9205,merge,삐,'삐',3,1,ec 82 90,394,148,,hangul,True,
9206,merge,높은,'높은',6,2,eb 86 92 ec 9d 80,3319,313,,hangul,True,
9207,merge,안됨,'안됨',6,2,ec 95 88 eb 90 a8,6489,172,,hangul,True,
9208,merge,낭,'낭',3,1,eb 82 ad,291,177,,hangul,True,
9209,merge,ck,'ck',2,2,63 6b,103,111,,english,True,
9210,merge,인들의,'인들의',9,3,ec 9d b8 eb 93 a4 ec 9d 98,341,886,,hangul,True,
9211,merge,자꾸,'자꾸',6,2,ec 9e 90 ea be b8,392,1811,,hangul,True,
9212,merge,러라,'러라',6,2,eb 9f ac eb 9d bc,352,1206,,hangul,True,
9213,merge,잘만들,'잘만들',9,3,ec 9e 98 eb a7 8c eb 93 a4,1100,1431,,hangul,True,
9214,merge,,b'\x95\x85',2,0,95 85,153,137,invalid_utf8,invalid_utf8,False,'utf-8' codec can't decode byte 0x95 in position 0: invalid start byte
9215,merge,복수,'복수',6,2,eb b3 b5 ec 88 98,1136,415,,hangul,True,
9216,merge,질이,'질이',6,2,ec a7 88 ec 9d b4,869,267,,hangul,True,
9217,merge, 남기,' 남기',7,3,20 eb 82 a8 ea b8 b0,649,303,contains_whitespace,hangul;whitespace,True,
9218,merge, 사람이라면,' 사람이라면',16,6,20 ec 82 ac eb 9e 8c ec 9d b4 eb 9d bc eb a9 b4,695,2406,contains_whitespace,hangul;whitespace,True,
9219,merge,,b' \xec\xa7\x88\xeb',5,0,20 ec a7 88 eb,351,306,invalid_utf8,invalid_utf8,False,'utf-8' codec can't decode byte 0xeb in position 4: unexpected end of data
9220,merge, 베드신,' 베드신',10,4,20 eb b2 a0 eb 93 9c ec 8b a0,1708,7092,contains_whitespace,hangul;whitespace,True,
9221,merge,에 박수를,'에 박수를',13,5,ec 97 90 20 eb b0 95 ec 88 98 eb a5 bc,300,5488,contains_whitespace,hangul;whitespace,True,
9222,merge, 두개,' 두개',7,3,20 eb 91 90 ea b0 9c,1088,577,contains_whitespace,hangul;whitespace,True,
9223,merge, 서양,' 서양',7,3,20 ec 84 9c ec 96 91,1310,1280,contains_whitespace,hangul;whitespace,True,
9224,merge,2편,'2편',4,2,32 ed 8e b8,54,647,,digit;hangul,True,
9225,merge,ㅇ\n,'ㅇ\n',4,2,e3 85 87 0a,1259,14,contains_whitespace;control_char,control;hangul;whitespace,True,
9226,merge, ㅂ,' ㅂ',4,2,20 e3 85 82,1786,134,contains_whitespace,hangul;whitespace,True,
9227,merge, 마녀,' 마녀',7,3,20 eb a7 88 eb 85 80,2503,4706,contains_whitespace,hangul;whitespace,True,
9228,merge,스에서,'스에서',9,3,ec 8a a4 ec 97 90 ec 84 9c,371,463,,hangul,True,
9229,merge,포머,'포머',6,2,ed 8f ac eb a8 b8,2303,5267,,hangul,True,
9230,merge,심각,'심각',6,2,ec 8b ac ea b0 81,673,498,,hangul,True,
9231,merge, 절망,' 절망',7,3,20 ec a0 88 eb a7 9d,2929,727,contains_whitespace,hangul;whitespace,True,
9232,merge, 내용에,' 내용에',10,4,20 eb 82 b4 ec 9a a9 ec 97 90,773,300,contains_whitespace,hangul;whitespace,True,
9233,merge,진 못,'진 못',7,3,ec a7 84 20 eb aa bb,422,588,contains_whitespace,hangul;whitespace,True,
9234,merge, 의도를,' 의도를',10,4,20 ec 9d 98 eb 8f 84 eb a5 bc,3095,382,contains_whitespace,hangul;whitespace,True,
9235,merge, 재미없어서,' 재미없어서',16,6,20 ec 9e ac eb af b8 ec 97 86 ec 96 b4 ec 84 9c,818,875,contains_whitespace,hangul;whitespace,True,
9236,merge, 선생님,' 선생님',10,4,20 ec 84 a0 ec 83 9d eb 8b 98,4934,852,contains_whitespace,hangul;whitespace,True,
9237,merge,,b'\n\xec\xa3',3,0,0a ec a3,353,167,invalid_utf8,invalid_utf8,False,'utf-8' codec can't decode bytes in position 1-2: unexpected end of data
9238,merge,.........,'.........',9,9,2e 2e 2e 2e 2e 2e 2e 2e 2e,427,2208,repeated_run,punct_symbol,True,
9239,merge, 일본은,' 일본은',10,4,20 ec 9d bc eb b3 b8 ec 9d 80,1345,313,contains_whitespace,hangul;whitespace,True,
9240,merge, 삽입,' 삽입',7,3,20 ec 82 bd ec 9e 85,6806,583,contains_whitespace,hangul;whitespace,True,
9241,merge, 애로,' 애로',7,3,20 ec 95 a0 eb a1 9c,762,325,contains_whitespace,hangul;whitespace,True,
9242,merge,다 ㅋㅋㅋㅋ,'다 ㅋㅋㅋㅋ',16,6,eb 8b a4 20 e3 85 8b e3 85 8b e3 85 8b e3 85 8b,896,584,contains_whitespace;repeated_run,hangul;whitespace,True,
9243,merge,선수,'선수',6,2,ec 84 a0 ec 88 98,731,415,,hangul,True,
9244,merge,함...\n,'함...\n',7,5,ed 95 a8 2e 2e 2e 0a,528,475,contains_whitespace;control_char;repeated_run,control;hangul;punct_symbol;whitespace,True,
9245,merge, 뛰어넘는,' 뛰어넘는',13,5,20 eb 9b b0 ec 96 b4 eb 84 98 eb 8a 94,5344,272,contains_whitespace,hangul;whitespace,True,
9246,merge, 쫄,' 쫄',4,2,20 ec ab 84,3181,136,contains_whitespace,hangul;whitespace,True,
9247,merge,는거지,'는거지',9,3,eb 8a 94 ea b1 b0 ec a7 80,1041,286,,hangul,True,
9248,merge, 구성도,' 구성도',10,4,20 ea b5 ac ec 84 b1 eb 8f 84,1237,2163,contains_whitespace,hangul;whitespace,True,
9249,merge,\n총,'\n총',4,2,0a ec b4 9d,2195,161,contains_whitespace;control_char,control;hangul;whitespace,True,
9250,merge,,b' \xec\x84\xac\xeb',5,0,20 ec 84 ac eb,470,294,invalid_utf8,invalid_utf8,False,'utf-8' codec can't decode byte 0xeb in position 4: unexpected end of data
9251,merge, 영상과,' 영상과',10,4,20 ec 98 81 ec 83 81 ea b3 bc,1467,441,contains_whitespace,hangul;whitespace,True,
9252,merge, 말이지,' 말이지',10,4,20 eb a7 90 ec 9d b4 ec a7 80,597,1497,contains_whitespace,hangul;whitespace,True,
9253,merge, 흔들,' 흔들',7,3,20 ed 9d 94 eb 93 a4,2792,334,contains_whitespace,hangul;whitespace,True,
9254,merge,흥행,'흥행',6,2,ed 9d a5 ed 96 89,2479,967,,hangul,True,
9255,merge, 블랙코미디,' 블랙코미디',16,6,20 eb b8 94 eb 9e 99 ec bd 94 eb af b8 eb 94 94,4899,2601,contains_whitespace,hangul;whitespace,True,
9256,merge,뜸,'뜸',3,1,eb 9c b8,1128,188,,hangul,True,
9257,merge, 관련,' 관련',7,3,20 ea b4 80 eb a0 a8,1012,1976,contains_whitespace,hangul;whitespace,True,
9258,merge, 쪼,' 쪼',4,2,20 ec aa bc,260,5345,contains_whitespace,hangul;whitespace,True,
9259,merge, 손에,' 손에',7,3,20 ec 86 90 ec 97 90,1499,300,contains_whitespace,hangul;whitespace,True,
9260,merge,다\n완전,'다\n완전',10,4,eb 8b a4 0a ec 99 84 ec a0 84,2879,790,contains_whitespace;control_char,control;hangul;whitespace,True,
9261,merge,깃,'깃',3,1,ea b9 83,362,135,,hangul,True,
9262,merge,컴,'컴',3,1,ec bb b4,1290,184,,hangul,True,
9263,merge,므로,'므로',6,2,eb af 80 eb a1 9c,760,3649,,hangul,True,
9264,merge,,b' \xec\x96\xb4\xeb\x95',6,0,20 ec 96 b4 eb 95,455,1479,invalid_utf8,invalid_utf8,False,'utf-8' codec can't decode bytes in position 4-5: unexpected end of data
9265,merge, 주기도,' 주기도',10,4,20 ec a3 bc ea b8 b0 eb 8f 84,563,1487,contains_whitespace,hangul;whitespace,True,
9266,merge,어어,'어어',6,2,ec 96 b4 ec 96 b4,327,327,,hangul,True,
9267,merge, 공짜로,' 공짜로',10,4,20 ea b3 b5 ec a7 9c eb a1 9c,744,6483,contains_whitespace,hangul;whitespace,True,
9268,merge, 명배우,' 명배우',10,4,20 eb aa 85 eb b0 b0 ec 9a b0,787,994,contains_whitespace,hangul;whitespace,True,
9269,merge,수님,'수님',6,2,ec 88 98 eb 8b 98,415,852,,hangul,True,
9270,merge, 시점,' 시점',7,3,20 ec 8b 9c ec a0 90,472,366,contains_whitespace,hangul;whitespace,True,
9271,merge, 사운드,' 사운드',10,4,20 ec 82 ac ec 9a b4 eb 93 9c,722,5047,contains_whitespace,hangul;whitespace,True,
9272,merge, 몰라,' 몰라',7,3,20 eb aa b0 eb 9d bc,921,330,contains_whitespace,hangul;whitespace,True,
9273,merge, 흥미로운,' 흥미로운',13,5,20 ed 9d a5 eb af b8 eb a1 9c ec 9a b4,1684,2930,contains_whitespace,hangul;whitespace,True,
9274,merge,원도,'원도',6,2,ec 9b 90 eb 8f 84,736,296,,hangul,True,
9275,merge, 레옹,' 레옹',7,3,20 eb a0 88 ec 98 b9,1830,4593,contains_whitespace,hangul;whitespace,True,
9276,merge,있는데,'있는데',9,3,ec 9e 88 eb 8a 94 eb 8d b0,421,393,,hangul,True,
9277,merge, 영화 찍,' 영화 찍',11,5,20 ec 98 81 ed 99 94 20 ec b0 8d,305,1387,contains_whitespace,hangul;whitespace,True,
9278,merge, 왜케,' 왜케',7,3,20 ec 99 9c ec bc 80,628,1375,contains_whitespace,hangul;whitespace,True,
9279,merge, 다시 보고싶,' 다시 보고싶',17,7,20 eb 8b a4 ec 8b 9c 20 eb b3 b4 ea b3 a0 ec 8b b6,828,1965,contains_whitespace,hangul;whitespace,True,
9280,merge,가 되어,'가 되어',10,4,ea b0 80 20 eb 90 98 ec 96 b4,2250,327,contains_whitespace,hangul;whitespace,True,
9281,merge,\n좋은영화,'\n좋은영화',13,5,0a ec a2 8b ec 9d 80 ec 98 81 ed 99 94,1884,3730,contains_whitespace;control_char,control;hangul;whitespace,True,
9282,merge, 아닌가?,' 아닌가?',11,5,20 ec 95 84 eb 8b 8c ea b0 80 3f,1111,2035,contains_whitespace,hangul;punct_symbol;whitespace,True,
9283,merge, 가정,' 가정',7,3,20 ea b0 80 ec a0 95,485,395,contains_whitespace,hangul;whitespace,True,
9284,merge,어제,'어제',6,2,ec 96 b4 ec a0 9c,327,510,,hangul,True,
9285,merge, 꼭 보,' 꼭 보',8,4,20 ea bc ad 20 eb b3 b4,1333,357,contains_whitespace,hangul;whitespace,True,
9286,merge,....\n정말,'....\n정말',11,7,2e 2e 2e 2e 0a ec a0 95 eb a7 90,1078,653,contains_whitespace;control_char;repeated_run,control;hangul;punct_symbol;whitespace,True,
9287,merge,..\n내가,'..\n내가',9,5,2e 2e 0a eb 82 b4 ea b0 80,487,1194,contains_whitespace;control_char,control;hangul;punct_symbol;whitespace,True,
9288,merge, 아역,' 아역',7,3,20 ec 95 84 ec 97 ad,349,822,contains_whitespace,hangul;whitespace,True,
9289,merge, 지루하다.\n,' 지루하다.\n',15,7,20 ec a7 80 eb a3 a8 ed 95 98 eb 8b a4 2e 0a,720,1560,contains_whitespace;control_char,control;hangul;punct_symbol;whitespace,True,
9290,merge,"했는데,","'했는데,'",10,4,ed 96 88 eb 8a 94 eb 8d b0 2c,1518,48,,hangul;punct_symbol,True,
9291,merge,까지 다,'까지 다',10,4,ea b9 8c ec a7 80 20 eb 8b a4,634,416,contains_whitespace,hangul;whitespace,True,
9292,merge, 봤습니다,' 봤습니다',13,5,20 eb b4 a4 ec 8a b5 eb 8b 88 eb 8b a4,480,1082,contains_whitespace,hangul;whitespace,True,
9293,merge, 꼭보세요,' 꼭보세요',13,5,20 ea bc ad eb b3 b4 ec 84 b8 ec 9a 94,1333,3418,contains_whitespace,hangul;whitespace,True,
9294,merge,\n이 영화의,'\n이 영화의',14,6,0a ec 9d b4 20 ec 98 81 ed 99 94 ec 9d 98,558,1923,contains_whitespace;control_char,control;hangul;whitespace,True,
9295,merge,을 느끼,'을 느끼',10,4,ec 9d 84 20 eb 8a 90 eb 81 bc,318,1766,contains_whitespace,hangul;whitespace,True,
9296,merge,영화다.,'영화다.',10,4,ec 98 81 ed 99 94 eb 8b a4 2e,367,369,,hangul;punct_symbol,True,
9297,merge, 묵,' 묵',4,2,20 eb ac b5,1025,185,contains_whitespace,hangul;whitespace,True,
9298,merge,5년,'5년',4,2,35 eb 85 84,57,629,,digit;hangul,True,
9299,merge, 일어나,' 일어나',10,4,20 ec 9d bc ec 96 b4 eb 82 98,701,3144,contains_whitespace,hangul;whitespace,True,
9300,merge, 포인트,' 포인트',10,4,20 ed 8f ac ec 9d b8 ed 8a b8,1330,4664,contains_whitespace,hangul;whitespace,True,
9301,merge,블루,'블루',6,2,eb b8 94 eb a3 a8,1813,533,,hangul,True,
9302,merge, 게이,' 게이',7,3,20 ea b2 8c ec 9d b4,1573,267,contains_whitespace,hangul;whitespace,True,
9303,merge,,b' \xec\x8a\xa4\xed\x83',6,0,20 ec 8a a4 ed 83,494,457,invalid_utf8,invalid_utf8,False,'utf-8' codec can't decode bytes in position 4-5: unexpected end of data
9304,merge,6살,'6살',4,2,36 ec 82 b4,58,1045,,digit;hangul,True,
9305,merge,저리,'저리',6,2,ec a0 80 eb a6 ac,667,332,,hangul,True,
9306,merge,에 가까,'에 가까',10,4,ec 97 90 20 ea b0 80 ea b9 8c,3540,399,contains_whitespace,hangul;whitespace,True,
9307,merge,박죽,'박죽',6,2,eb b0 95 ec a3 bd,859,1526,,hangul,True,
9308,merge, 공간,' 공간',7,3,20 ea b3 b5 ea b0 84,744,442,contains_whitespace,hangul;whitespace,True,
9309,merge, 건질,' 건질',7,3,20 ea b1 b4 ec a7 88,1317,869,contains_whitespace,hangul;whitespace,True,
9310,merge, 바라는,' 바라는',10,4,20 eb b0 94 eb 9d bc eb 8a 94,833,1097,contains_whitespace,hangul;whitespace,True,
9311,merge, 추천\n,' 추천\n',8,4,20 ec b6 94 ec b2 9c 0a,1416,14,contains_whitespace;control_char,control;hangul;whitespace,True,
9312,merge, 아마추어,' 아마추어',13,5,20 ec 95 84 eb a7 88 ec b6 94 ec 96 b4,3846,8046,contains_whitespace,hangul;whitespace,True,
9313,merge, 생겼,' 생겼',7,3,20 ec 83 9d ea b2 bc,1292,1986,contains_whitespace,hangul;whitespace,True,
9314,merge, 대신,' 대신',7,3,20 eb 8c 80 ec 8b a0,513,545,contains_whitespace,hangul;whitespace,True,
9315,merge, 사랑스러운,' 사랑스러운',16,6,20 ec 82 ac eb 9e 91 ec 8a a4 eb 9f ac ec 9a b4,819,1876,contains_whitespace,hangul;whitespace,True,
9316,merge,달라고,'달라고',9,3,eb 8b ac eb 9d bc ea b3 a0,4607,277,,hangul,True,
9317,merge,나 싶,'나 싶',7,3,eb 82 98 20 ec 8b b6,320,784,contains_whitespace,hangul;whitespace,True,
9318,merge,리엣,'리엣',6,2,eb a6 ac ec 97 a3,332,7375,,hangul,True,
9319,merge, 합니다.\n,' 합니다.\n',12,6,20 ed 95 a9 eb 8b 88 eb 8b a4 2e 0a,2889,388,contains_whitespace;control_char,control;hangul;punct_symbol;whitespace,True,
9320,merge,니로,'니로',6,2,eb 8b 88 eb a1 9c,1023,702,,hangul,True,
9321,merge,)의,')의',4,2,29 ec 9d 98,45,310,,hangul;punct_symbol,True,
9322,merge, 눈을 뗄,' 눈을 뗄',11,5,20 eb 88 88 ec 9d 84 20 eb 97 84,8409,6574,contains_whitespace,hangul;whitespace,True,
9323,merge,일으,'일으',6,2,ec 9d bc ec 9c bc,518,378,,hangul,True,
9324,merge, 정도면,' 정도면',10,4,20 ec a0 95 eb 8f 84 eb a9 b4,1261,356,contains_whitespace,hangul;whitespace,True,
9325,merge, 맴,' 맴',4,2,20 eb a7 b4,323,184,contains_whitespace,hangul;whitespace,True,
9326,merge,실력,'실력',6,2,ec 8b a4 eb a0 a5,604,591,,hangul,True,
9327,merge,었는데...,'었는데...',12,6,ec 97 88 eb 8a 94 eb 8d b0 2e 2e 2e,1147,373,repeated_run,hangul;punct_symbol,True,
9328,merge, 놨,' 놨',4,2,20 eb 86 a8,775,172,contains_whitespace,hangul;whitespace,True,
9329,merge,떼,'떼',3,1,eb 96 bc,849,192,,hangul,True,
9330,merge, 니들,' 니들',7,3,20 eb 8b 88 eb 93 a4,2334,334,contains_whitespace,hangul;whitespace,True,
9331,merge,집에,'집에',6,2,ec a7 91 ec 97 90,1176,300,,hangul,True,
9332,merge,를 제대로,'를 제대로',13,5,eb a5 bc 20 ec a0 9c eb 8c 80 eb a1 9c,382,1611,contains_whitespace,hangul;whitespace,True,
9333,merge, 점수가,' 점수가',10,4,20 ec a0 90 ec 88 98 ea b0 80,1771,290,contains_whitespace,hangul;whitespace,True,
9334,merge, 모아,' 모아',7,3,20 eb aa a8 ec 95 84,535,338,contains_whitespace,hangul;whitespace,True,
9335,merge,구와,'구와',6,2,ea b5 ac ec 99 80,541,509,,hangul,True,
9336,merge,금보,'금보',6,2,ea b8 88 eb b3 b4,2069,309,,hangul,True,
9337,merge,\n순,'\n순',4,2,0a ec 88 9c,4088,160,contains_whitespace;control_char,control;hangul;whitespace,True,
9338,merge,10분,'10분',5,3,31 30 eb b6 84,1799,546,,digit;hangul,True,
9339,merge,블랙,'블랙',6,2,eb b8 94 eb 9e 99,1813,3456,,hangul,True,
9340,merge,의 기,'의 기',7,3,ec 9d 98 20 ea b8 b0,310,511,contains_whitespace,hangul;whitespace,True,
9341,merge, 파악,' 파악',7,3,20 ed 8c 8c ec 95 85,1572,605,contains_whitespace,hangul;whitespace,True,
9342,merge, 파고,' 파고',7,3,20 ed 8c 8c ea b3 a0,1572,277,contains_whitespace,hangul;whitespace,True,
9343,merge, 방해,' 방해',7,3,20 eb b0 a9 ed 95 b4,1304,355,contains_whitespace,hangul;whitespace,True,
9344,merge,다ㅠㅠ,'다ㅠㅠ',9,3,eb 8b a4 e3 85 a0 e3 85 a0,268,594,,hangul,True,
9345,merge, 어쩜,' 어쩜',7,3,20 ec 96 b4 ec a9 9c,2040,160,contains_whitespace,hangul;whitespace,True,
9346,merge,것같은데,'것같은데',12,4,ea b2 83 ea b0 99 ec 9d 80 eb 8d b0,420,3397,,hangul,True,
9347,merge,다\n그냥,'다\n그냥',10,4,eb 8b a4 0a ea b7 b8 eb 83 a5,402,1034,contains_whitespace;control_char,control;hangul;whitespace,True,
9348,merge, 개그맨,' 개그맨',10,4,20 ea b0 9c ea b7 b8 eb a7 a8,3043,1040,contains_whitespace,hangul;whitespace,True,
9349,merge, 유일한,' 유일한',10,4,20 ec 9c a0 ec 9d bc ed 95 9c,4111,304,contains_whitespace,hangul;whitespace,True,
9350,merge, 연기력은,' 연기력은',13,5,20 ec 97 b0 ea b8 b0 eb a0 a5 ec 9d 80,1732,313,contains_whitespace,hangul;whitespace,True,
9351,merge,~^^\n,'~^^\n',4,4,7e 5e 5e 0a,130,1165,contains_whitespace;control_char,control;punct_symbol;whitespace,True,
9352,merge, 구원,' 구원',7,3,20 ea b5 ac ec 9b 90,1237,736,contains_whitespace,hangul;whitespace,True,
9353,merge, 예뻤,' 예뻤',7,3,20 ec 98 88 eb bb a4,8437,168,contains_whitespace,hangul;whitespace,True,
9354,merge,된다\n,'된다\n',7,3,eb 90 9c eb 8b a4 0a,931,402,contains_whitespace;control_char,control;hangul;whitespace,True,
9355,merge, 어느정도,' 어느정도',13,5,20 ec 96 b4 eb 8a 90 ec a0 95 eb 8f 84,2438,1019,contains_whitespace,hangul;whitespace,True,
9356,merge, 따뜻한 영화,' 따뜻한 영화',17,7,20 eb 94 b0 eb 9c bb ed 95 9c 20 ec 98 81 ed 99 94,1815,725,contains_whitespace,hangul;whitespace,True,
9357,merge, 명장면,' 명장면',10,4,20 eb aa 85 ec 9e a5 eb a9 b4,787,1448,contains_whitespace,hangul;whitespace,True,
9358,merge, 앞서,' 앞서',7,3,20 ec 95 9e ec 84 9c,1814,321,contains_whitespace,hangul;whitespace,True,
9359,merge, 만들어졌,' 만들어졌',13,5,20 eb a7 8c eb 93 a4 ec 96 b4 ec a1 8c,1312,1348,contains_whitespace,hangul;whitespace,True,
9360,merge,동근,'동근',6,2,eb 8f 99 ea b7 bc,768,1138,,hangul,True,
9361,merge,판을,'판을',6,2,ed 8c 90 ec 9d 84,941,318,,hangul,True,
9362,merge, 중2,' 중2',5,3,20 ec a4 91 32,729,54,contains_whitespace,digit;hangul;whitespace,True,
9363,merge,,b' \xec\x9f',3,0,20 ec 9f,260,163,invalid_utf8,invalid_utf8,False,'utf-8' codec can't decode bytes in position 1-2: unexpected end of data
9364,merge,시도,'시도',6,2,ec 8b 9c eb 8f 84,365,296,,hangul,True,
9365,merge,,b'..\n\xec\x83',5,0,2e 2e 0a ec 83,1328,135,invalid_utf8,invalid_utf8,False,'utf-8' codec can't decode bytes in position 3-4: unexpected end of data
9366,merge,맹이,'맹이',6,2,eb a7 b9 ec 9d b4,3365,267,,hangul,True,
9367,merge, 문득,' 문득',7,3,20 eb ac b8 eb 93 9d,2144,1776,contains_whitespace,hangul;whitespace,True,
9368,merge, 사투리,' 사투리',10,4,20 ec 82 ac ed 88 ac eb a6 ac,722,6037,contains_whitespace,hangul;whitespace,True,
9369,merge,부분은,'부분은',9,3,eb b6 80 eb b6 84 ec 9d 80,1845,313,,hangul,True,
9370,merge, 마지막엔,' 마지막엔',13,5,20 eb a7 88 ec a7 80 eb a7 89 ec 97 94,983,876,contains_whitespace,hangul;whitespace,True,
9371,merge,,b'\x84\x98',2,0,84 98,136,156,invalid_utf8,invalid_utf8,False,'utf-8' codec can't decode byte 0x84 in position 0: invalid start byte
9372,merge,\n시,'\n시',4,2,0a ec 8b 9c,14,365,contains_whitespace;control_char,control;hangul;whitespace,True,
9373,merge, 웰,' 웰',4,2,20 ec 9b b0,565,180,contains_whitespace,hangul;whitespace,True,
9374,merge, 돋보이는,' 돋보이는',13,5,20 eb 8f 8b eb b3 b4 ec 9d b4 eb 8a 94,3608,1539,contains_whitespace,hangul;whitespace,True,
9375,merge, 풀어낸,' 풀어낸',10,4,20 ed 92 80 ec 96 b4 eb 82 b8,3009,1938,contains_whitespace,hangul;whitespace,True,
9376,merge,es,'es',2,2,65 73,105,119,,english,True,
9377,merge, 막판,' 막판',7,3,20 eb a7 89 ed 8c 90,1231,941,contains_whitespace,hangul;whitespace,True,
9378,merge, 은은,' 은은',7,3,20 ec 9d 80 ec 9d 80,2643,313,contains_whitespace,hangul;whitespace,True,
9379,merge,조현,'조현',6,2,ec a1 b0 ed 98 84,862,786,,hangul,True,
9380,merge, 분명히,' 분명히',10,4,20 eb b6 84 eb aa 85 ed 9e 88,3411,503,contains_whitespace,hangul;whitespace,True,
9381,merge,13,'13',2,2,31 33,53,55,,digit,True,
9382,merge, 매력적,' 매력적',10,4,20 eb a7 a4 eb a0 a5 ec a0 81,1269,417,contains_whitespace,hangul;whitespace,True,
9383,merge, 잠이,' 잠이',7,3,20 ec 9e a0 ec 9d b4,1738,267,contains_whitespace,hangul;whitespace,True,
9384,merge, 설정과,' 설정과',10,4,20 ec 84 a4 ec a0 95 ea b3 bc,1893,441,contains_whitespace,hangul;whitespace,True,
9385,merge,av,'av',2,2,61 76,101,122,,english,True,
9386,merge,멋지,'멋지',6,2,eb a9 8b ec a7 80,1885,286,,hangul,True,
9387,merge, ?\n,' ?\n',3,3,20 3f 0a,36,709,contains_whitespace;control_char,control;punct_symbol;whitespace,True,
9388,merge,장실,'장실',6,2,ec 9e a5 ec 8b a4,425,604,,hangul,True,
9389,merge, 상당한,' 상당한',10,4,20 ec 83 81 eb 8b b9 ed 95 9c,814,3049,contains_whitespace,hangul;whitespace,True,
9390,merge,사상,'사상',6,2,ec 82 ac ec 83 81,544,433,,hangul,True,
9391,merge,,b'\xaa\xa9',2,0,aa a9,174,173,invalid_utf8,invalid_utf8,False,'utf-8' codec can't decode byte 0xaa in position 0: invalid start byte
9392,merge, 평점도,' 평점도',10,4,20 ed 8f 89 ec a0 90 eb 8f 84,648,296,contains_whitespace,hangul;whitespace,True,
9393,merge,들에게는,'들에게는',12,4,eb 93 a4 ec 97 90 ea b2 8c eb 8a 94,2179,272,,hangul,True,
9394,merge,에 의해,'에 의해',10,4,ec 97 90 20 ec 9d 98 ed 95 b4,4778,355,contains_whitespace,hangul;whitespace,True,
9395,merge, 보면 볼수록,' 보면 볼수록',17,7,20 eb b3 b4 eb a9 b4 20 eb b3 bc ec 88 98 eb a1 9d,1191,4869,contains_whitespace,hangul;whitespace,True,
9396,merge,무협,'무협',6,2,eb ac b4 ed 98 91,617,3015,,hangul,True,
9397,merge, 결말이 너무,' 결말이 너무',17,7,20 ea b2 b0 eb a7 90 ec 9d b4 20 eb 84 88 eb ac b4,1443,1066,contains_whitespace,hangul;whitespace,True,
9398,merge, 주제가,' 주제가',10,4,20 ec a3 bc ec a0 9c ea b0 80,2356,290,contains_whitespace,hangul;whitespace,True,
9399,merge, 사이코,' 사이코',10,4,20 ec 82 ac ec 9d b4 ec bd 94,722,3094,contains_whitespace,hangul;whitespace,True,
9400,merge,스크,'스크',6,2,ec 8a a4 ed 81 ac,371,1219,,hangul,True,
9401,merge,질때,'질때',6,2,ec a7 88 eb 95 8c,3928,481,,hangul,True,
9402,merge,벤져스,'벤져스',9,3,eb b2 a4 ec a0 b8 ec 8a a4,8484,371,,hangul,True,
9403,merge, 찔,' 찔',4,2,20 ec b0 94,496,152,contains_whitespace,hangul;whitespace,True,
9404,merge,................................,'................................',32,32,2e 2e 2e 2e 2e 2e 2e 2e 2e 2e 2e 2e 2e 2e 2e 2e 2e 2e 2e 2e 2e 2e 2e 2e 2e 2e 2e 2e 2e 2e 2e 2e,2797,2797,long_bytes;long_chars;repeated_run,punct_symbol,True,
9405,merge,씬이,'씬이',6,2,ec 94 ac ec 9d b4,1274,267,,hangul,True,
9406,merge, 나중,' 나중',7,3,20 eb 82 98 ec a4 91,408,559,contains_whitespace,hangul;whitespace,True,
9407,merge, 죽어,' 죽어',7,3,20 ec a3 bd ec 96 b4,932,327,contains_whitespace,hangul;whitespace,True,
9408,merge,하네...,'하네...',9,5,ed 95 98 eb 84 a4 2e 2e 2e,1724,373,repeated_run,hangul;punct_symbol,True,
9409,merge, 정체,' 정체',7,3,20 ec a0 95 ec b2 b4,430,683,contains_whitespace,hangul;whitespace,True,
9410,merge, 꼭 보시길,' 꼭 보시길',14,6,20 ea bc ad 20 eb b3 b4 ec 8b 9c ea b8 b8,1333,3993,contains_whitespace,hangul;whitespace,True,
9411,merge, 할아버지,' 할아버지',13,5,20 ed 95 a0 ec 95 84 eb b2 84 ec a7 80,900,4785,contains_whitespace,hangul;whitespace,True,
9412,merge, 쫓,' 쫓',4,2,20 ec ab 93,3181,151,contains_whitespace,hangul;whitespace,True,
9413,merge, 이준,' 이준',7,3,20 ec 9d b4 ec a4 80,322,657,contains_whitespace,hangul;whitespace,True,
9414,merge, 데뷔,' 데뷔',7,3,20 eb 8d b0 eb b7 94,1833,6916,contains_whitespace,hangul;whitespace,True,
9415,merge,볼려고,'볼려고',9,3,eb b3 bc eb a0 a4 ea b3 a0,1096,1234,,hangul,True,
9416,merge,닼,'닼',3,1,eb 8b bc,263,192,,hangul,True,
9417,merge, 오글거림,' 오글거림',13,5,20 ec 98 a4 ea b8 80 ea b1 b0 eb a6 bc,3568,1193,contains_whitespace,hangul;whitespace,True,
9418,merge, 후하게,' 후하게',10,4,20 ed 9b 84 ed 95 98 ea b2 8c,982,621,contains_whitespace,hangul;whitespace,True,
9419,merge, 강제,' 강제',7,3,20 ea b0 95 ec a0 9c,1028,510,contains_whitespace,hangul;whitespace,True,
9420,merge,는 것,'는 것',7,3,eb 8a 94 20 ea b2 83,272,661,contains_whitespace,hangul;whitespace,True,
9421,merge,할뿐,'할뿐',6,2,ed 95 a0 eb bf 90,478,1444,,hangul,True,
9422,merge,됨.,'됨.',4,2,eb 90 a8 2e,2516,50,,hangul;punct_symbol,True,
9423,merge, 압도,' 압도',7,3,20 ec 95 95 eb 8f 84,2946,296,contains_whitespace,hangul;whitespace,True,
9424,merge,뒤로,'뒤로',6,2,eb 92 a4 eb a1 9c,2434,325,,hangul,True,
9425,merge, 사로,' 사로',7,3,20 ec 82 ac eb a1 9c,3207,702,contains_whitespace,hangul;whitespace,True,
9426,merge,의 전,'의 전',7,3,ec 9d 98 20 ec a0 84,310,543,contains_whitespace,hangul;whitespace,True,
9427,merge,준다.,'준다.',7,3,ec a4 80 eb 8b a4 2e,657,369,,hangul;punct_symbol,True,
9428,merge, 뺏,' 뺏',4,2,20 eb ba 8f,4770,147,contains_whitespace,hangul;whitespace,True,
9429,merge,스토리를,'스토리를',12,4,ec 8a a4 ed 86 a0 eb a6 ac eb a5 bc,3996,1714,,hangul,True,
9430,merge," 영화,","' 영화,'",8,4,20 ec 98 81 ed 99 94 2c,305,48,contains_whitespace,hangul;punct_symbol;whitespace,True,
9431,merge, 테러,' 테러',7,3,20 ed 85 8c eb 9f ac,2949,552,contains_whitespace,hangul;whitespace,True,
9432,merge,차피,'차피',6,2,ec b0 a8 ed 94 bc,1077,1007,,hangul,True,
9433,merge, 멋지게,' 멋지게',10,4,20 eb a9 8b ec a7 80 ea b2 8c,2871,319,contains_whitespace,hangul;whitespace,True,
9434,merge, 조선,' 조선',7,3,20 ec a1 b0 ec 84 a0,747,731,contains_whitespace,hangul;whitespace,True,
9435,merge, 한시간,' 한시간',10,4,20 ed 95 9c ec 8b 9c ea b0 84,469,966,contains_whitespace,hangul;whitespace,True,
9436,merge,사미,'사미',6,2,ec 82 ac eb af b8,1319,345,,hangul,True,
9437,merge,다 ㅋ\n,'다 ㅋ\n',8,4,eb 8b a4 20 e3 85 8b 0a,896,893,contains_whitespace;control_char,control;hangul;whitespace,True,
9438,merge, 한 편,' 한 편',8,4,20 ed 95 9c 20 ed 8e b8,469,1353,contains_whitespace,hangul;whitespace,True,
9439,merge,\n산,'\n산',4,2,0a ec 82 b0,1453,180,contains_whitespace;control_char,control;hangul;whitespace,True,
9440,merge, 보여줄,' 보여줄',10,4,20 eb b3 b4 ec 97 ac ec a4 84,1158,840,contains_whitespace,hangul;whitespace,True,
9441,merge, 납득,' 납득',7,3,20 eb 82 a9 eb 93 9d,6247,1776,contains_whitespace,hangul;whitespace,True,
9442,merge, 하던,' 하던',7,3,20 ed 95 98 eb 8d 98,411,596,contains_whitespace,hangul;whitespace,True,
9443,merge,il,'il',2,2,69 6c,109,112,,english,True,
9444,merge, 방금,' 방금',7,3,20 eb b0 a9 ea b8 88,1304,638,contains_whitespace,hangul;whitespace,True,
9445,merge,가 없어서,'가 없어서',13,5,ea b0 80 20 ec 97 86 ec 96 b4 ec 84 9c,1161,875,contains_whitespace,hangul;whitespace,True,
9446,merge, 개성,' 개성',7,3,20 ea b0 9c ec 84 b1,618,500,contains_whitespace,hangul;whitespace,True,
9447,merge,한 결말,'한 결말',10,4,ed 95 9c 20 ea b2 b0 eb a7 90,304,1443,contains_whitespace,hangul;whitespace,True,
9448,merge,쪼,'쪼',3,1,ec aa bc,240,5345,,hangul,True,
9449,merge, 내일,' 내일',7,3,20 eb 82 b4 ec 9d bc,482,518,contains_whitespace,hangul;whitespace,True,
9450,merge, 오프닝,' 오프닝',10,4,20 ec 98 a4 ed 94 84 eb 8b 9d,640,5859,contains_whitespace,hangul;whitespace,True,
9451,merge, 머릿,' 머릿',7,3,20 eb a8 b8 eb a6 bf,1482,3195,contains_whitespace,hangul;whitespace,True,
9452,merge, 충분한,' 충분한',10,4,20 ec b6 a9 eb b6 84 ed 95 9c,2128,304,contains_whitespace,hangul;whitespace,True,
9453,merge, 메세지를,' 메세지를',13,5,20 eb a9 94 ec 84 b8 ec a7 80 eb a5 bc,3756,2271,contains_whitespace,hangul;whitespace,True,
9454,merge,포드,'포드',6,2,ed 8f ac eb 93 9c,2303,2490,,hangul,True,
9455,merge,감상,'감상',6,2,ea b0 90 ec 83 81,586,433,,hangul,True,
9456,merge, 얽,' 얽',4,2,20 ec 96 bd,623,193,contains_whitespace,hangul;whitespace,True,
9457,merge,귄,'귄',3,1,ea b7 84,610,136,,hangul,True,
9458,merge, O,' O',2,2,20 4f,36,83,contains_whitespace,english;whitespace,True,
9459,merge,쿨,'쿨',3,1,ec bf a8,2073,172,,hangul,True,
9460,merge,판왕,'판왕',6,2,ed 8c 90 ec 99 95,941,1775,,hangul,True,
9461,merge, 뭐냐?,' 뭐냐?',8,4,20 eb ad 90 eb 83 90 3f,723,1639,contains_whitespace,hangul;punct_symbol;whitespace,True,
9462,merge,흐흐,'흐흐',6,2,ed 9d 90 ed 9d 90,3063,3063,,hangul,True,
9463,merge,에 딱,'에 딱',7,3,ec 97 90 20 eb 94 b1,300,1485,contains_whitespace,hangul;whitespace,True,
9464,merge, 굴,' 굴',4,2,20 ea b5 b4,620,184,contains_whitespace,hangul;whitespace,True,
9465,merge,이시,'이시',6,2,ec 9d b4 ec 8b 9c,267,365,,hangul,True,
9466,merge,이죠,'이죠',6,2,ec 9d b4 ec a3 a0,267,1295,,hangul,True,
9467,merge, 소유,' 소유',7,3,20 ec 86 8c ec 9c a0,658,664,contains_whitespace,hangul;whitespace,True,
9468,merge,옷,'옷',3,1,ec 98 b7,360,187,,hangul,True,
9469,merge, 정보,' 정보',7,3,20 ec a0 95 eb b3 b4,430,374,contains_whitespace,hangul;whitespace,True,
9470,merge,같다.,'같다.',7,3,ea b0 99 eb 8b a4 2e,569,369,,hangul;punct_symbol,True,
9471,merge, 상대,' 상대',7,3,20 ec 83 81 eb 8c 80,814,390,contains_whitespace,hangul;whitespace,True,
9472,merge, 살아야,' 살아야',10,4,20 ec 82 b4 ec 95 84 ec 95 bc,1741,412,contains_whitespace,hangul;whitespace,True,
9473,merge, 가난,' 가난',7,3,20 ea b0 80 eb 82 9c,485,615,contains_whitespace,hangul;whitespace,True,
9474,merge, 나누,' 나누',7,3,20 eb 82 98 eb 88 84,408,1745,contains_whitespace,hangul;whitespace,True,
9475,merge, 회상,' 회상',7,3,20 ed 9a 8c ec 83 81,3028,433,contains_whitespace,hangul;whitespace,True,
9476,merge,거같은데,'거같은데',12,4,ea b1 b0 ea b0 99 ec 9d 80 eb 8d b0,385,3397,,hangul,True,
9477,merge,와 그,'와 그',7,3,ec 99 80 20 ea b7 b8,509,359,contains_whitespace,hangul;whitespace,True,
9478,merge,겨지,'겨지',6,2,ea b2 a8 ec a7 80,974,286,,hangul,True,
9479,merge, 인식,' 인식',7,3,20 ec 9d b8 ec 8b 9d,580,882,contains_whitespace,hangul;whitespace,True,
9480,merge,,b'\x85\x84',2,0,85 84,137,136,invalid_utf8,invalid_utf8,False,'utf-8' codec can't decode byte 0x85 in position 0: invalid start byte
9481,merge, 엮,' 엮',4,2,20 ec 97 ae,315,178,contains_whitespace,hangul;whitespace,True,
9482,merge,지 말고,'지 말고',10,4,ec a7 80 20 eb a7 90 ea b3 a0,3014,277,contains_whitespace,hangul;whitespace,True,
9483,merge,을 거,'을 거',7,3,ec 9d 84 20 ea b1 b0,318,838,contains_whitespace,hangul;whitespace,True,
9484,merge, 만화책,' 만화책',10,4,20 eb a7 8c ed 99 94 ec b1 85,2091,2230,contains_whitespace,hangul;whitespace,True,
9485,merge, 우디,' 우디',7,3,20 ec 9a b0 eb 94 94,740,608,contains_whitespace,hangul;whitespace,True,
9486,merge,켰,'켰',3,1,ec bc b0,992,180,,hangul,True,
9487,merge,습니다!\n,'습니다!\n',11,5,ec 8a b5 eb 8b 88 eb 8b a4 21 0a,1082,582,contains_whitespace;control_char,control;hangul;punct_symbol;whitespace,True,
9488,merge,지 않게,'지 않게',10,4,ec a7 80 20 ec 95 8a ea b2 8c,642,319,contains_whitespace,hangul;whitespace,True,
9489,merge, 웃기는,' 웃기는',10,4,20 ec 9b 83 ea b8 b0 eb 8a 94,800,1561,contains_whitespace,hangul;whitespace,True,
9490,merge, 뭐랄까,' 뭐랄까',10,4,20 eb ad 90 eb 9e 84 ea b9 8c,723,3462,contains_whitespace,hangul;whitespace,True,
9491,merge, 좋더라,' 좋더라',10,4,20 ec a2 8b eb 8d 94 eb 9d bc,406,1385,contains_whitespace,hangul;whitespace,True,
9492,merge, 어우러진,' 어우러진',13,5,20 ec 96 b4 ec 9a b0 eb 9f ac ec a7 84,6708,422,contains_whitespace,hangul;whitespace,True,
9493,merge, 스포츠,' 스포츠',10,4,20 ec 8a a4 ed 8f ac ec b8 a0,5627,2467,contains_whitespace,hangul;whitespace,True,
9494,merge,다 이,'다 이',7,3,eb 8b a4 20 ec 9d b4,268,322,contains_whitespace,hangul;whitespace,True,
9495,merge,...ㅋㅋ,'...ㅋㅋ',9,5,2e 2e 2e e3 85 8b e3 85 8b,373,347,repeated_run,hangul;punct_symbol,True,
9496,merge,",.,.","',.,.'",4,4,2c 2e 2c 2e,3079,3079,,punct_symbol,True,
9497,merge, 보려,' 보려',7,3,20 eb b3 b4 eb a0 a4,357,512,contains_whitespace,hangul;whitespace,True,
9498,merge,빼고,'빼고',6,2,eb b9 bc ea b3 a0,4189,277,,hangul,True,
9499,merge, 간직,' 간직',7,3,20 ea b0 84 ec a7 81,1519,750,contains_whitespace,hangul;whitespace,True,
9500,merge,아이들이,'아이들이',12,4,ec 95 84 ec 9d b4 eb 93 a4 ec 9d b4,2151,593,,hangul,True,
9501,merge,저나,'저나',6,2,ec a0 80 eb 82 98,667,320,,hangul,True,
9502,merge,나쁘,'나쁘',6,2,eb 82 98 ec 81 98,320,1220,,hangul,True,
9503,merge, 자동,' 자동',7,3,20 ec 9e 90 eb 8f 99,293,8987,contains_whitespace,hangul;whitespace,True,
9504,merge, 들어서,' 들어서',10,4,20 eb 93 a4 ec 96 b4 ec 84 9c,988,875,contains_whitespace,hangul;whitespace,True,
9505,merge,동건,'동건',6,2,eb 8f 99 ea b1 b4,768,477,,hangul,True,
9506,merge, 듣보,' 듣보',7,3,20 eb 93 a3 eb b3 b4,2801,374,contains_whitespace,hangul;whitespace,True,
9507,merge,괴물,'괴물',6,2,ea b4 b4 eb ac bc,2301,745,,hangul,True,
9508,merge, 영화다.,' 영화다.',11,5,20 ec 98 81 ed 99 94 eb 8b a4 2e,305,369,contains_whitespace,hangul;punct_symbol;whitespace,True,
9509,merge, 형제,' 형제',7,3,20 ed 98 95 ec a0 9c,1793,510,contains_whitespace,hangul;whitespace,True,
9510,merge,테러,'테러',6,2,ed 85 8c eb 9f ac,1127,552,,hangul,True,
9511,merge,함도,'함도',6,2,ed 95 a8 eb 8f 84,528,296,,hangul,True,
9512,merge,저도 아닌,'저도 아닌',13,5,ec a0 80 eb 8f 84 20 ec 95 84 eb 8b 8c,667,3389,contains_whitespace,hangul;whitespace,True,
9513,merge, 제이슨,' 제이슨',10,4,20 ec a0 9c ec 9d b4 ec 8a a8,607,6095,contains_whitespace,hangul;whitespace,True,
9514,merge, 준다.\n,' 준다.\n',9,5,20 ec a4 80 eb 8b a4 2e 0a,1413,388,contains_whitespace;control_char,control;hangul;punct_symbol;whitespace,True,
9515,merge,다\n원작,'다\n원작',10,4,eb 8b a4 0a ec 9b 90 ec 9e 91,6050,423,contains_whitespace;control_char,control;hangul;whitespace,True,
9516,merge, 좋았을텐데,' 좋았을텐데',16,6,20 ec a2 8b ec 95 98 ec 9d 84 ed 85 90 eb 8d b0,860,2495,contains_whitespace,hangul;whitespace,True,
9517,merge,끝나,'끝나',6,2,eb 81 9d eb 82 98,1585,320,,hangul,True,
9518,merge, 에로물,' 에로물',10,4,20 ec 97 90 eb a1 9c eb ac bc,2855,745,contains_whitespace,hangul;whitespace,True,
9519,merge,돈으로,'돈으로',9,3,eb 8f 88 ec 9c bc eb a1 9c,1514,432,,hangul,True,
9520,merge,멋있,'멋있',6,2,eb a9 8b ec 9e 88,1885,421,,hangul,True,
9521,merge,어요...\n,'어요...\n',10,6,ec 96 b4 ec 9a 94 2e 2e 2e 0a,540,475,contains_whitespace;control_char;repeated_run,control;hangul;punct_symbol;whitespace,True,
9522,merge, 이해불가,' 이해불가',13,5,20 ec 9d b4 ed 95 b4 eb b6 88 ea b0 80,975,4267,contains_whitespace,hangul;whitespace,True,
9523,merge,상욱,'상욱',6,2,ec 83 81 ec 9a b1,433,1981,,hangul,True,
9524,merge,였습니다.\n,'였습니다.\n',14,6,ec 98 80 ec 8a b5 eb 8b 88 eb 8b a4 2e 0a,641,1287,contains_whitespace;control_char,control;hangul;punct_symbol;whitespace,True,
9525,merge, 민주,' 민주',7,3,20 eb af bc ec a3 bc,2235,428,contains_whitespace,hangul;whitespace,True,
9526,merge, 쓸데없이,' 쓸데없이',13,5,20 ec 93 b8 eb 8d b0 ec 97 86 ec 9d b4,4357,1109,contains_whitespace,hangul;whitespace,True,
9527,merge, 첨이,' 첨이',7,3,20 ec b2 a8 ec 9d b4,606,2192,contains_whitespace,hangul;whitespace,True,
9528,merge, 보시면,' 보시면',10,4,20 eb b3 b4 ec 8b 9c eb a9 b4,357,4727,contains_whitespace,hangul;whitespace,True,
9529,merge,들러,'들러',6,2,eb 93 a4 eb 9f ac,334,552,,hangul,True,
9530,merge,재밋음,'재밋음',9,3,ec 9e ac eb b0 8b ec 9d 8c,1689,370,,hangul,True,
9531,merge, 또 보고 싶,' 또 보고 싶',15,7,20 eb 98 90 20 eb b3 b4 ea b3 a0 20 ec 8b b6,962,2426,contains_whitespace,hangul;whitespace,True,
9532,merge,이 지나도,'이 지나도',13,5,ec 9d b4 20 ec a7 80 eb 82 98 eb 8f 84,2767,1824,contains_whitespace,hangul;whitespace,True,
9533,merge,지도 않은,'지도 않은',13,5,ec a7 80 eb 8f 84 20 ec 95 8a ec 9d 80,1566,313,contains_whitespace,hangul;whitespace,True,
9534,merge,Good,'Good',4,4,47 6f 6f 64,75,2723,,english,True,
9535,merge, 스티,' 스티',7,3,20 ec 8a a4 ed 8b b0,494,993,contains_whitespace,hangul;whitespace,True,
9536,merge,\n숨,'\n숨',4,2,0a ec 88 a8,4088,172,contains_whitespace;control_char,control;hangul;whitespace,True,
9537,merge,식의,'식의',6,2,ec 8b 9d ec 9d 98,882,310,,hangul,True,
9538,merge,뽀,'뽀',3,1,eb bd 80,3752,132,,hangul,True,
9539,merge, 설정은,' 설정은',10,4,20 ec 84 a4 ec a0 95 ec 9d 80,1893,313,contains_whitespace,hangul;whitespace,True,
9540,merge,레드,'레드',6,2,eb a0 88 eb 93 9c,572,462,,hangul,True,
9541,merge, 백배,' 백배',7,3,20 eb b0 b1 eb b0 b0,2228,1294,contains_whitespace,hangul;whitespace,True,
9542,merge, 처절,' 처절',7,3,20 ec b2 98 ec a0 88,2483,1000,contains_whitespace,hangul;whitespace,True,
9543,merge,라...,'라...',6,4,eb 9d bc 2e 2e 2e,330,373,repeated_run,hangul;punct_symbol,True,
9544,merge, 적은,' 적은',7,3,20 ec a0 81 ec 9d 80,1291,313,contains_whitespace,hangul;whitespace,True,
9545,merge,후의,'후의',6,2,ed 9b 84 ec 9d 98,1009,310,,hangul,True,
9546,merge,다\n그,'다\n그',7,3,eb 8b a4 0a ea b7 b8,402,460,contains_whitespace;control_char,control;hangul;whitespace,True,
9547,merge, 여자들이,' 여자들이',13,5,20 ec 97 ac ec 9e 90 eb 93 a4 ec 9d b4,1149,593,contains_whitespace,hangul;whitespace,True,
9548,merge,찾아,'찾아',6,2,ec b0 be ec 95 84,3230,338,,hangul,True,
9549,merge, 만남,' 만남',7,3,20 eb a7 8c eb 82 a8,458,855,contains_whitespace,hangul;whitespace,True,
9550,merge,을 하는,'을 하는',10,4,ec 9d 84 20 ed 95 98 eb 8a 94,318,1124,contains_whitespace,hangul;whitespace,True,
9551,merge, 이해가 안가,' 이해가 안가',17,7,20 ec 9d b4 ed 95 b4 ea b0 80 20 ec 95 88 ea b0 80,3335,290,contains_whitespace,hangul;whitespace,True,
9552,merge, 아무도,' 아무도',10,4,20 ec 95 84 eb ac b4 eb 8f 84,1379,296,contains_whitespace,hangul;whitespace,True,
9553,merge, 재미있었음,' 재미있었음',16,6,20 ec 9e ac eb af b8 ec 9e 88 ec 97 88 ec 9d 8c,771,1926,contains_whitespace,hangul;whitespace,True,
9554,merge,모르고,'모르고',9,3,eb aa a8 eb a5 b4 ea b3 a0,2689,277,,hangul,True,
9555,merge,야..,'야..',5,3,ec 95 bc 2e 2e,412,266,,hangul;punct_symbol,True,
9556,merge, 사라진,' 사라진',10,4,20 ec 82 ac eb 9d bc ec a7 84,3051,422,contains_whitespace,hangul;whitespace,True,
9557,merge, 안보는게,' 안보는게',13,5,20 ec 95 88 eb b3 b4 eb 8a 94 ea b2 8c,2015,1584,contains_whitespace,hangul;whitespace,True,
9558,merge,썩,'썩',3,1,ec 8d a9,3310,173,,hangul,True,
9559,merge, 뭐지?,' 뭐지?',8,4,20 eb ad 90 ec a7 80 3f,723,1772,contains_whitespace,hangul;punct_symbol;whitespace,True,
9560,merge,\n좋아요,'\n좋아요',10,4,0a ec a2 8b ec 95 84 ec 9a 94,1884,1568,contains_whitespace;control_char,control;hangul;whitespace,True,
9561,merge,진영,'진영',6,2,ec a7 84 ec 98 81,422,791,,hangul,True,
9562,merge, 감독도,' 감독도',10,4,20 ea b0 90 eb 8f 85 eb 8f 84,741,296,contains_whitespace,hangul;whitespace,True,
9563,merge,,b'\xac\x90',2,0,ac 90,176,148,invalid_utf8,invalid_utf8,False,'utf-8' codec can't decode byte 0xac in position 0: invalid start byte
9564,merge,\n어설,'\n어설',7,3,0a ec 96 b4 ec 84 a4,1492,877,contains_whitespace;control_char,control;hangul;whitespace,True,
9565,merge," 액션,","' 액션,'",8,4,20 ec 95 a1 ec 85 98 2c,936,48,contains_whitespace,hangul;punct_symbol;whitespace,True,
9566,merge, 안무섭,' 안무섭',10,4,20 ec 95 88 eb ac b4 ec 84 ad,5093,1503,contains_whitespace,hangul;whitespace,True,
9567,merge, 장면도,' 장면도',10,4,20 ec 9e a5 eb a9 b4 eb 8f 84,1008,296,contains_whitespace,hangul;whitespace,True,
9568,merge,,b'\xac\xeb\x90',3,0,ac eb 90,294,148,invalid_utf8,invalid_utf8,False,'utf-8' codec can't decode byte 0xac in position 0: invalid start byte
9569,merge, 아들이,' 아들이',10,4,20 ec 95 84 eb 93 a4 ec 9d b4,349,593,contains_whitespace,hangul;whitespace,True,
9570,merge, 우승,' 우승',7,3,20 ec 9a b0 ec 8a b9,740,1529,contains_whitespace,hangul;whitespace,True,
9571,merge,덥,'덥',3,1,eb 8d a5,316,169,,hangul,True,
9572,merge,,b'\x8c\x80\xec\x9d\x98',5,0,8c 80 ec 9d 98,350,310,invalid_utf8,invalid_utf8,False,'utf-8' codec can't decode byte 0x8c in position 0: invalid start byte
9573,merge,에 충실,'에 충실',10,4,ec 97 90 20 ec b6 a9 ec 8b a4,300,7570,contains_whitespace,hangul;whitespace,True,
9574,merge, 느낌\n,' 느낌\n',8,4,20 eb 8a 90 eb 82 8c 0a,1148,14,contains_whitespace;control_char,control;hangul;whitespace,True,
9575,merge,탄탄,'탄탄',6,2,ed 83 84 ed 83 84,1403,1403,,hangul,True,
9576,merge, 이해가 안간,' 이해가 안간',17,7,20 ec 9d b4 ed 95 b4 ea b0 80 20 ec 95 88 ea b0 84,3335,442,contains_whitespace,hangul;whitespace,True,
9577,merge, 재밌을,' 재밌을',10,4,20 ec 9e ac eb b0 8c ec 9d 84,521,318,contains_whitespace,hangul;whitespace,True,
9578,merge,유쾌하고,'유쾌하고',12,4,ec 9c a0 ec be 8c ed 95 98 ea b3 a0,3992,437,,hangul,True,
9579,merge,,b'\xac\xeb\xa0\xb8',4,0,ac eb a0 b8,1408,188,invalid_utf8,invalid_utf8,False,'utf-8' codec can't decode byte 0xac in position 0: invalid start byte
9580,merge, you,' you',4,4,20 79 6f 75,36,6687,contains_whitespace,english;whitespace,True,
9581,merge, 2편도,' 2편도',8,4,20 32 ed 8e b8 eb 8f 84,3551,296,contains_whitespace,digit;hangul;whitespace,True,
9582,merge, 헌,' 헌',4,2,20 ed 97 8c,796,144,contains_whitespace,hangul;whitespace,True,
9583,merge, 쏴,' 쏴',4,2,20 ec 8f b4,2614,184,contains_whitespace,hangul;whitespace,True,
9584,merge, 졸업,' 졸업',7,3,20 ec a1 b8 ec 97 85,1218,1661,contains_whitespace,hangul;whitespace,True,
9585,merge, 아기자기,' 아기자기',13,5,20 ec 95 84 ea b8 b0 ec 9e 90 ea b8 b0,6130,1782,contains_whitespace,hangul;whitespace,True,
9586,merge, 뚝,' 뚝',4,2,20 eb 9a 9d,4410,161,contains_whitespace,hangul;whitespace,True,
9587,merge,겉,'겉',3,1,ea b2 89,282,141,,hangul,True,
9588,merge,기보단,'기보단',9,3,ea b8 b0 eb b3 b4 eb 8b a8,303,2120,,hangul,True,
9589,merge,어요~\n,'어요~\n',8,4,ec 96 b4 ec 9a 94 7e 0a,540,943,contains_whitespace;control_char,control;hangul;punct_symbol;whitespace,True,
9590,merge, 그들이,' 그들이',10,4,20 ea b7 b8 eb 93 a4 ec 9d b4,359,593,contains_whitespace,hangul;whitespace,True,
9591,merge, 바다,' 바다',7,3,20 eb b0 94 eb 8b a4,833,268,contains_whitespace,hangul;whitespace,True,
9592,merge,은...,'은...',6,4,ec 9d 80 2e 2e 2e,313,373,repeated_run,hangul;punct_symbol,True,
9593,merge,1편보다,'1편보다',10,4,31 ed 8e b8 eb b3 b4 eb 8b a4,2493,691,,digit;hangul,True,
9594,merge,식상,'식상',6,2,ec 8b 9d ec 83 81,882,433,,hangul,True,
9595,merge,,b'\x84\x88\xeb\xac\xb4',5,0,84 88 eb ac b4,136,391,invalid_utf8,invalid_utf8,False,'utf-8' codec can't decode byte 0x84 in position 0: invalid start byte
9596,merge,흥미로운,'흥미로운',12,4,ed 9d a5 eb af b8 eb a1 9c ec 9a b4,4089,2930,,hangul,True,
9597,merge, 순수하고,' 순수하고',13,5,20 ec 88 9c ec 88 98 ed 95 98 ea b3 a0,2667,437,contains_whitespace,hangul;whitespace,True,
9598,merge,기 위해,'기 위해',10,4,ea b8 b0 20 ec 9c 84 ed 95 b4,303,2470,contains_whitespace,hangul;whitespace,True,
9599,merge,촬영,'촬영',6,2,ec b4 ac ec 98 81,1205,2893,,hangul,True,
9600,merge,의 영화가,'의 영화가',13,5,ec 9d 98 20 ec 98 81 ed 99 94 ea b0 80,830,290,contains_whitespace,hangul;whitespace,True,
9601,merge,할말이,'할말이',9,3,ed 95 a0 eb a7 90 ec 9d b4,478,1172,,hangul,True,
9602,merge, 밀려,' 밀려',7,3,20 eb b0 80 eb a0 a4,3818,512,contains_whitespace,hangul;whitespace,True,
9603,merge,지 않았다.,'지 않았다.',14,6,ec a7 80 20 ec 95 8a ec 95 98 eb 8b a4 2e,2238,369,contains_whitespace,hangul;punct_symbol;whitespace,True,
9604,merge,유명,'유명',6,2,ec 9c a0 eb aa 85,664,713,,hangul,True,
9605,merge,이다 ,'이다 ',7,3,ec 9d b4 eb 8b a4 20,267,896,contains_whitespace,hangul;whitespace,True,
9606,merge,,b'\xb1\x89',2,0,b1 89,181,141,invalid_utf8,invalid_utf8,False,'utf-8' codec can't decode byte 0xb1 in position 0: invalid start byte
9607,merge, 알바들,' 알바들',10,4,20 ec 95 8c eb b0 94 eb 93 a4,1801,334,contains_whitespace,hangul;whitespace,True,
9608,merge, 스타뎀,' 스타뎀',10,4,20 ec 8a a4 ed 83 80 eb 8e 80,2259,5538,contains_whitespace,hangul;whitespace,True,
9609,merge,겨운,'겨운',6,2,ea b2 a8 ec 9a b4,974,492,,hangul,True,
9610,merge, 봤는데 너무,' 봤는데 너무',17,7,20 eb b4 a4 eb 8a 94 eb 8d b0 20 eb 84 88 eb ac b4,841,452,contains_whitespace,hangul;whitespace,True,
9611,merge,의 미모,'의 미모',10,4,ec 9d 98 20 eb af b8 eb aa a8,310,4126,contains_whitespace,hangul;whitespace,True,
9612,merge,제국,'제국',6,2,ec a0 9c ea b5 ad,510,538,,hangul,True,
9613,merge,들이나,'들이나',9,3,eb 93 a4 ec 9d b4 eb 82 98,593,320,,hangul,True,
9614,merge,,b'\xbd\x95',2,0,bd 95,193,153,invalid_utf8,invalid_utf8,False,'utf-8' codec can't decode byte 0xbd in position 0: invalid start byte
9615,merge, 여운을 남,' 여운을 남',14,6,20 ec 97 ac ec 9a b4 ec 9d 84 20 eb 82 a8,1642,5541,contains_whitespace,hangul;whitespace,True,
9616,merge, 곡,' 곡',4,2,20 ea b3 a1,1635,165,contains_whitespace,hangul;whitespace,True,
9617,merge,퀄,'퀄',3,1,ed 80 84,3254,136,,hangul,True,
9618,merge,,b'\x8d\x94',2,0,8d 94,145,152,invalid_utf8,invalid_utf8,False,'utf-8' codec can't decode byte 0x8d in position 0: invalid start byte
9619,merge,의 모습이,'의 모습이',13,5,ec 9d 98 20 eb aa a8 ec 8a b5 ec 9d b4,2825,267,contains_whitespace,hangul;whitespace,True,
9620,merge,하시길,'하시길',9,3,ed 95 98 ec 8b 9c ea b8 b8,289,1894,,hangul,True,
9621,merge,지면,'지면',6,2,ec a7 80 eb a9 b4,286,356,,hangul,True,
9622,merge, 설경,' 설경',7,3,20 ec 84 a4 ea b2 bd,1130,870,contains_whitespace,hangul;whitespace,True,
9623,merge,가운,'가운',6,2,ea b0 80 ec 9a b4,290,492,,hangul,True,
9624,merge,다\n중,'다\n중',7,3,eb 8b a4 0a ec a4 91,806,7927,contains_whitespace;control_char,control;hangul;whitespace,True,
9625,merge, 진짜 대박,' 진짜 대박',14,6,20 ec a7 84 ec a7 9c 20 eb 8c 80 eb b0 95,601,1717,contains_whitespace,hangul;whitespace,True,
9626,merge,액,'액',3,1,ec 95 a1,283,165,,hangul,True,
9627,merge,껴서,'껴서',6,2,ea bb b4 ec 84 9c,1404,321,,hangul,True,
9628,merge, 똑같이,' 똑같이',10,4,20 eb 98 91 ea b0 99 ec 9d b4,2485,2056,contains_whitespace,hangul;whitespace,True,
9629,merge,극히,'극히',6,2,ea b7 b9 ed 9e 88,953,503,,hangul,True,
9630,merge,을 감,'을 감',7,3,ec 9d 84 20 ea b0 90,318,808,contains_whitespace,hangul;whitespace,True,
9631,merge,에서 하길래,'에서 하길래',16,6,ec 97 90 ec 84 9c 20 ed 95 98 ea b8 b8 eb 9e 98,463,6556,contains_whitespace,hangul;whitespace,True,
9632,merge, 막상,' 막상',7,3,20 eb a7 89 ec 83 81,1231,433,contains_whitespace,hangul;whitespace,True,
9633,merge,템,'템',3,1,ed 85 9c,831,160,,hangul,True,
9634,merge,정보,'정보',6,2,ec a0 95 eb b3 b4,395,374,,hangul,True,
9635,merge,리슨,'리슨',6,2,eb a6 ac ec 8a a8,332,888,,hangul,True,
9636,merge,고래,'고래',6,2,ea b3 a0 eb 9e 98,277,525,,hangul,True,
9637,merge,재미도 없고,'재미도 없고',16,6,ec 9e ac eb af b8 eb 8f 84 20 ec 97 86 ea b3 a0,678,1447,contains_whitespace,hangul;whitespace,True,
9638,merge, 언제까지,' 언제까지',13,5,20 ec 96 b8 ec a0 9c ea b9 8c ec a7 80,2263,634,contains_whitespace,hangul;whitespace,True,
9639,merge,. 진짜,'. 진짜',8,4,2e 20 ec a7 84 ec a7 9c,50,601,contains_whitespace,hangul;punct_symbol;whitespace,True,
9640,merge,때문에 1점,'때문에 1점',14,6,eb 95 8c eb ac b8 ec 97 90 20 31 ec a0 90,1527,1105,contains_whitespace,digit;hangul;whitespace,True,
9641,merge, 듬,' 듬',4,2,20 eb 93 ac,450,176,contains_whitespace,hangul;whitespace,True,
9642,merge, 존재하는,' 존재하는',13,5,20 ec a1 b4 ec 9e ac ed 95 98 eb 8a 94,2560,504,contains_whitespace,hangul;whitespace,True,
9643,merge, 노튼,' 노튼',7,3,20 eb 85 b8 ed 8a bc,906,1987,contains_whitespace,hangul;whitespace,True,
9644,merge, 보지 마,' 보지 마',11,5,20 eb b3 b4 ec a7 80 20 eb a7 88,357,3378,contains_whitespace,hangul;whitespace,True,
9645,merge, 저평가,' 저평가',10,4,20 ec a0 80 ed 8f 89 ea b0 80,810,3284,contains_whitespace,hangul;whitespace,True,
9646,merge, 안맞는,' 안맞는',10,4,20 ec 95 88 eb a7 9e eb 8a 94,568,4299,contains_whitespace,hangul;whitespace,True,
9647,merge,해?,'해?',4,2,ed 95 b4 3f,355,67,,hangul;punct_symbol,True,
9648,merge,줄거,'줄거',6,2,ec a4 84 ea b1 b0,840,385,,hangul,True,
9649,merge, 나열,' 나열',7,3,20 eb 82 98 ec 97 b4,408,1939,contains_whitespace,hangul;whitespace,True,
9650,merge,실제,'실제',6,2,ec 8b a4 ec a0 9c,604,510,,hangul,True,
9651,merge,함?,'함?',4,2,ed 95 a8 3f,528,67,,hangul;punct_symbol,True,
9652,merge,am,'am',2,2,61 6d,101,113,,english,True,
9653,merge,의 가,'의 가',7,3,ec 9d 98 20 ea b0 80,310,485,contains_whitespace,hangul;whitespace,True,
9654,merge, 직업,' 직업',7,3,20 ec a7 81 ec 97 85,2662,1661,contains_whitespace,hangul;whitespace,True,
9655,merge,서히,'서히',6,2,ec 84 9c ed 9e 88,321,503,,hangul,True,
9656,merge, //,' //',3,3,20 2f 2f,36,3278,contains_whitespace,punct_symbol;whitespace,True,
9657,merge, 여친,' 여친',7,3,20 ec 97 ac ec b9 9c,622,1039,contains_whitespace,hangul;whitespace,True,
9658,merge,묘한,'묘한',6,2,eb ac 98 ed 95 9c,4432,304,,hangul,True,
9659,merge,젊,'젊',3,1,ec a0 8a,278,142,,hangul,True,
9660,merge,줄거리,'줄거리',9,3,ec a4 84 ea b1 b0 eb a6 ac,840,1882,,hangul,True,
9661,merge, 배우는,' 배우는',10,4,20 eb b0 b0 ec 9a b0 eb 8a 94,735,272,contains_whitespace,hangul;whitespace,True,
9662,merge,뤄,'뤄',3,1,eb a4 84,5396,136,,hangul,True,
9663,merge, 40,' 40',3,3,20 34 30,1540,52,contains_whitespace,digit;whitespace,True,
9664,merge, 꿀,' 꿀',4,2,20 ea bf 80,1749,132,contains_whitespace,hangul;whitespace,True,
9665,merge, 재밌어요\n,' 재밌어요\n',14,6,20 ec 9e ac eb b0 8c ec 96 b4 ec 9a 94 0a,521,1547,contains_whitespace;control_char,control;hangul;whitespace,True,
9666,merge,들은 다,'들은 다',10,4,eb 93 a4 ec 9d 80 20 eb 8b a4,917,416,contains_whitespace,hangul;whitespace,True,
9667,merge, 엉성하고,' 엉성하고',13,5,20 ec 97 89 ec 84 b1 ed 95 98 ea b3 a0,2597,437,contains_whitespace,hangul;whitespace,True,
9668,merge, 스펙,' 스펙',7,3,20 ec 8a a4 ed 8e 99,494,5406,contains_whitespace,hangul;whitespace,True,
9669,merge,안가,'안가',6,2,ec 95 88 ea b0 80,699,290,,hangul,True,
9670,merge,인기,'인기',6,2,ec 9d b8 ea b8 b0,341,303,,hangul,True,
9671,merge,종영,'종영',6,2,ec a2 85 ec 98 81,1541,791,,hangul,True,
9672,merge,\n최고다,'\n최고다',10,4,0a ec b5 9c ea b3 a0 eb 8b a4,1675,268,contains_whitespace;control_char,control;hangul;whitespace,True,
9673,merge, 따뜻해지는 영화,' 따뜻해지는 영화',23,9,20 eb 94 b0 eb 9c bb ed 95 b4 ec a7 80 eb 8a 94 20 ec 98 81 ed 99 94,1815,5209,contains_whitespace,hangul;whitespace,True,
9674,merge, 천국,' 천국',7,3,20 ec b2 9c ea b5 ad,1857,538,contains_whitespace,hangul;whitespace,True,
9675,merge,국가,'국가',6,2,ea b5 ad ea b0 80,538,290,,hangul,True,
9676,merge,하는 장면,'하는 장면',13,5,ed 95 98 eb 8a 94 20 ec 9e a5 eb a9 b4,504,1008,contains_whitespace,hangul;whitespace,True,
9677,merge, 감동도 있고,' 감동도 있고',17,7,20 ea b0 90 eb 8f 99 eb 8f 84 20 ec 9e 88 ea b3 a0,680,3377,contains_whitespace,hangul;whitespace,True,
9678,merge,간히,'간히',6,2,ea b0 84 ed 9e 88,442,503,,hangul,True,
9679,merge,대중,'대중',6,2,eb 8c 80 ec a4 91,390,559,,hangul,True,
9680,merge,..\n원,'..\n원',6,4,2e 2e 0a ec 9b 90,1328,4487,contains_whitespace;control_char,control;hangul;punct_symbol;whitespace,True,
9681,merge,어쩔,'어쩔',6,2,ec 96 b4 ec a9 94,327,4971,,hangul,True,
9682,merge,줬으면,'줬으면',9,3,ec a4 ac ec 9c bc eb a9 b4,2650,826,,hangul,True,
9683,merge,에다,'에다',6,2,ec 97 90 eb 8b a4,300,268,,hangul,True,
9684,merge,자극,'자극',6,2,ec 9e 90 ea b7 b9,392,953,,hangul,True,
9685,merge, 폰,' 폰',4,2,20 ed 8f b0,924,180,contains_whitespace,hangul;whitespace,True,
9686,merge, 생각으로,' 생각으로',13,5,20 ec 83 9d ea b0 81 ec 9c bc eb a1 9c,581,432,contains_whitespace,hangul;whitespace,True,
9687,merge, 담백,' 담백',7,3,20 eb 8b b4 eb b0 b1,1582,1943,contains_whitespace,hangul;whitespace,True,
9688,merge, 버려,' 버려',7,3,20 eb b2 84 eb a0 a4,1464,512,contains_whitespace,hangul;whitespace,True,
9689,merge, 꿈꾸,' 꿈꾸',7,3,20 ea bf 88 ea be b8,2449,1811,contains_whitespace,hangul;whitespace,True,
9690,merge, 좋음\n,' 좋음\n',8,4,20 ec a2 8b ec 9d 8c 0a,406,957,contains_whitespace;control_char,control;hangul;whitespace,True,
9691,merge,벌써,'벌써',6,2,eb b2 8c ec 8d a8,3403,1682,,hangul,True,
9692,merge,통쾌,'통쾌',6,2,ed 86 b5 ec be 8c,1336,1323,,hangul,True,
9693,merge,들어서,'들어서',9,3,eb 93 a4 ec 96 b4 ec 84 9c,334,875,,hangul,True,
9694,merge, 실수,' 실수',7,3,20 ec 8b a4 ec 88 98,851,415,contains_whitespace,hangul;whitespace,True,
9695,merge,였지만,'였지만',9,3,ec 98 80 ec a7 80 eb a7 8c,641,436,,hangul,True,
9696,merge,액션도,'액션도',9,3,ec 95 a1 ec 85 98 eb 8f 84,1559,296,,hangul,True,
9697,merge,드럽게,'드럽게',9,3,eb 93 9c eb 9f bd ea b2 8c,462,1969,,hangul,True,
9698,merge, 스릴러물,' 스릴러물',13,5,20 ec 8a a4 eb a6 b4 eb 9f ac eb ac bc,5673,794,contains_whitespace,hangul;whitespace,True,
9699,merge," ,,","' ,,'",3,3,20 2c 2c,36,764,contains_whitespace,punct_symbol;whitespace,True,
9700,merge, 나온다,' 나온다',10,4,20 eb 82 98 ec 98 a8 eb 8b a4,1427,268,contains_whitespace,hangul;whitespace,True,
9701,merge,123,'123',3,3,31 32 33,3185,55,,digit,True,
9702,merge, 비행기,' 비행기',10,4,20 eb b9 84 ed 96 89 ea b8 b0,6106,303,contains_whitespace,hangul;whitespace,True,
9703,merge,매이션,'매이션',9,3,eb a7 a4 ec 9d b4 ec 85 98,1081,5019,,hangul,True,
9704,merge, 완성,' 완성',7,3,20 ec 99 84 ec 84 b1,1522,500,contains_whitespace,hangul;whitespace,True,
9705,merge, 죽여버,' 죽여버',10,4,20 ec a3 bd ec 97 ac eb b2 84,932,7286,contains_whitespace,hangul;whitespace,True,
9706,merge,지루해,'지루해',9,3,ec a7 80 eb a3 a8 ed 95 b4,1299,355,,hangul,True,
9707,merge, 타이틀,' 타이틀',10,4,20 ed 83 80 ec 9d b4 ed 8b 80,5691,2691,contains_whitespace,hangul;whitespace,True,
9708,merge, 배가,' 배가',7,3,20 eb b0 b0 ea b0 80,1069,290,contains_whitespace,hangul;whitespace,True,
9709,merge, 무난,' 무난',7,3,20 eb ac b4 eb 82 9c,554,615,contains_whitespace,hangul;whitespace,True,
9710,merge,크를,'크를',6,2,ed 81 ac eb a5 bc,2778,829,,hangul,True,
9711,merge,어야 했,'어야 했',10,4,ec 96 b4 ec 95 bc 20 ed 96 88,1481,1002,contains_whitespace,hangul;whitespace,True,
9712,merge,설명,'설명',6,2,ec 84 a4 eb aa 85,877,713,,hangul,True,
9713,merge,감동적,'감동적',9,3,ea b0 90 eb 8f 99 ec a0 81,1175,417,,hangul,True,
9714,merge, 보기가,' 보기가',10,4,20 eb b3 b4 ea b8 b0 ea b0 80,1233,290,contains_whitespace,hangul;whitespace,True,
9715,merge,,b'\xec\xa0\x88\xeb',4,0,ec a0 88 eb,278,306,invalid_utf8,invalid_utf8,False,'utf-8' codec can't decode byte 0xeb in position 3: unexpected end of data
9716,merge,윌,'윌',3,1,ec 9c 8c,342,144,,hangul,True,
9717,merge,승우,'승우',6,2,ec 8a b9 ec 9a b0,1529,404,,hangul,True,
9718,merge,\n처음부터 끝까지,'\n처음부터 끝까지',23,9,0a ec b2 98 ec 9d 8c eb b6 80 ed 84 b0 20 eb 81 9d ea b9 8c ec a7 80,2623,3189,contains_whitespace;control_char,control;hangul;whitespace,True,
9719,merge, 다른 영화,' 다른 영화',14,6,20 eb 8b a4 eb a5 b8 20 ec 98 81 ed 99 94,1277,305,contains_whitespace,hangul;whitespace,True,
9720,merge,의 연기력이,'의 연기력이',16,6,ec 9d 98 20 ec 97 b0 ea b8 b0 eb a0 a5 ec 9d b4,1488,2252,contains_whitespace,hangul;whitespace,True,
9721,merge,고싶은,'고싶은',9,3,ea b3 a0 ec 8b b6 ec 9d 80,1798,313,,hangul,True,
9722,merge,받았,'받았',6,2,eb b0 9b ec 95 98,1285,467,,hangul,True,
9723,merge, 뭣,' 뭣',4,2,20 eb ad a3,562,167,contains_whitespace,hangul;whitespace,True,
9724,merge, 인종,' 인종',7,3,20 ec 9d b8 ec a2 85,580,1541,contains_whitespace,hangul;whitespace,True,
9725,merge, 그 이하,' 그 이하',11,5,20 ea b7 b8 20 ec 9d b4 ed 95 98,359,4087,contains_whitespace,hangul;whitespace,True,
9726,merge, 말투,' 말투',7,3,20 eb a7 90 ed 88 ac,597,1744,contains_whitespace,hangul;whitespace,True,
9727,merge, 개똥,' 개똥',7,3,20 ea b0 9c eb 98 a5,618,3052,contains_whitespace,hangul;whitespace,True,
9728,merge, 든다.\n,' 든다.\n',9,5,20 eb 93 a0 eb 8b a4 2e 0a,3035,388,contains_whitespace;control_char,control;hangul;punct_symbol;whitespace,True,
9729,merge,하고도,'하고도',9,3,ed 95 98 ea b3 a0 eb 8f 84,437,296,,hangul,True,
9730,merge, 봤네요.,' 봤네요.',11,5,20 eb b4 a4 eb 84 a4 ec 9a 94 2e,480,1101,contains_whitespace,hangul;punct_symbol;whitespace,True,
9731,merge,독립영화,'독립영화',12,4,eb 8f 85 eb a6 bd ec 98 81 ed 99 94,5471,367,,hangul,True,
9732,merge,신고\n,'신고\n',7,3,ec 8b a0 ea b3 a0 0a,545,2968,contains_whitespace;control_char,control;hangul;whitespace,True,
9733,merge,형제,'형제',6,2,ed 98 95 ec a0 9c,1116,510,,hangul,True,
9734,merge,싹,'싹',3,1,ec 8b b9,307,189,,hangul,True,
9735,merge, 헬,' 헬',4,2,20 ed 97 ac,796,176,contains_whitespace,hangul;whitespace,True,
9736,merge, 옳,' 옳',4,2,20 ec 98 b3,456,183,contains_whitespace,hangul;whitespace,True,
9737,merge, 하이틴,' 하이틴',10,4,20 ed 95 98 ec 9d b4 ed 8b b4,5948,2950,contains_whitespace,hangul;whitespace,True,
9738,merge, 동영상,' 동영상',10,4,20 eb 8f 99 ec 98 81 ec 83 81,1067,3539,contains_whitespace,hangul;whitespace,True,
9739,merge,을지도,'을지도',9,3,ec 9d 84 ec a7 80 eb 8f 84,318,973,,hangul,True,
9740,merge, 시즌3,' 시즌3',8,4,20 ec 8b 9c ec a6 8c 33,2988,55,contains_whitespace,digit;hangul;whitespace,True,
9741,merge, 어디가,' 어디가',10,4,20 ec 96 b4 eb 94 94 ea b0 80,1657,290,contains_whitespace,hangul;whitespace,True,
9742,merge,펑펑,'펑펑',6,2,ed 8e 91 ed 8e 91,3083,3083,,hangul,True,
9743,merge, 2편은,' 2편은',8,4,20 32 ed 8e b8 ec 9d 80,809,2967,contains_whitespace,digit;hangul;whitespace,True,
9744,merge, 줄 모르고,' 줄 모르고',14,6,20 ec a4 84 20 eb aa a8 eb a5 b4 ea b3 a0,1160,3593,contains_whitespace,hangul;whitespace,True,
9745,merge,소장,'소장',6,2,ec 86 8c ec 9e a5,595,425,,hangul,True,
9746,merge,드라마는,'드라마는',12,4,eb 93 9c eb 9d bc eb a7 88 eb 8a 94,1214,272,,hangul,True,
9747,merge, 이해 못,' 이해 못',11,5,20 ec 9d b4 ed 95 b4 20 eb aa bb,975,588,contains_whitespace,hangul;whitespace,True,
9748,merge,희가,'희가',6,2,ed 9d ac ea b0 80,1411,290,,hangul,True,
9749,merge,갔다,'갔다',6,2,ea b0 94 eb 8b a4,2390,268,,hangul,True,
9750,merge,한 연출,'한 연출',10,4,ed 95 9c 20 ec 97 b0 ec b6 9c,304,1033,contains_whitespace,hangul;whitespace,True,
9751,merge,야.,'야.',4,2,ec 95 bc 2e,412,50,,hangul;punct_symbol,True,
9752,merge,하기엔,'하기엔',9,3,ed 95 98 ea b8 b0 ec 97 94,1106,876,,hangul,True,
9753,merge, 걸로,' 걸로',7,3,20 ea b1 b8 eb a1 9c,1232,325,contains_whitespace,hangul;whitespace,True,
9754,merge,도 그렇고,'도 그렇고',13,5,eb 8f 84 20 ea b7 b8 eb a0 87 ea b3 a0,296,5635,contains_whitespace,hangul;whitespace,True,
9755,merge,3점,'3점',4,2,33 ec a0 90,55,366,,digit;hangul,True,
9756,merge, 방황,' 방황',7,3,20 eb b0 a9 ed 99 a9,1304,1331,contains_whitespace,hangul;whitespace,True,
9757,merge,\n감독,'\n감독',7,3,0a ea b0 90 eb 8f 85,14,1053,contains_whitespace;control_char,control;hangul;whitespace,True,
9758,merge, 앙,' 앙',4,2,20 ec 95 99,295,157,contains_whitespace,hangul;whitespace,True,
9759,merge, 극장가서,' 극장가서',13,5,20 ea b7 b9 ec 9e a5 ea b0 80 ec 84 9c,1468,2747,contains_whitespace,hangul;whitespace,True,
9760,merge,원생,'원생',6,2,ec 9b 90 ec 83 9d,736,592,,hangul,True,
9761,merge, 잊혀지지 않는,' 잊혀지지 않는',20,8,20 ec 9e 8a ed 98 80 ec a7 80 ec a7 80 20 ec 95 8a eb 8a 94,4005,1476,contains_whitespace,hangul;whitespace,True,
9762,merge, 캐릭터가,' 캐릭터가',13,5,20 ec ba 90 eb a6 ad ed 84 b0 ea b0 80,1571,290,contains_whitespace,hangul;whitespace,True,
9763,merge, 살아있,' 살아있',10,4,20 ec 82 b4 ec 95 84 ec 9e 88,1741,421,contains_whitespace,hangul;whitespace,True,
9764,merge,뿌,'뿌',3,1,eb bf 8c,3680,144,,hangul,True,
9765,merge,\n어디,'\n어디',7,3,0a ec 96 b4 eb 94 94,1492,608,contains_whitespace;control_char,control;hangul;whitespace,True,
9766,merge, 장면을,' 장면을',10,4,20 ec 9e a5 eb a9 b4 ec 9d 84,1008,318,contains_whitespace,hangul;whitespace,True,
9767,merge, 수준급,' 수준급',10,4,20 ec 88 98 ec a4 80 ea b8 89,1397,910,contains_whitespace,hangul;whitespace,True,
9768,merge,만 들,'만 들',7,3,eb a7 8c 20 eb 93 a4,328,988,contains_whitespace,hangul;whitespace,True,
9769,merge, 빠졌,' 빠졌',7,3,20 eb b9 a0 ec a1 8c,1251,1348,contains_whitespace,hangul;whitespace,True,
9770,merge, 삭제,' 삭제',7,3,20 ec 82 ad ec a0 9c,6967,510,contains_whitespace,hangul;whitespace,True,
9771,merge, 100%,' 100%',5,5,20 31 30 30 25,3159,41,contains_whitespace,digit;punct_symbol;whitespace,True,
9772,merge, 아쉽다.,' 아쉽다.',11,5,20 ec 95 84 ec 89 bd eb 8b a4 2e,1605,369,contains_whitespace,hangul;punct_symbol;whitespace,True,
9773,merge, 선정,' 선정',7,3,20 ec 84 a0 ec a0 95,1262,395,contains_whitespace,hangul;whitespace,True,
9774,merge,역대급,'역대급',9,3,ec 97 ad eb 8c 80 ea b8 89,5138,910,,hangul,True,
9775,merge,원작을,'원작을',9,3,ec 9b 90 ec 9e 91 ec 9d 84,3734,318,,hangul,True,
9776,merge,치노,'치노',6,2,ec b9 98 eb 85 b8,516,820,,hangul,True,
9777,merge, 하다가,' 하다가',10,4,20 ed 95 98 eb 8b a4 ea b0 80,411,827,contains_whitespace,hangul;whitespace,True,
9778,merge,음 좋겠,'음 좋겠',10,4,ec 9d 8c 20 ec a2 8b ea b2 a0,370,1874,contains_whitespace,hangul;whitespace,True,
9779,merge,여름,'여름',6,2,ec 97 ac eb a6 84,270,4960,,hangul,True,
9780,merge,밖에 못,'밖에 못',10,4,eb b0 96 ec 97 90 20 eb aa bb,1698,588,contains_whitespace,hangul;whitespace,True,
9781,merge, 매미OO,' 매미OO',9,5,20 eb a7 a4 eb af b8 4f 4f,7383,824,contains_whitespace,english;hangul;whitespace,True,
9782,merge, 심리를,' 심리를',10,4,20 ec 8b ac eb a6 ac eb a5 bc,358,6062,contains_whitespace,hangul;whitespace,True,
9783,merge, 섬뜩,' 섬뜩',7,3,20 ec 84 ac eb 9c a9,9250,6963,contains_whitespace,hangul;whitespace,True,
9784,merge,테이큰,'테이큰',9,3,ed 85 8c ec 9d b4 ed 81 b0,5654,3382,,hangul,True,
9785,merge,건 처음,'건 처음',10,4,ea b1 b4 20 ec b2 98 ec 9d 8c,477,987,contains_whitespace,hangul;whitespace,True,
9786,merge, 곱,' 곱',4,2,20 ea b3 b1,1635,181,contains_whitespace,hangul;whitespace,True,
9787,merge,5점,'5점',4,2,35 ec a0 90,57,366,,digit;hangul,True,
9788,merge,크라,'크라',6,2,ed 81 ac eb 9d bc,600,1206,,hangul,True,
9789,merge,아의,'아의',6,2,ec 95 84 ec 9d 98,338,310,,hangul,True,
9790,merge, 또보고싶,' 또보고싶',13,5,20 eb 98 90 eb b3 b4 ea b3 a0 ec 8b b6,962,2367,contains_whitespace,hangul;whitespace,True,
9791,merge,유치하고,'유치하고',12,4,ec 9c a0 ec b9 98 ed 95 98 ea b3 a0,2327,437,,hangul,True,
9792,merge, 없는 영화,' 없는 영화',14,6,20 ec 97 86 eb 8a 94 20 ec 98 81 ed 99 94,409,537,contains_whitespace,hangul;whitespace,True,
9793,merge, 도와,' 도와',7,3,20 eb 8f 84 ec 99 80,997,509,contains_whitespace,hangul;whitespace,True,
9794,merge,\n추억,'\n추억',7,3,0a ec b6 94 ec 96 b5,5336,738,contains_whitespace;control_char,control;hangul;whitespace,True,
9795,merge, 짧게,' 짧게',7,3,20 ec a7 a7 ea b2 8c,3117,319,contains_whitespace,hangul;whitespace,True,
9796,merge, 이해못,' 이해못',10,4,20 ec 9d b4 ed 95 b4 eb aa bb,975,1052,contains_whitespace,hangul;whitespace,True,
9797,merge, 감독과,' 감독과',10,4,20 ea b0 90 eb 8f 85 ea b3 bc,741,441,contains_whitespace,hangul;whitespace,True,
9798,merge, 소통,' 소통',7,3,20 ec 86 8c ed 86 b5,658,1336,contains_whitespace,hangul;whitespace,True,
9799,merge,해져,'해져',6,2,ed 95 b4 ec a0 b8,355,952,,hangul,True,
9800,merge,실화를,'실화를',9,3,ec 8b a4 ed 99 94 eb a5 bc,604,3388,,hangul,True,
9801,merge,지섭,'지섭',6,2,ec a7 80 ec 84 ad,286,1503,,hangul,True,
9802,merge, 아~,' 아~',5,3,20 ec 95 84 7e,349,130,contains_whitespace,hangul;punct_symbol;whitespace,True,
9803,merge,쳐도,'쳐도',6,2,ec b3 90 eb 8f 84,1393,296,,hangul,True,
9804,merge, 전반적으로,' 전반적으로',16,6,20 ec a0 84 eb b0 98 ec a0 81 ec 9c bc eb a1 9c,6354,958,contains_whitespace,hangul;whitespace,True,
9805,merge,하니까,'하니까',9,3,ed 95 98 eb 8b 88 ea b9 8c,289,1302,,hangul,True,
9806,merge, 개콘,' 개콘',7,3,20 ea b0 9c ec bd 98,618,3395,contains_whitespace,hangul;whitespace,True,
9807,merge,에..,'에..',5,3,ec 97 90 2e 2e,300,266,,hangul;punct_symbol,True,
9808,merge,이영화는,'이영화는',12,4,ec 9d b4 ec 98 81 ed 99 94 eb 8a 94,267,1180,,hangul,True,
9809,merge, 혐,' 혐',4,2,20 ed 98 90,646,148,contains_whitespace,hangul;whitespace,True,
9810,merge,안타까,'안타까',9,3,ec 95 88 ed 83 80 ea b9 8c,5266,399,,hangul,True,
9811,merge,그랬,'그랬',6,2,ea b7 b8 eb 9e ac,460,2384,,hangul,True,
9812,merge, 망할,' 망할',7,3,20 eb a7 9d ed 95 a0,1200,478,contains_whitespace,hangul;whitespace,True,
9813,merge, 택,' 택',4,2,20 ed 83 9d,946,161,contains_whitespace,hangul;whitespace,True,
9814,merge, 떠오르,' 떠오르',10,4,20 eb 96 a0 ec 98 a4 eb a5 b4,5069,576,contains_whitespace,hangul;whitespace,True,
9815,merge, 반영,' 반영',7,3,20 eb b0 98 ec 98 81,804,791,contains_whitespace,hangul;whitespace,True,
9816,merge,하고자 하는,'하고자 하는',16,6,ed 95 98 ea b3 a0 ec 9e 90 20 ed 95 98 eb 8a 94,4932,1124,contains_whitespace,hangul;whitespace,True,
9817,merge,,b'\x88\xeb\x8d\x94\xeb\x9d\xbc\xeb\x8f\x84',10,0,88 eb 8d 94 eb 9d bc eb 8f 84,2146,1603,invalid_utf8,invalid_utf8,False,'utf-8' codec can't decode byte 0x88 in position 0: invalid start byte
9818,merge, 지금이나,' 지금이나',13,5,20 ec a7 80 ea b8 88 ec 9d b4 eb 82 98,1227,939,contains_whitespace,hangul;whitespace,True,
9819,merge, 땡,' 땡',4,2,20 eb 95 a1,2821,165,contains_whitespace,hangul;whitespace,True,
9820,merge, 훈훈한,' 훈훈한',10,4,20 ed 9b 88 ed 9b 88 ed 95 9c,3283,304,contains_whitespace,hangul;whitespace,True,
9821,merge,. ',""". '""",3,3,2e 20 27,1199,43,contains_whitespace,punct_symbol;whitespace,True,
9822,merge, 재미없다..,' 재미없다..',15,7,20 ec 9e ac eb af b8 ec 97 86 eb 8b a4 2e 2e,818,717,contains_whitespace,hangul;punct_symbol;whitespace,True,
9823,merge,영화인데,'영화인데',12,4,ec 98 81 ed 99 94 ec 9d b8 eb 8d b0,367,904,,hangul,True,
9824,merge,생각으로,'생각으로',12,4,ec 83 9d ea b0 81 ec 9c bc eb a1 9c,1349,432,,hangul,True,
9825,merge,cn,'cn',2,2,63 6e,103,114,,english,True,
9826,merge, 오래된,' 오래된',10,4,20 ec 98 a4 eb 9e 98 eb 90 9c,2187,931,contains_whitespace,hangul;whitespace,True,
9827,merge,썸,'썸',3,1,ec 8d b8,3310,188,,hangul,True,
9828,merge, 액션과,' 액션과',10,4,20 ec 95 a1 ec 85 98 ea b3 bc,936,441,contains_whitespace,hangul;whitespace,True,
9829,merge,은 영화.\n,'은 영화.\n',12,6,ec 9d 80 20 ec 98 81 ed 99 94 2e 0a,797,311,contains_whitespace;control_char,control;hangul;punct_symbol;whitespace,True,
9830,merge, 살린,' 살린',7,3,20 ec 82 b4 eb a6 b0,887,757,contains_whitespace,hangul;whitespace,True,
9831,merge, 치료,' 치료',7,3,20 ec b9 98 eb a3 8c,1430,2461,contains_whitespace,hangul;whitespace,True,
9832,merge,랩,'랩',3,1,eb 9e a9,375,173,,hangul,True,
9833,merge, 하정우,' 하정우',10,4,20 ed 95 98 ec a0 95 ec 9a b0,411,5091,contains_whitespace,hangul;whitespace,True,
9834,merge, 맙,' 맙',4,2,20 eb a7 99,323,157,contains_whitespace,hangul;whitespace,True,
9835,merge,곰,'곰',3,1,ea b3 b0,271,180,,hangul,True,
9836,merge,뮤지컬,'뮤지컬',9,3,eb ae a4 ec a7 80 ec bb ac,5561,4250,,hangul,True,
9837,merge,굳이,'굳이',6,2,ea b5 b3 ec 9d b4,2622,267,,hangul,True,
9838,merge, 만들어낸,' 만들어낸',13,5,20 eb a7 8c eb 93 a4 ec 96 b4 eb 82 b8,1312,1938,contains_whitespace,hangul;whitespace,True,
9839,merge, 느슨,' 느슨',7,3,20 eb 8a 90 ec 8a a8,609,888,contains_whitespace,hangul;whitespace,True,
9840,merge,죽박죽,'죽박죽',9,3,ec a3 bd eb b0 95 ec a3 bd,1526,9307,,hangul,True,
9841,merge,의 모든,'의 모든',10,4,ec 9d 98 20 eb aa a8 eb 93 a0,310,1410,contains_whitespace,hangul;whitespace,True,
9842,merge,,b' \xeb\x96\xa0\xec\x98',6,0,20 eb 96 a0 ec 98,1609,360,invalid_utf8,invalid_utf8,False,'utf-8' codec can't decode bytes in position 4-5: unexpected end of data
9843,merge,트와,'트와',6,2,ed 8a b8 ec 99 80,639,509,,hangul,True,
9844,merge,\n일,'\n일',4,2,0a ec 9d bc,14,518,contains_whitespace;control_char,control;hangul;whitespace,True,
9845,merge, 죽이고,' 죽이고',10,4,20 ec a3 bd ec 9d b4 ea b3 a0,932,1378,contains_whitespace,hangul;whitespace,True,
9846,merge, 버무,' 버무',7,3,20 eb b2 84 eb ac b4,1464,617,contains_whitespace,hangul;whitespace,True,
9847,merge, 델,' 델',4,2,20 eb 8d b8,507,188,contains_whitespace,hangul;whitespace,True,
9848,merge, 뭐고,' 뭐고',7,3,20 eb ad 90 ea b3 a0,723,277,contains_whitespace,hangul;whitespace,True,
9849,merge, 답답한,' 답답한',10,4,20 eb 8b b5 eb 8b b5 ed 95 9c,1930,304,contains_whitespace,hangul;whitespace,True,
9850,merge, 스토리..,' 스토리..',12,6,20 ec 8a a4 ed 86 a0 eb a6 ac 2e 2e,689,266,contains_whitespace,hangul;punct_symbol;whitespace,True,
9851,merge,생애,'생애',6,2,ec 83 9d ec 95 a0,592,798,,hangul,True,
9852,merge,으러,'으러',6,2,ec 9c bc eb 9f ac,378,552,,hangul,True,
9853,merge, 복선,' 복선',7,3,20 eb b3 b5 ec 84 a0,1915,731,contains_whitespace,hangul;whitespace,True,
9854,merge,best,'best',4,4,62 65 73 74,102,5269,,english,True,
9855,merge,여러분,'여러분',9,3,ec 97 ac eb 9f ac eb b6 84,6265,3955,,hangul,True,
9856,merge, 최악이다,' 최악이다',13,5,20 ec b5 9c ec 95 85 ec 9d b4 eb 8b a4,1036,1146,contains_whitespace,hangul;whitespace,True,
9857,merge, 시작해서,' 시작해서',13,5,20 ec 8b 9c ec 9e 91 ed 95 b4 ec 84 9c,1783,687,contains_whitespace,hangul;whitespace,True,
9858,merge,다소,'다소',6,2,eb 8b a4 ec 86 8c,268,595,,hangul,True,
9859,merge, 버리,' 버리',7,3,20 eb b2 84 eb a6 ac,1464,332,contains_whitespace,hangul;whitespace,True,
9860,merge,이 이렇게,'이 이렇게',13,5,ec 9d b4 20 ec 9d b4 eb a0 87 ea b2 8c,267,1062,contains_whitespace,hangul;whitespace,True,
9861,merge,다시 봐도,'다시 봐도',13,5,eb 8b a4 ec 8b 9c 20 eb b4 90 eb 8f 84,1638,1445,contains_whitespace,hangul;whitespace,True,
9862,merge,zzzz,'zzzz',4,4,7a 7a 7a 7a,4469,4469,repeated_run,english,True,
9863,merge,준다,'준다',6,2,ec a4 80 eb 8b a4,657,268,,hangul,True,
9864,merge, 불러일으,' 불러일으',13,5,20 eb b6 88 eb 9f ac ec 9d bc ec 9c bc,6025,9323,contains_whitespace,hangul;whitespace,True,
9865,merge, 입니다.,' 입니다.',11,5,20 ec 9e 85 eb 8b 88 eb 8b a4 2e,1655,2084,contains_whitespace,hangul;punct_symbol;whitespace,True,
9866,merge, 미션,' 미션',7,3,20 eb af b8 ec 85 98,672,651,contains_whitespace,hangul;whitespace,True,
9867,merge, 어떠,' 어떠',7,3,20 ec 96 b4 eb 96 a0,1133,164,contains_whitespace,hangul;whitespace,True,
9868,merge,을 수 없는,'을 수 없는',14,6,ec 9d 84 20 ec 88 98 20 ec 97 86 eb 8a 94,318,2727,contains_whitespace,hangul;whitespace,True,
9869,merge,없는데,'없는데',9,3,ec 97 86 eb 8a 94 eb 8d b0,401,393,,hangul,True,
9870,merge,허허,'허허',6,2,ed 97 88 ed 97 88,1602,1602,,hangul,True,
9871,merge,아주아주,'아주아주',12,4,ec 95 84 ec a3 bc ec 95 84 ec a3 bc,2649,2649,,hangul,True,
9872,merge,,b'..\n\xec\xa1',5,0,2e 2e 0a ec a1,1328,165,invalid_utf8,invalid_utf8,False,'utf-8' codec can't decode bytes in position 3-4: unexpected end of data
9873,merge, 재미없음\n,' 재미없음\n',14,6,20 ec 9e ac eb af b8 ec 97 86 ec 9d 8c 0a,818,957,contains_whitespace;control_char,control;hangul;whitespace,True,
9874,merge,에 다,'에 다',7,3,ec 97 90 20 eb 8b a4,300,416,contains_whitespace,hangul;whitespace,True,
9875,merge, 차분,' 차분',7,3,20 ec b0 a8 eb b6 84,1185,546,contains_whitespace,hangul;whitespace,True,
9876,merge, 막장드라마,' 막장드라마',16,6,20 eb a7 89 ec 9e a5 eb 93 9c eb 9d bc eb a7 88,1962,1214,contains_whitespace,hangul;whitespace,True,
9877,merge, 현실적이고,' 현실적이고',16,6,20 ed 98 84 ec 8b a4 ec a0 81 ec 9d b4 ea b3 a0,1271,1762,contains_whitespace,hangul;whitespace,True,
9878,merge, 적당한,' 적당한',10,4,20 ec a0 81 eb 8b b9 ed 95 9c,1291,3049,contains_whitespace,hangul;whitespace,True,
9879,merge, 칭찬,' 칭찬',7,3,20 ec b9 ad ec b0 ac,5519,2055,contains_whitespace,hangul;whitespace,True,
9880,merge,이건 뭐,'이건 뭐',10,4,ec 9d b4 ea b1 b4 20 eb ad 90,1618,723,contains_whitespace,hangul;whitespace,True,
9881,merge,무니,'무니',6,2,eb ac b4 eb 8b 88,617,336,,hangul,True,
9882,merge,♥♥♥\n,'♥♥♥\n',10,4,e2 99 a5 e2 99 a5 e2 99 a5 0a,1963,2481,contains_whitespace;control_char;repeated_run,control;punct_symbol;whitespace,True,
9883,merge, H,' H',2,2,20 48,36,76,contains_whitespace,english;whitespace,True,
9884,merge,저질,'저질',6,2,ec a0 80 ec a7 88,667,869,,hangul,True,
9885,merge, 시간아깝,' 시간아깝',13,5,20 ec 8b 9c ea b0 84 ec 95 84 ea b9 9d,897,1904,contains_whitespace,hangul;whitespace,True,
9886,merge,--------,'--------',8,8,2d 2d 2d 2d 2d 2d 2d 2d,5161,5161,repeated_run,punct_symbol,True,
9887,merge,,b'\xe2\x97',2,0,e2 97,230,155,invalid_utf8,invalid_utf8,False,'utf-8' codec can't decode bytes in position 0-1: unexpected end of data
9888,merge, 아바타,' 아바타',10,4,20 ec 95 84 eb b0 94 ed 83 80,349,7461,contains_whitespace,hangul;whitespace,True,
9889,merge, 고 고,' 고 고',8,4,20 ea b3 a0 20 ea b3 a0,813,813,contains_whitespace,hangul;whitespace,True,
9890,merge,야야야야,'야야야야',12,4,ec 95 bc ec 95 bc ec 95 bc ec 95 bc,5420,5420,repeated_run,hangul,True,
9891,merge,hhhh,'hhhh',4,4,68 68 68 68,5565,5565,repeated_run,english,True,
9892,merge, 보게된,' 보게된',10,4,20 eb b3 b4 ea b2 8c eb 90 9c,1768,931,contains_whitespace,hangul;whitespace,True,
9893,merge, 가야,' 가야',7,3,20 ea b0 80 ec 95 bc,485,412,contains_whitespace,hangul;whitespace,True,
9894,merge, 말이 필요없,' 말이 필요없',17,7,20 eb a7 90 ec 9d b4 20 ed 95 84 ec 9a 94 ec 97 86,3643,401,contains_whitespace,hangul;whitespace,True,
9895,merge,원래,'원래',6,2,ec 9b 90 eb 9e 98,736,525,,hangul,True,
9896,merge,랑 비교,'랑 비교',10,4,eb 9e 91 20 eb b9 84 ea b5 90,766,2261,contains_whitespace,hangul;whitespace,True,
9897,merge, 맡은,' 맡은',7,3,20 eb a7 a1 ec 9d 80,5289,313,contains_whitespace,hangul;whitespace,True,
9898,merge, 2014년,' 2014년',8,6,20 32 30 31 34 eb 85 84,6201,3905,contains_whitespace,digit;hangul;whitespace,True,
9899,merge,이란게,'이란게',9,3,ec 9d b4 eb 9e 80 ea b2 8c,1591,319,,hangul,True,
9900,merge,그럴,'그럴',6,2,ea b7 b8 eb 9f b4,460,2242,,hangul,True,
9901,merge, 멋있는,' 멋있는',10,4,20 eb a9 8b ec 9e 88 eb 8a 94,1063,1120,contains_whitespace,hangul;whitespace,True,
9902,merge, 걷,' 걷',4,2,20 ea b1 b7,567,187,contains_whitespace,hangul;whitespace,True,
9903,merge, 재밌었다.\n,' 재밌었다.\n',15,7,20 ec 9e ac eb b0 8c ec 97 88 eb 8b a4 2e 0a,521,1743,contains_whitespace;control_char,control;hangul;punct_symbol;whitespace,True,
9904,merge, 인상적,' 인상적',10,4,20 ec 9d b8 ec 83 81 ec a0 81,1853,417,contains_whitespace,hangul;whitespace,True,
9905,merge,봐요,'봐요',6,2,eb b4 90 ec 9a 94,898,326,,hangul,True,
9906,merge, 국가,' 국가',7,3,20 ea b5 ad ea b0 80,2019,290,contains_whitespace,hangul;whitespace,True,
9907,merge,터리,'터리',6,2,ed 84 b0 eb a6 ac,547,332,,hangul,True,
9908,merge,->,'->',2,2,2d 3e,49,66,,punct_symbol,True,
9909,merge,하는것도,'하는것도',12,4,ed 95 98 eb 8a 94 ea b2 83 eb 8f 84,504,1173,,hangul,True,
9910,merge,op,'op',2,2,6f 70,115,116,,english,True,
9911,merge,... 그리고,'... 그리고',13,7,2e 2e 2e 20 ea b7 b8 eb a6 ac ea b3 a0,373,1060,contains_whitespace;repeated_run,hangul;punct_symbol;whitespace,True,
9912,merge, 네티즌,' 네티즌',10,4,20 eb 84 a4 ed 8b b0 ec a6 8c,2096,6875,contains_whitespace,hangul;whitespace,True,
9913,merge, 영화치고,' 영화치고',13,5,20 ec 98 81 ed 99 94 ec b9 98 ea b3 a0,305,2044,contains_whitespace,hangul;whitespace,True,
9914,merge,러네,'러네',6,2,eb 9f ac eb 84 a4,1471,865,,hangul,True,
9915,merge,생각을,'생각을',9,3,ec 83 9d ea b0 81 ec 9d 84,1349,318,,hangul,True,
9916,merge, 강렬한,' 강렬한',10,4,20 ea b0 95 eb a0 ac ed 95 9c,5303,304,contains_whitespace,hangul;whitespace,True,
9917,merge, 땀,' 땀',4,2,20 eb 95 80,2821,132,contains_whitespace,hangul;whitespace,True,
9918,merge,롭게,'롭게',6,2,eb a1 ad ea b2 8c,2306,319,,hangul,True,
9919,merge, 가히,' 가히',7,3,20 ea b0 80 ed 9e 88,485,503,contains_whitespace,hangul;whitespace,True,
9920,merge,.. 아,'.. 아',6,4,2e 2e 20 ec 95 84,266,349,contains_whitespace,hangul;punct_symbol;whitespace,True,
9921,merge, 따라가,' 따라가',10,4,20 eb 94 b0 eb 9d bc ea b0 80,2117,290,contains_whitespace,hangul;whitespace,True,
9922,merge,봄.,'봄.',4,2,eb b4 84 2e,2210,50,,hangul;punct_symbol,True,
9923,merge,,b'\x99\xed\x95\xa9',4,0,99 ed 95 a9,157,2003,invalid_utf8,invalid_utf8,False,'utf-8' codec can't decode byte 0x99 in position 0: invalid start byte
9924,merge, 락,' 락',4,2,20 eb 9d bd,4265,193,contains_whitespace,hangul;whitespace,True,
9925,merge,형이,'형이',6,2,ed 98 95 ec 9d b4,1116,267,,hangul,True,
9926,merge,...영화,'...영화',9,5,2e 2e 2e ec 98 81 ed 99 94,373,367,repeated_run,hangul;punct_symbol,True,
9927,merge,,b'\xeb\x8b\xa4\n\xec\x96',6,0,eb 8b a4 0a ec 96,806,154,invalid_utf8,invalid_utf8,False,'utf-8' codec can't decode bytes in position 4-5: unexpected end of data
9928,merge,보았,'보았',6,2,eb b3 b4 ec 95 98,374,467,,hangul,True,
9929,merge, 흠잡,' 흠잡',7,3,20 ed 9d a0 ec 9e a1,3980,1414,contains_whitespace,hangul;whitespace,True,
9930,merge, 본사람,' 본사람',10,4,20 eb b3 b8 ec 82 ac eb 9e 8c,619,1145,contains_whitespace,hangul;whitespace,True,
9931,merge, 드물,' 드물',7,3,20 eb 93 9c eb ac bc,585,745,contains_whitespace,hangul;whitespace,True,
9932,merge,킬링,'킬링',6,2,ed 82 ac eb a7 81,763,1723,,hangul,True,
9933,merge, 본 영화 중,' 본 영화 중',15,7,20 eb b3 b8 20 ec 98 81 ed 99 94 20 ec a4 91,1660,729,contains_whitespace,hangul;whitespace,True,
9934,merge,났는데,'났는데',9,3,eb 82 ac eb 8a 94 eb 8d b0,1718,393,,hangul,True,
9935,merge, 호불호가,' 호불호가',13,5,20 ed 98 b8 eb b6 88 ed 98 b8 ea b0 80,8843,4765,contains_whitespace,hangul;whitespace,True,
9936,merge,을 놓,'을 놓',7,3,ec 9d 84 20 eb 86 93,318,2439,contains_whitespace,hangul;whitespace,True,
9937,merge, 공허,' 공허',7,3,20 ea b3 b5 ed 97 88,744,1602,contains_whitespace,hangul;whitespace,True,
9938,merge, 웅,' 웅',4,2,20 ec 9b 85,565,137,contains_whitespace,hangul;whitespace,True,
9939,merge,의 관계,'의 관계',10,4,ec 9d 98 20 ea b4 80 ea b3 84,310,3066,contains_whitespace,hangul;whitespace,True,
9940,merge, is,' is',3,3,20 69 73,36,4124,contains_whitespace,english;whitespace,True,
9941,merge,hat,'hat',3,3,68 61 74,108,4271,,english,True,
9942,merge,,b'\x94\xa8',2,0,94 a8,152,172,invalid_utf8,invalid_utf8,False,'utf-8' codec can't decode byte 0x94 in position 0: invalid start byte
9943,merge,... 그냥,'... 그냥',10,6,2e 2e 2e 20 ea b7 b8 eb 83 a5,373,848,contains_whitespace;repeated_run,hangul;punct_symbol;whitespace,True,
9944,merge,,b'\xea\xba',2,0,ea ba,238,190,invalid_utf8,invalid_utf8,False,'utf-8' codec can't decode bytes in position 0-1: unexpected end of data
9945,merge, 장국영,' 장국영',10,4,20 ec 9e a5 ea b5 ad ec 98 81,8091,791,contains_whitespace,hangul;whitespace,True,
9946,merge,하지 않았,'하지 않았',13,5,ed 95 98 ec a7 80 20 ec 95 8a ec 95 98,1654,467,contains_whitespace,hangul;whitespace,True,
9947,merge,할 뿐,'할 뿐',7,3,ed 95 a0 20 eb bf 90,478,1993,contains_whitespace,hangul;whitespace,True,
9948,merge,\n왠지,'\n왠지',7,3,0a ec 99 a0 ec a7 80,5064,286,contains_whitespace;control_char,control;hangul;whitespace,True,
9949,merge, 감성이,' 감성이',10,4,20 ea b0 90 ec 84 b1 ec 9d b4,808,1676,contains_whitespace,hangul;whitespace,True,
9950,merge,들이 다,'들이 다',10,4,eb 93 a4 ec 9d b4 20 eb 8b a4,593,416,contains_whitespace,hangul;whitespace,True,
9951,merge, 제시카,' 제시카',10,4,20 ec a0 9c ec 8b 9c ec b9 b4,607,5732,contains_whitespace,hangul;whitespace,True,
9952,merge,보다 훨,'보다 훨',10,4,eb b3 b4 eb 8b a4 20 ed 9b a8,691,1879,contains_whitespace,hangul;whitespace,True,
9953,merge, 흡입력,' 흡입력',10,4,20 ed 9d a1 ec 9e 85 eb a0 a5,7757,591,contains_whitespace,hangul;whitespace,True,
9954,merge, 버전,' 버전',7,3,20 eb b2 84 ec a0 84,684,790,contains_whitespace,hangul;whitespace,True,
9955,merge, 한심한,' 한심한',10,4,20 ed 95 9c ec 8b ac ed 95 9c,3440,304,contains_whitespace,hangul;whitespace,True,
9956,merge,기전에,'기전에',9,3,ea b8 b0 ec a0 84 ec 97 90,303,1663,,hangul,True,
9957,merge, 그당시,' 그당시',10,4,20 ea b7 b8 eb 8b b9 ec 8b 9c,359,2418,contains_whitespace,hangul;whitespace,True,
9958,merge,의 경,'의 경',7,3,ec 9d 98 20 ea b2 bd,310,1525,contains_whitespace,hangul;whitespace,True,
9959,merge, 형사,' 형사',7,3,20 ed 98 95 ec 82 ac,1793,544,contains_whitespace,hangul;whitespace,True,
9960,merge, 신념,' 신념',7,3,20 ec 8b a0 eb 85 90,889,2524,contains_whitespace,hangul;whitespace,True,
9961,merge, 단연 최고,' 단연 최고',14,6,20 eb 8b a8 ec 97 b0 20 ec b5 9c ea b3 a0,4776,599,contains_whitespace,hangul;whitespace,True,
9962,merge,원의,'원의',6,2,ec 9b 90 ec 9d 98,736,310,,hangul,True,
9963,merge, 자격,' 자격',7,3,20 ec 9e 90 ea b2 a9,612,1102,contains_whitespace,hangul;whitespace,True,
9964,merge, 아이언맨,' 아이언맨',13,5,20 ec 95 84 ec 9d b4 ec 96 b8 eb a7 a8,7760,1040,contains_whitespace,hangul;whitespace,True,
9965,merge, 어이가,' 어이가',10,4,20 ec 96 b4 ec 9d b4 ea b0 80,455,1692,contains_whitespace,hangul;whitespace,True,
9966,merge, 다섯,' 다섯',7,3,20 eb 8b a4 ec 84 af,416,6049,contains_whitespace,hangul;whitespace,True,
9967,merge,에서나,'에서나',9,3,ec 97 90 ec 84 9c eb 82 98,463,320,,hangul,True,
9968,merge, 지루함을,' 지루함을',13,5,20 ec a7 80 eb a3 a8 ed 95 a8 ec 9d 84,720,2133,contains_whitespace,hangul;whitespace,True,
9969,merge,\n원래,'\n원래',7,3,0a ec 9b 90 eb 9e 98,2199,525,contains_whitespace;control_char,control;hangul;whitespace,True,
9970,merge,하는 모습,'하는 모습',13,5,ed 95 98 eb 8a 94 20 eb aa a8 ec 8a b5,504,1542,contains_whitespace,hangul;whitespace,True,
9971,merge,를 하,'를 하',7,3,eb a5 bc 20 ed 95 98,382,411,contains_whitespace,hangul;whitespace,True,
9972,merge, 어벤져스,' 어벤져스',13,5,20 ec 96 b4 eb b2 a4 ec a0 b8 ec 8a a4,455,9402,contains_whitespace,hangul;whitespace,True,
9973,merge,앞에,'앞에',6,2,ec 95 9e ec 97 90,2688,300,,hangul,True,
9974,merge, 개노잼,' 개노잼',10,4,20 ea b0 9c eb 85 b8 ec 9e bc,618,1913,contains_whitespace,hangul;whitespace,True,
9975,merge, 안타까움,' 안타까움',13,5,20 ec 95 88 ed 83 80 ea b9 8c ec 9b 80,3096,894,contains_whitespace,hangul;whitespace,True,
9976,merge,\n굿,'\n굿',4,2,0a ea b5 bf,14,1335,contains_whitespace;control_char,control;hangul;whitespace,True,
9977,merge, 재미있어,' 재미있어',13,5,20 ec 9e ac eb af b8 ec 9e 88 ec 96 b4,771,327,contains_whitespace,hangul;whitespace,True,
9978,merge,놈들이,'놈들이',9,3,eb 86 88 eb 93 a4 ec 9d b4,1951,593,,hangul,True,
9979,merge,보다 못한,'보다 못한',13,5,eb b3 b4 eb 8b a4 20 eb aa bb ed 95 9c,691,2947,contains_whitespace,hangul;whitespace,True,
9980,merge,은 있,'은 있',7,3,ec 9d 80 20 ec 9e 88,313,431,contains_whitespace,hangul;whitespace,True,
9981,merge,\n주연,'\n주연',7,3,0a ec a3 bc ec 97 b0,2175,483,contains_whitespace;control_char,control;hangul;whitespace,True,
9982,merge, 똑똑,' 똑똑',7,3,20 eb 98 91 eb 98 91,2485,5060,contains_whitespace,hangul;whitespace,True,
9983,merge,크레딧,'크레딧',9,3,ed 81 ac eb a0 88 eb 94 a7,600,7173,,hangul,True,
9984,merge,"하지만,","'하지만,'",10,4,ed 95 98 ec a7 80 eb a7 8c 2c,1187,48,,hangul;punct_symbol,True,
9985,merge,\n중간에,'\n중간에',10,4,0a ec a4 91 ea b0 84 ec 97 90,2933,5456,contains_whitespace;control_char,control;hangul;whitespace,True,
9986,merge, 최근에,' 최근에',10,4,20 ec b5 9c ea b7 bc ec 97 90,4973,300,contains_whitespace,hangul;whitespace,True,
9987,merge,\n생,'\n생',4,2,0a ec 83 9d,1922,161,contains_whitespace;control_char,control;hangul;whitespace,True,
9988,merge, 제니퍼,' 제니퍼',10,4,20 ec a0 9c eb 8b 88 ed 8d bc,607,6237,contains_whitespace,hangul;whitespace,True,
9989,merge,다크,'다크',6,2,eb 8b a4 ed 81 ac,268,1219,,hangul,True,
9990,merge, 파워레인,' 파워레인',13,5,20 ed 8c 8c ec 9b 8c eb a0 88 ec 9d b8,8094,7475,contains_whitespace,hangul;whitespace,True,
9991,merge,밑,'밑',3,1,eb b0 91,363,149,,hangul,True,
9992,merge, 낚였,' 낚였',7,3,20 eb 82 9a ec 98 80,2005,641,contains_whitespace,hangul;whitespace,True,
9993,merge, 옆에,' 옆에',7,3,20 ec 98 86 ec 97 90,5205,300,contains_whitespace,hangul;whitespace,True,
9994,merge, 영화~,' 영화~',8,4,20 ec 98 81 ed 99 94 7e,305,130,contains_whitespace,hangul;punct_symbol;whitespace,True,
9995,merge,쥬얼,'쥬얼',6,2,ec a5 ac ec 96 bc,6241,1498,,hangul,True,
9996,merge,\n쓸,'\n쓸',4,2,0a ec 93 b8,353,1699,contains_whitespace;control_char,control;hangul;whitespace,True,
9997,merge,니스,'니스',6,2,eb 8b 88 ec 8a a4,336,371,,hangul,True,
9998,merge,라는거,'라는거',9,3,eb 9d bc eb 8a 94 ea b1 b0,330,1041,,hangul,True,
9999,merge,의 추억,'의 추억',10,4,ec 9d 98 20 ec b6 94 ec 96 b5,310,2041,contains_whitespace,hangul;whitespace,True,
